--
-- PostgreSQL database dump
--

-- Dumped from database version 16.4
-- Dumped by pg_dump version 17.0 (Ubuntu 17.0-1.pgdg20.04+1)

SET statement_timeout = 0;
SET lock_timeout = 0;
SET idle_in_transaction_session_timeout = 0;
SET transaction_timeout = 0;
SET client_encoding = 'UTF8';
SET standard_conforming_strings = on;
SELECT pg_catalog.set_config('search_path', '', false);
SET check_function_bodies = false;
SET xmloption = content;
SET client_min_messages = warning;
SET row_security = off;

SET default_tablespace = '';

SET default_table_access_method = heap;

--
-- Name: accounts_customuser; Type: TABLE; Schema: public; Owner: postgres
--

CREATE TABLE public.accounts_customuser (
    id bigint NOT NULL,
    password character varying(128) NOT NULL,
    last_login timestamp with time zone,
    is_superuser boolean NOT NULL,
    username character varying(150) NOT NULL,
    first_name character varying(150) NOT NULL,
    last_name character varying(150) NOT NULL,
    email character varying(254) NOT NULL,
    is_staff boolean NOT NULL,
    is_active boolean NOT NULL,
    date_joined timestamp with time zone NOT NULL,
    is_admin boolean NOT NULL,
    profile_picture_id bigint,
    organization_id bigint,
    removed boolean NOT NULL
);


ALTER TABLE public.accounts_customuser OWNER TO postgres;

--
-- Name: accounts_customuser_groups; Type: TABLE; Schema: public; Owner: postgres
--

CREATE TABLE public.accounts_customuser_groups (
    id bigint NOT NULL,
    customuser_id bigint NOT NULL,
    group_id integer NOT NULL
);


ALTER TABLE public.accounts_customuser_groups OWNER TO postgres;

--
-- Name: accounts_customuser_groups_id_seq; Type: SEQUENCE; Schema: public; Owner: postgres
--

ALTER TABLE public.accounts_customuser_groups ALTER COLUMN id ADD GENERATED BY DEFAULT AS IDENTITY (
    SEQUENCE NAME public.accounts_customuser_groups_id_seq
    START WITH 1
    INCREMENT BY 1
    NO MINVALUE
    NO MAXVALUE
    CACHE 1
);


--
-- Name: accounts_customuser_id_seq; Type: SEQUENCE; Schema: public; Owner: postgres
--

ALTER TABLE public.accounts_customuser ALTER COLUMN id ADD GENERATED BY DEFAULT AS IDENTITY (
    SEQUENCE NAME public.accounts_customuser_id_seq
    START WITH 1
    INCREMENT BY 1
    NO MINVALUE
    NO MAXVALUE
    CACHE 1
);


--
-- Name: accounts_customuser_user_permissions; Type: TABLE; Schema: public; Owner: postgres
--

CREATE TABLE public.accounts_customuser_user_permissions (
    id bigint NOT NULL,
    customuser_id bigint NOT NULL,
    permission_id integer NOT NULL
);


ALTER TABLE public.accounts_customuser_user_permissions OWNER TO postgres;

--
-- Name: accounts_customuser_user_permissions_id_seq; Type: SEQUENCE; Schema: public; Owner: postgres
--

ALTER TABLE public.accounts_customuser_user_permissions ALTER COLUMN id ADD GENERATED BY DEFAULT AS IDENTITY (
    SEQUENCE NAME public.accounts_customuser_user_permissions_id_seq
    START WITH 1
    INCREMENT BY 1
    NO MINVALUE
    NO MAXVALUE
    CACHE 1
);


--
-- Name: accounts_organization; Type: TABLE; Schema: public; Owner: postgres
--

CREATE TABLE public.accounts_organization (
    id bigint NOT NULL,
    name character varying(255) NOT NULL,
    created_on timestamp with time zone NOT NULL,
    profile_picture_id bigint,
    removed boolean NOT NULL
);


ALTER TABLE public.accounts_organization OWNER TO postgres;

--
-- Name: accounts_organization_id_seq; Type: SEQUENCE; Schema: public; Owner: postgres
--

ALTER TABLE public.accounts_organization ALTER COLUMN id ADD GENERATED BY DEFAULT AS IDENTITY (
    SEQUENCE NAME public.accounts_organization_id_seq
    START WITH 1
    INCREMENT BY 1
    NO MINVALUE
    NO MAXVALUE
    CACHE 1
);


--
-- Name: annotation_annotation; Type: TABLE; Schema: public; Owner: postgres
--

CREATE TABLE public.annotation_annotation (
    id bigint NOT NULL,
    name character varying(255) NOT NULL,
    created_on timestamp with time zone NOT NULL,
    updated_on timestamp with time zone NOT NULL,
    form_data jsonb NOT NULL,
    removed boolean NOT NULL,
    annotator_id bigint NOT NULL,
    form_template_id bigint,
    location_id bigint NOT NULL,
    coordinates_id bigint NOT NULL
);


ALTER TABLE public.annotation_annotation OWNER TO postgres;

--
-- Name: annotation_annotation_id_seq; Type: SEQUENCE; Schema: public; Owner: postgres
--

ALTER TABLE public.annotation_annotation ALTER COLUMN id ADD GENERATED BY DEFAULT AS IDENTITY (
    SEQUENCE NAME public.annotation_annotation_id_seq
    START WITH 1
    INCREMENT BY 1
    NO MINVALUE
    NO MAXVALUE
    CACHE 1
);


--
-- Name: annotation_annotationform; Type: TABLE; Schema: public; Owner: postgres
--

CREATE TABLE public.annotation_annotationform (
    id bigint NOT NULL,
    form_data jsonb NOT NULL,
    created_on timestamp with time zone NOT NULL,
    updated_on timestamp with time zone NOT NULL,
    removed boolean NOT NULL,
    name character varying(255) NOT NULL
);


ALTER TABLE public.annotation_annotationform OWNER TO postgres;

--
-- Name: annotation_annotationform_id_seq; Type: SEQUENCE; Schema: public; Owner: postgres
--

ALTER TABLE public.annotation_annotationform ALTER COLUMN id ADD GENERATED BY DEFAULT AS IDENTITY (
    SEQUENCE NAME public.annotation_annotationform_id_seq
    START WITH 1
    INCREMENT BY 1
    NO MINVALUE
    NO MAXVALUE
    CACHE 1
);


--
-- Name: annotation_annotationimage; Type: TABLE; Schema: public; Owner: postgres
--

CREATE TABLE public.annotation_annotationimage (
    id bigint NOT NULL,
    annotation_id bigint NOT NULL,
    file_id bigint NOT NULL
);


ALTER TABLE public.annotation_annotationimage OWNER TO postgres;

--
-- Name: annotation_annotationimage_id_seq; Type: SEQUENCE; Schema: public; Owner: postgres
--

ALTER TABLE public.annotation_annotationimage ALTER COLUMN id ADD GENERATED BY DEFAULT AS IDENTITY (
    SEQUENCE NAME public.annotation_annotationimage_id_seq
    START WITH 1
    INCREMENT BY 1
    NO MINVALUE
    NO MAXVALUE
    CACHE 1
);


--
-- Name: annotation_coordinates; Type: TABLE; Schema: public; Owner: postgres
--

CREATE TABLE public.annotation_coordinates (
    id bigint NOT NULL,
    latitude character varying(255) NOT NULL,
    longitude character varying(255) NOT NULL,
    removed boolean NOT NULL
);


ALTER TABLE public.annotation_coordinates OWNER TO postgres;

--
-- Name: annotation_coordinates_id_seq; Type: SEQUENCE; Schema: public; Owner: postgres
--

ALTER TABLE public.annotation_coordinates ALTER COLUMN id ADD GENERATED BY DEFAULT AS IDENTITY (
    SEQUENCE NAME public.annotation_coordinates_id_seq
    START WITH 1
    INCREMENT BY 1
    NO MINVALUE
    NO MAXVALUE
    CACHE 1
);


--
-- Name: annotation_file; Type: TABLE; Schema: public; Owner: postgres
--

CREATE TABLE public.annotation_file (
    id bigint NOT NULL,
    url character varying(200) NOT NULL,
    created_on timestamp with time zone NOT NULL,
    removed boolean NOT NULL
);


ALTER TABLE public.annotation_file OWNER TO postgres;

--
-- Name: annotation_file_id_seq; Type: SEQUENCE; Schema: public; Owner: postgres
--

ALTER TABLE public.annotation_file ALTER COLUMN id ADD GENERATED BY DEFAULT AS IDENTITY (
    SEQUENCE NAME public.annotation_file_id_seq
    START WITH 1
    INCREMENT BY 1
    NO MINVALUE
    NO MAXVALUE
    CACHE 1
);


--
-- Name: annotation_location; Type: TABLE; Schema: public; Owner: postgres
--

CREATE TABLE public.annotation_location (
    id bigint NOT NULL,
    data jsonb NOT NULL,
    removed boolean NOT NULL,
    end_coordinates_id bigint NOT NULL,
    start_coordinates_id bigint NOT NULL,
    accessibility_score numeric(3,2),
    adjacent_street character varying(255),
    anchor character varying(50) NOT NULL,
    results jsonb
);


ALTER TABLE public.annotation_location OWNER TO postgres;

--
-- Name: annotation_location_id_seq; Type: SEQUENCE; Schema: public; Owner: postgres
--

ALTER TABLE public.annotation_location ALTER COLUMN id ADD GENERATED BY DEFAULT AS IDENTITY (
    SEQUENCE NAME public.annotation_location_id_seq
    START WITH 1
    INCREMENT BY 1
    NO MINVALUE
    NO MAXVALUE
    CACHE 1
);


--
-- Name: auth_group; Type: TABLE; Schema: public; Owner: postgres
--

CREATE TABLE public.auth_group (
    id integer NOT NULL,
    name character varying(150) NOT NULL
);


ALTER TABLE public.auth_group OWNER TO postgres;

--
-- Name: auth_group_id_seq; Type: SEQUENCE; Schema: public; Owner: postgres
--

ALTER TABLE public.auth_group ALTER COLUMN id ADD GENERATED BY DEFAULT AS IDENTITY (
    SEQUENCE NAME public.auth_group_id_seq
    START WITH 1
    INCREMENT BY 1
    NO MINVALUE
    NO MAXVALUE
    CACHE 1
);


--
-- Name: auth_group_permissions; Type: TABLE; Schema: public; Owner: postgres
--

CREATE TABLE public.auth_group_permissions (
    id bigint NOT NULL,
    group_id integer NOT NULL,
    permission_id integer NOT NULL
);


ALTER TABLE public.auth_group_permissions OWNER TO postgres;

--
-- Name: auth_group_permissions_id_seq; Type: SEQUENCE; Schema: public; Owner: postgres
--

ALTER TABLE public.auth_group_permissions ALTER COLUMN id ADD GENERATED BY DEFAULT AS IDENTITY (
    SEQUENCE NAME public.auth_group_permissions_id_seq
    START WITH 1
    INCREMENT BY 1
    NO MINVALUE
    NO MAXVALUE
    CACHE 1
);


--
-- Name: auth_permission; Type: TABLE; Schema: public; Owner: postgres
--

CREATE TABLE public.auth_permission (
    id integer NOT NULL,
    name character varying(255) NOT NULL,
    content_type_id integer NOT NULL,
    codename character varying(100) NOT NULL
);


ALTER TABLE public.auth_permission OWNER TO postgres;

--
-- Name: auth_permission_id_seq; Type: SEQUENCE; Schema: public; Owner: postgres
--

ALTER TABLE public.auth_permission ALTER COLUMN id ADD GENERATED BY DEFAULT AS IDENTITY (
    SEQUENCE NAME public.auth_permission_id_seq
    START WITH 1
    INCREMENT BY 1
    NO MINVALUE
    NO MAXVALUE
    CACHE 1
);


--
-- Name: django_admin_log; Type: TABLE; Schema: public; Owner: postgres
--

CREATE TABLE public.django_admin_log (
    id integer NOT NULL,
    action_time timestamp with time zone NOT NULL,
    object_id text,
    object_repr character varying(200) NOT NULL,
    action_flag smallint NOT NULL,
    change_message text NOT NULL,
    content_type_id integer,
    user_id bigint NOT NULL,
    CONSTRAINT django_admin_log_action_flag_check CHECK ((action_flag >= 0))
);


ALTER TABLE public.django_admin_log OWNER TO postgres;

--
-- Name: django_admin_log_id_seq; Type: SEQUENCE; Schema: public; Owner: postgres
--

ALTER TABLE public.django_admin_log ALTER COLUMN id ADD GENERATED BY DEFAULT AS IDENTITY (
    SEQUENCE NAME public.django_admin_log_id_seq
    START WITH 1
    INCREMENT BY 1
    NO MINVALUE
    NO MAXVALUE
    CACHE 1
);


--
-- Name: django_content_type; Type: TABLE; Schema: public; Owner: postgres
--

CREATE TABLE public.django_content_type (
    id integer NOT NULL,
    app_label character varying(100) NOT NULL,
    model character varying(100) NOT NULL
);


ALTER TABLE public.django_content_type OWNER TO postgres;

--
-- Name: django_content_type_id_seq; Type: SEQUENCE; Schema: public; Owner: postgres
--

ALTER TABLE public.django_content_type ALTER COLUMN id ADD GENERATED BY DEFAULT AS IDENTITY (
    SEQUENCE NAME public.django_content_type_id_seq
    START WITH 1
    INCREMENT BY 1
    NO MINVALUE
    NO MAXVALUE
    CACHE 1
);


--
-- Name: django_migrations; Type: TABLE; Schema: public; Owner: postgres
--

CREATE TABLE public.django_migrations (
    id bigint NOT NULL,
    app character varying(255) NOT NULL,
    name character varying(255) NOT NULL,
    applied timestamp with time zone NOT NULL
);


ALTER TABLE public.django_migrations OWNER TO postgres;

--
-- Name: django_migrations_id_seq; Type: SEQUENCE; Schema: public; Owner: postgres
--

ALTER TABLE public.django_migrations ALTER COLUMN id ADD GENERATED BY DEFAULT AS IDENTITY (
    SEQUENCE NAME public.django_migrations_id_seq
    START WITH 1
    INCREMENT BY 1
    NO MINVALUE
    NO MAXVALUE
    CACHE 1
);


--
-- Name: django_session; Type: TABLE; Schema: public; Owner: postgres
--

CREATE TABLE public.django_session (
    session_key character varying(40) NOT NULL,
    session_data text NOT NULL,
    expire_date timestamp with time zone NOT NULL
);


ALTER TABLE public.django_session OWNER TO postgres;

--
-- Name: token_blacklist_blacklistedtoken; Type: TABLE; Schema: public; Owner: postgres
--

CREATE TABLE public.token_blacklist_blacklistedtoken (
    id bigint NOT NULL,
    blacklisted_at timestamp with time zone NOT NULL,
    token_id bigint NOT NULL
);


ALTER TABLE public.token_blacklist_blacklistedtoken OWNER TO postgres;

--
-- Name: token_blacklist_blacklistedtoken_id_seq; Type: SEQUENCE; Schema: public; Owner: postgres
--

ALTER TABLE public.token_blacklist_blacklistedtoken ALTER COLUMN id ADD GENERATED BY DEFAULT AS IDENTITY (
    SEQUENCE NAME public.token_blacklist_blacklistedtoken_id_seq
    START WITH 1
    INCREMENT BY 1
    NO MINVALUE
    NO MAXVALUE
    CACHE 1
);


--
-- Name: token_blacklist_outstandingtoken; Type: TABLE; Schema: public; Owner: postgres
--

CREATE TABLE public.token_blacklist_outstandingtoken (
    id bigint NOT NULL,
    token text NOT NULL,
    created_at timestamp with time zone,
    expires_at timestamp with time zone NOT NULL,
    user_id bigint,
    jti character varying(255) NOT NULL
);


ALTER TABLE public.token_blacklist_outstandingtoken OWNER TO postgres;

--
-- Name: token_blacklist_outstandingtoken_id_seq; Type: SEQUENCE; Schema: public; Owner: postgres
--

ALTER TABLE public.token_blacklist_outstandingtoken ALTER COLUMN id ADD GENERATED BY DEFAULT AS IDENTITY (
    SEQUENCE NAME public.token_blacklist_outstandingtoken_id_seq
    START WITH 1
    INCREMENT BY 1
    NO MINVALUE
    NO MAXVALUE
    CACHE 1
);


--
-- Data for Name: accounts_customuser; Type: TABLE DATA; Schema: public; Owner: postgres
--

COPY public.accounts_customuser (id, password, last_login, is_superuser, username, first_name, last_name, email, is_staff, is_active, date_joined, is_admin, profile_picture_id, organization_id, removed) FROM stdin;
1	pbkdf2_sha256$870000$YmhbEsf6Z6tpYqHYFEYzSy$Wmss2bWOOrhA5e8YKRIQqgVzxEnRhG1TBv3TpcpDRSU=	2024-10-24 09:54:22.155067+00	t	admin	Mandaue	Annotator		t	t	2024-10-22 10:21:09.621415+00	f	\N	\N	f
\.


--
-- Data for Name: accounts_customuser_groups; Type: TABLE DATA; Schema: public; Owner: postgres
--

COPY public.accounts_customuser_groups (id, customuser_id, group_id) FROM stdin;
\.


--
-- Data for Name: accounts_customuser_user_permissions; Type: TABLE DATA; Schema: public; Owner: postgres
--

COPY public.accounts_customuser_user_permissions (id, customuser_id, permission_id) FROM stdin;
\.


--
-- Data for Name: accounts_organization; Type: TABLE DATA; Schema: public; Owner: postgres
--

COPY public.accounts_organization (id, name, created_on, profile_picture_id, removed) FROM stdin;
\.


--
-- Data for Name: annotation_annotation; Type: TABLE DATA; Schema: public; Owner: postgres
--

COPY public.annotation_annotation (id, name, created_on, updated_on, form_data, removed, annotator_id, form_template_id, location_id, coordinates_id) FROM stdin;
143	S.B Cabahug - 3.5	2024-10-25 06:07:41.268374+00	2024-10-25 06:07:41.268397+00	"{\\"dateAndTime\\":\\"2024-10-25T14:06\\",\\"sidewalkPresence\\":true,\\"sidewalkWidth\\":{\\"value\\":1.5,\\"remarks\\":null},\\"sidewalkCondition\\":{\\"value\\":0.0001,\\"remarks\\":null},\\"rampGradient\\":{\\"value\\":4,\\"remarks\\":null},\\"streetFurniture\\":{\\"value\\":1,\\"remarks\\":null},\\"borderBuffer\\":{\\"value\\":\\"Yes\\",\\"remarks\\":null},\\"lightingCondition\\":{\\"value\\":\\"Adequate\\",\\"remarks\\":null}}"	f	1	1	494	496
145	S.B Cabahug - 5.5	2024-10-25 06:10:08.539571+00	2024-10-25 06:10:08.539589+00	"{\\"dateAndTime\\":\\"2024-10-25T14:09\\",\\"sidewalkPresence\\":true,\\"sidewalkWidth\\":{\\"value\\":1.2,\\"remarks\\":null},\\"sidewalkCondition\\":{\\"value\\":0.00001,\\"remarks\\":null},\\"rampGradient\\":{\\"value\\":3,\\"remarks\\":null},\\"streetFurniture\\":{\\"value\\":0.6,\\"remarks\\":null},\\"borderBuffer\\":{\\"value\\":\\"Yes\\",\\"remarks\\":null},\\"lightingCondition\\":{\\"value\\":\\"Adequate\\",\\"remarks\\":null}}"	f	1	1	497	499
147	S.B Cabahug - 7.5	2024-10-25 06:12:30.085747+00	2024-10-25 06:12:30.085764+00	"{\\"dateAndTime\\":\\"2024-10-25T14:11\\",\\"sidewalkPresence\\":true,\\"sidewalkWidth\\":{\\"value\\":1.5,\\"remarks\\":null},\\"sidewalkCondition\\":{\\"value\\":0.0001,\\"remarks\\":null},\\"rampGradient\\":{\\"value\\":4,\\"remarks\\":null},\\"streetFurniture\\":{\\"value\\":0.6,\\"remarks\\":null},\\"borderBuffer\\":{\\"value\\":\\"Yes\\",\\"remarks\\":null},\\"lightingCondition\\":{\\"value\\":\\"Excellent\\",\\"remarks\\":null}}"	f	1	1	501	503
149	A. Del Rosario - 1	2024-10-25 06:20:20.138138+00	2024-10-25 06:20:20.138154+00	"{\\"dateAndTime\\":\\"2024-10-25T14:19\\",\\"sidewalkPresence\\":true,\\"sidewalkWidth\\":{\\"value\\":2,\\"remarks\\":null},\\"sidewalkCondition\\":{\\"value\\":0.00001,\\"remarks\\":null},\\"rampGradient\\":{\\"value\\":4,\\"remarks\\":null},\\"streetFurniture\\":{\\"value\\":1.5,\\"remarks\\":null},\\"borderBuffer\\":{\\"value\\":\\"Yes\\",\\"remarks\\":null},\\"lightingCondition\\":{\\"value\\":\\"Excellent\\",\\"remarks\\":null}}"	f	1	1	505	507
151	A. Del Rosario - 2.5	2024-10-25 06:23:14.997824+00	2024-10-25 06:23:14.997841+00	"{\\"dateAndTime\\":\\"2024-10-25T14:22\\",\\"sidewalkPresence\\":true,\\"sidewalkWidth\\":{\\"value\\":2.5,\\"remarks\\":null},\\"sidewalkCondition\\":{\\"value\\":0.00001,\\"remarks\\":null},\\"rampGradient\\":{\\"value\\":4,\\"remarks\\":null},\\"streetFurniture\\":{\\"value\\":2,\\"remarks\\":null},\\"borderBuffer\\":{\\"value\\":\\"Yes\\",\\"remarks\\":null},\\"lightingCondition\\":{\\"value\\":\\"Excellent\\",\\"remarks\\":null}}"	f	1	1	508	510
153	A. Del Rosario - 5.5	2024-10-25 06:26:32.472092+00	2024-10-25 06:26:32.472118+00	"{\\"dateAndTime\\":\\"2024-10-25T14:26\\",\\"sidewalkPresence\\":true,\\"sidewalkWidth\\":{\\"value\\":2,\\"remarks\\":null},\\"sidewalkCondition\\":{\\"value\\":0.00001,\\"remarks\\":null},\\"rampGradient\\":{\\"value\\":3,\\"remarks\\":null},\\"streetFurniture\\":{\\"value\\":1,\\"remarks\\":null},\\"borderBuffer\\":{\\"value\\":\\"Yes\\",\\"remarks\\":null},\\"lightingCondition\\":{\\"value\\":\\"Excellent\\",\\"remarks\\":null}}"	f	1	1	513	515
155	A. Del Rosario 8.5	2024-10-25 07:03:58.894904+00	2024-10-25 07:03:58.894926+00	"{\\"dateAndTime\\":\\"2024-10-25T15:03\\",\\"sidewalkPresence\\":true,\\"sidewalkWidth\\":{\\"value\\":2,\\"remarks\\":null},\\"sidewalkCondition\\":{\\"value\\":0.00001,\\"remarks\\":null},\\"rampGradient\\":{\\"value\\":4,\\"remarks\\":null},\\"streetFurniture\\":{\\"value\\":1.3,\\"remarks\\":null},\\"borderBuffer\\":{\\"value\\":\\"Yes\\",\\"remarks\\":null},\\"lightingCondition\\":{\\"value\\":\\"Excellent\\",\\"remarks\\":null}}"	f	1	1	515	517
157	A. Del Rosario - 10.5	2024-10-25 07:07:02.574953+00	2024-10-25 07:07:02.574971+00	"{\\"dateAndTime\\":\\"2024-10-25T15:06\\",\\"sidewalkPresence\\":true,\\"sidewalkWidth\\":{\\"value\\":2,\\"remarks\\":null},\\"sidewalkCondition\\":{\\"value\\":0.0001,\\"remarks\\":null},\\"rampGradient\\":{\\"value\\":4,\\"remarks\\":null},\\"streetFurniture\\":{\\"value\\":1,\\"remarks\\":null},\\"borderBuffer\\":{\\"value\\":\\"Yes\\",\\"remarks\\":null},\\"lightingCondition\\":{\\"value\\":\\"Excellent\\",\\"remarks\\":null}}"	f	1	1	518	520
159	A. Del Rosario 12.5	2024-10-25 07:09:43.061045+00	2024-10-25 07:09:43.061065+00	"{\\"dateAndTime\\":\\"2024-10-25T15:09\\",\\"sidewalkPresence\\":true,\\"sidewalkWidth\\":{\\"value\\":2,\\"remarks\\":\\"\\"},\\"sidewalkCondition\\":{\\"value\\":2,\\"remarks\\":null},\\"rampGradient\\":{\\"value\\":4,\\"remarks\\":null},\\"streetFurniture\\":{\\"value\\":1.5,\\"remarks\\":null},\\"borderBuffer\\":{\\"value\\":\\"Yes\\",\\"remarks\\":null},\\"lightingCondition\\":{\\"value\\":\\"Excellent\\",\\"remarks\\":null}}"	f	1	1	521	523
161	Suson - 1	2024-10-25 07:11:14.510961+00	2024-10-25 07:11:14.510978+00	"{\\"dateAndTime\\":\\"2024-10-25T15:11\\",\\"sidewalkPresence\\":false}"	f	1	1	525	527
165	Suson - 5	2024-10-25 07:25:05.074333+00	2024-10-25 07:25:05.07435+00	"{\\"dateAndTime\\":\\"2024-10-25T15:24\\",\\"sidewalkPresence\\":false}"	f	1	1	529	531
168	Suson - 8	2024-10-25 07:25:54.939026+00	2024-10-25 07:25:54.939044+00	"{\\"dateAndTime\\":\\"2024-10-25T15:25\\",\\"sidewalkPresence\\":false}"	f	1	1	532	534
170	Suson - 10	2024-10-25 07:26:32.934908+00	2024-10-25 07:26:32.934923+00	"{\\"dateAndTime\\":\\"2024-10-25T15:26\\",\\"sidewalkPresence\\":false}"	f	1	1	534	536
172	Zamora St Start	2024-10-25 08:17:31.084309+00	2024-10-25 08:17:31.084324+00	"{\\"dateAndTime\\":\\"2024-10-25T16:15\\",\\"sidewalkPresence\\":false}"	f	1	1	5	5
174	zamora 2	2024-10-25 08:20:55.153135+00	2024-10-25 08:20:55.153158+00	"{\\"dateAndTime\\":\\"2024-10-25T16:20\\",\\"sidewalkPresence\\":false}"	f	1	1	6	6
176	zamora st 4	2024-10-25 08:21:43.48708+00	2024-10-25 08:21:43.487096+00	"{\\"dateAndTime\\":\\"2024-10-25T16:21\\",\\"sidewalkPresence\\":false}"	f	1	1	8	8
178	zamora st 5	2024-10-25 08:22:14.13522+00	2024-10-25 08:22:14.135237+00	"{\\"dateAndTime\\":\\"2024-10-25T16:22\\",\\"sidewalkPresence\\":false}"	f	1	1	10	10
180	zamora st 6	2024-10-25 08:22:38.681539+00	2024-10-25 08:22:38.681577+00	"{\\"dateAndTime\\":\\"2024-10-25T16:22\\",\\"sidewalkPresence\\":false}"	f	1	1	11	11
182	B. Ceniza - 5	2024-10-25 08:23:13.410781+00	2024-10-25 08:23:13.410796+00	"{\\"dateAndTime\\":\\"2024-10-25T16:23\\",\\"sidewalkPresence\\":false}"	f	1	1	145	145
184	B. Ceniza - 7	2024-10-25 08:23:53.966099+00	2024-10-25 08:23:53.966118+00	"{\\"dateAndTime\\":\\"2024-10-25T16:23\\",\\"sidewalkPresence\\":false}"	f	1	1	148	148
186	B. Ceniza - 9	2024-10-25 08:24:33.958563+00	2024-10-25 08:24:33.95858+00	"{\\"dateAndTime\\":\\"2024-10-25T16:24\\",\\"sidewalkPresence\\":false}"	f	1	1	150	150
188	B. Ceniza - 12	2024-10-25 08:25:16.227011+00	2024-10-25 08:25:16.227027+00	"{\\"dateAndTime\\":\\"2024-10-25T16:25\\",\\"sidewalkPresence\\":false}"	f	1	1	153	153
193	MAXELL TEST	2024-10-26 22:01:40.28733+00	2024-10-26 22:01:40.287343+00	"{\\"dateAndTime\\":\\"2024-10-27T06:01\\",\\"sidewalkPresence\\":true,\\"sidewalkWidth\\":{\\"value\\":1,\\"remarks\\":null},\\"sidewalkCondition\\":{\\"value\\":1,\\"remarks\\":null},\\"rampGradient\\":{\\"value\\":1,\\"remarks\\":null},\\"streetFurniture\\":{\\"value\\":1,\\"remarks\\":null},\\"borderBuffer\\":{\\"value\\":\\"Yes\\",\\"remarks\\":null},\\"lightingCondition\\":{\\"value\\":\\"Adequate\\",\\"remarks\\":null}}"	f	1	1	233	233
48	A del rosario	2024-10-24 09:43:38.303304+00	2024-10-24 09:43:38.303324+00	"{\\"dateAndTime\\":\\"2024-10-24T17:42\\",\\"sidewalkPresence\\":true,\\"sidewalkWidth\\":{\\"value\\":2.5,\\"remarks\\":null},\\"sidewalkCondition\\":{\\"value\\":0,\\"remarks\\":null},\\"rampGradient\\":{\\"value\\":5,\\"remarks\\":null},\\"streetFurniture\\":{\\"value\\":0,\\"remarks\\":null},\\"borderBuffer\\":{\\"value\\":\\"Yes\\",\\"remarks\\":null},\\"lightingCondition\\":{\\"value\\":\\"Excellent\\",\\"remarks\\":null}}"	f	1	1	326	326
49	A del. Rosario	2024-10-24 09:45:08.077051+00	2024-10-24 09:45:08.077069+00	"{\\"dateAndTime\\":\\"2024-10-24T17:44\\",\\"sidewalkPresence\\":true,\\"sidewalkWidth\\":{\\"value\\":2.5,\\"remarks\\":null},\\"sidewalkCondition\\":{\\"value\\":0,\\"remarks\\":null},\\"rampGradient\\":{\\"value\\":5,\\"remarks\\":null},\\"streetFurniture\\":{\\"value\\":1,\\"remarks\\":null},\\"borderBuffer\\":{\\"value\\":\\"Yes\\",\\"remarks\\":null},\\"lightingCondition\\":{\\"value\\":\\"Excellent\\",\\"remarks\\":null}}"	f	1	1	325	325
50	A. Del Rosario	2024-10-24 09:46:17.441365+00	2024-10-24 09:46:17.441382+00	"{\\"dateAndTime\\":\\"2024-10-24T17:45\\",\\"sidewalkPresence\\":true,\\"sidewalkWidth\\":{\\"value\\":2,\\"remarks\\":null},\\"sidewalkCondition\\":{\\"value\\":0,\\"remarks\\":null},\\"rampGradient\\":{\\"value\\":5,\\"remarks\\":null},\\"streetFurniture\\":{\\"value\\":1,\\"remarks\\":null},\\"borderBuffer\\":{\\"value\\":\\"Yes\\",\\"remarks\\":null},\\"lightingCondition\\":{\\"value\\":\\"Adequate\\",\\"remarks\\":null}}"	f	1	1	322	322
51	S.B Cabahug - Start	2024-10-24 09:47:18.519771+00	2024-10-24 09:47:18.519789+00	"{\\"dateAndTime\\":\\"2024-10-24T17:46\\",\\"sidewalkPresence\\":true,\\"sidewalkWidth\\":{\\"value\\":1.5,\\"remarks\\":null},\\"sidewalkCondition\\":{\\"value\\":0,\\"remarks\\":null},\\"rampGradient\\":{\\"value\\":4.5,\\"remarks\\":null},\\"streetFurniture\\":{\\"value\\":1,\\"remarks\\":null},\\"borderBuffer\\":{\\"value\\":\\"Yes\\",\\"remarks\\":null},\\"lightingCondition\\":{\\"value\\":\\"Adequate\\",\\"remarks\\":null}}"	f	1	1	491	493
52	SB Cabahug 1	2024-10-24 09:47:24.60601+00	2024-10-24 09:47:24.606044+00	"{\\"dateAndTime\\":\\"2024-10-24T17:45\\",\\"sidewalkPresence\\":true,\\"sidewalkWidth\\":{\\"value\\":2,\\"remarks\\":null},\\"sidewalkCondition\\":{\\"value\\":50,\\"remarks\\":null},\\"rampGradient\\":{\\"value\\":0,\\"remarks\\":null},\\"streetFurniture\\":{\\"value\\":0,\\"remarks\\":null},\\"borderBuffer\\":{\\"value\\":\\"No\\",\\"remarks\\":null},\\"lightingCondition\\":{\\"value\\":\\"Adequate\\",\\"remarks\\":null}}"	f	1	1	113	113
53	A. Del Rosario 1	2024-10-24 09:47:52.430611+00	2024-10-24 09:47:52.430628+00	"{\\"dateAndTime\\":\\"2024-10-24T17:47\\",\\"sidewalkPresence\\":true,\\"sidewalkWidth\\":{\\"value\\":2.5,\\"remarks\\":null},\\"sidewalkCondition\\":{\\"value\\":0,\\"remarks\\":null},\\"rampGradient\\":{\\"value\\":3,\\"remarks\\":null},\\"streetFurniture\\":{\\"value\\":1,\\"remarks\\":null},\\"borderBuffer\\":{\\"value\\":\\"Yes\\",\\"remarks\\":null},\\"lightingCondition\\":{\\"value\\":\\"Adequate\\",\\"remarks\\":null}}"	f	1	1	323	323
54	A Del Rosario 2	2024-10-24 09:49:32.136771+00	2024-10-24 09:49:32.136804+00	"{\\"dateAndTime\\":\\"2024-10-24T17:48\\",\\"sidewalkPresence\\":true,\\"sidewalkWidth\\":{\\"value\\":1.5,\\"remarks\\":null},\\"sidewalkCondition\\":{\\"value\\":0,\\"remarks\\":null},\\"rampGradient\\":{\\"value\\":5,\\"remarks\\":null},\\"streetFurniture\\":{\\"value\\":3,\\"remarks\\":null},\\"borderBuffer\\":{\\"value\\":\\"Yes\\",\\"remarks\\":null},\\"lightingCondition\\":{\\"value\\":\\"Excellent\\",\\"remarks\\":null}}"	f	1	1	317	317
55	S.B Cabahug - 1	2024-10-24 09:49:46.981752+00	2024-10-24 09:49:46.981772+00	"{\\"dateAndTime\\":\\"2024-10-24T17:48\\",\\"sidewalkPresence\\":true,\\"sidewalkWidth\\":{\\"value\\":1.5,\\"remarks\\":null},\\"sidewalkCondition\\":{\\"value\\":0,\\"remarks\\":null},\\"rampGradient\\":{\\"value\\":4,\\"remarks\\":null},\\"streetFurniture\\":{\\"value\\":1.3,\\"remarks\\":null},\\"borderBuffer\\":{\\"value\\":\\"No\\",\\"remarks\\":null},\\"lightingCondition\\":{\\"value\\":\\"Adequate\\",\\"remarks\\":null}}"	f	1	1	492	494
56	A del Rosario St 3	2024-10-24 09:51:21.159083+00	2024-10-24 09:51:21.159101+00	"{\\"dateAndTime\\":\\"2024-10-24T17:50\\",\\"sidewalkPresence\\":true,\\"sidewalkWidth\\":{\\"value\\":1.5,\\"remarks\\":null},\\"sidewalkCondition\\":{\\"value\\":0,\\"remarks\\":null},\\"rampGradient\\":{\\"value\\":5,\\"remarks\\":null},\\"streetFurniture\\":{\\"value\\":4,\\"remarks\\":null},\\"borderBuffer\\":{\\"value\\":\\"Yes\\",\\"remarks\\":null},\\"lightingCondition\\":{\\"value\\":\\"Adequate\\",\\"remarks\\":null}}"	f	1	1	312	312
57	PJ Burgos Start	2024-10-24 09:51:51.15937+00	2024-10-24 09:51:51.15939+00	"{\\"dateAndTime\\":\\"2024-10-24T17:49\\",\\"sidewalkPresence\\":true,\\"sidewalkWidth\\":{\\"value\\":1.5,\\"remarks\\":null},\\"sidewalkCondition\\":{\\"value\\":0.0001,\\"remarks\\":null},\\"rampGradient\\":{\\"value\\":4,\\"remarks\\":null},\\"streetFurniture\\":{\\"value\\":0.6,\\"remarks\\":null},\\"borderBuffer\\":{\\"value\\":\\"Yes\\",\\"remarks\\":null},\\"lightingCondition\\":{\\"value\\":\\"Adequate\\",\\"remarks\\":null}}"	f	1	1	31	31
58	S.B Cabahug - 2	2024-10-24 09:52:37.202725+00	2024-10-24 09:52:37.202744+00	"{\\"dateAndTime\\":\\"2024-10-24T17:51\\",\\"sidewalkPresence\\":true,\\"sidewalkWidth\\":{\\"value\\":1.2,\\"remarks\\":null},\\"sidewalkCondition\\":{\\"value\\":0,\\"remarks\\":null},\\"rampGradient\\":{\\"value\\":4,\\"remarks\\":null},\\"streetFurniture\\":{\\"value\\":0.8,\\"remarks\\":null},\\"borderBuffer\\":{\\"value\\":\\"Yes\\",\\"remarks\\":null},\\"lightingCondition\\":{\\"value\\":\\"Adequate\\",\\"remarks\\":null}}"	f	1	1	493	495
59	A Del. Rosario 4	2024-10-24 09:52:51.671724+00	2024-10-24 09:52:51.671744+00	"{\\"dateAndTime\\":\\"2024-10-24T17:52\\",\\"sidewalkPresence\\":true,\\"sidewalkWidth\\":{\\"value\\":1.5,\\"remarks\\":null},\\"sidewalkCondition\\":{\\"value\\":0,\\"remarks\\":null},\\"rampGradient\\":{\\"value\\":5,\\"remarks\\":null},\\"streetFurniture\\":{\\"value\\":5,\\"remarks\\":null},\\"borderBuffer\\":{\\"value\\":\\"Yes\\",\\"remarks\\":null},\\"lightingCondition\\":{\\"value\\":\\"Adequate\\",\\"remarks\\":null}}"	f	1	1	309	309
60	A del Rosario St.	2024-10-24 09:53:25.121651+00	2024-10-24 09:53:25.121668+00	"{\\"dateAndTime\\":\\"2024-10-24T17:53\\",\\"sidewalkPresence\\":true,\\"sidewalkWidth\\":{\\"value\\":1.5,\\"remarks\\":null},\\"sidewalkCondition\\":{\\"value\\":0,\\"remarks\\":null},\\"rampGradient\\":{\\"value\\":5,\\"remarks\\":null},\\"streetFurniture\\":{\\"value\\":3,\\"remarks\\":null},\\"borderBuffer\\":{\\"value\\":\\"Yes\\",\\"remarks\\":null},\\"lightingCondition\\":{\\"value\\":\\"Adequate\\",\\"remarks\\":null}}"	f	1	1	315	315
61	PJ Burgos	2024-10-24 09:54:10.454765+00	2024-10-24 09:54:10.454784+00	"{\\"dateAndTime\\":\\"2024-10-24T17:53\\",\\"sidewalkPresence\\":true,\\"sidewalkWidth\\":{\\"value\\":1.2,\\"remarks\\":null},\\"sidewalkCondition\\":{\\"value\\":0.001,\\"remarks\\":null},\\"rampGradient\\":{\\"value\\":1,\\"remarks\\":null},\\"streetFurniture\\":{\\"value\\":0.4,\\"remarks\\":null},\\"borderBuffer\\":{\\"value\\":\\"Yes\\",\\"remarks\\":null},\\"lightingCondition\\":{\\"value\\":\\"Adequate\\",\\"remarks\\":null}}"	f	1	1	32	32
62	A del. Rosario 6	2024-10-24 09:54:39.260541+00	2024-10-24 09:54:39.26056+00	"{\\"dateAndTime\\":\\"2024-10-24T17:54\\",\\"sidewalkPresence\\":true,\\"sidewalkWidth\\":{\\"value\\":2,\\"remarks\\":null},\\"sidewalkCondition\\":{\\"value\\":0,\\"remarks\\":null},\\"rampGradient\\":{\\"value\\":5,\\"remarks\\":null},\\"streetFurniture\\":{\\"value\\":4,\\"remarks\\":null},\\"borderBuffer\\":{\\"value\\":\\"No\\",\\"remarks\\":null},\\"lightingCondition\\":{\\"value\\":\\"Excellent\\",\\"remarks\\":null}}"	f	1	1	307	307
63	A del. Rosario 7	2024-10-24 09:56:23.342266+00	2024-10-24 09:56:23.342282+00	"{\\"dateAndTime\\":\\"2024-10-24T17:56\\",\\"sidewalkPresence\\":true,\\"sidewalkWidth\\":{\\"value\\":2,\\"remarks\\":null},\\"sidewalkCondition\\":{\\"value\\":0,\\"remarks\\":null},\\"rampGradient\\":{\\"value\\":3,\\"remarks\\":null},\\"streetFurniture\\":{\\"value\\":6,\\"remarks\\":null},\\"borderBuffer\\":{\\"value\\":\\"No\\",\\"remarks\\":null},\\"lightingCondition\\":{\\"value\\":\\"Excellent\\",\\"remarks\\":null}}"	f	1	1	305	305
64	PJ BURGOS 2	2024-10-24 09:57:14.577871+00	2024-10-24 09:57:14.57789+00	"{\\"dateAndTime\\":\\"2024-10-24T17:55\\",\\"sidewalkPresence\\":true,\\"sidewalkWidth\\":{\\"value\\":1.4,\\"remarks\\":null},\\"sidewalkCondition\\":{\\"value\\":0.001,\\"remarks\\":null},\\"rampGradient\\":{\\"value\\":6,\\"remarks\\":null},\\"streetFurniture\\":{\\"value\\":1.4,\\"remarks\\":null},\\"borderBuffer\\":{\\"value\\":\\"No\\",\\"remarks\\":null},\\"lightingCondition\\":{\\"value\\":\\"Adequate\\",\\"remarks\\":null}}"	f	1	1	33	33
65	B. Ceniza - Start	2024-10-24 09:58:30.493556+00	2024-10-24 09:58:30.493573+00	"{\\"dateAndTime\\":\\"2024-10-24T17:58\\",\\"sidewalkPresence\\":false}"	f	1	1	137	137
66	B. Ceniza - Start	2024-10-24 09:58:31.67419+00	2024-10-24 09:58:31.674208+00	"{\\"dateAndTime\\":\\"2024-10-24T17:58\\",\\"sidewalkPresence\\":false}"	f	1	1	137	137
67	B. Ceniza - 1	2024-10-24 10:00:08.134839+00	2024-10-24 10:00:08.134913+00	"{\\"dateAndTime\\":\\"2024-10-24T18:00\\",\\"sidewalkPresence\\":false}"	f	1	1	138	138
68	B. Ceniza - 2	2024-10-24 10:00:26.274257+00	2024-10-24 10:00:26.274278+00	"{\\"dateAndTime\\":\\"2024-10-24T18:00\\",\\"sidewalkPresence\\":false}"	f	1	1	139	139
69	B. Ceniza - End	2024-10-24 10:00:59.287428+00	2024-10-24 10:00:59.287448+00	"{\\"dateAndTime\\":\\"2024-10-24T18:00\\",\\"sidewalkPresence\\":false}"	f	1	1	154	154
70	B. Ceniza	2024-10-24 10:01:14.393128+00	2024-10-24 10:01:14.393148+00	"{\\"dateAndTime\\":\\"2024-10-24T18:00\\",\\"sidewalkPresence\\":true,\\"sidewalkWidth\\":{\\"value\\":1.5,\\"remarks\\":null},\\"sidewalkCondition\\":{\\"value\\":0,\\"remarks\\":null},\\"rampGradient\\":{\\"value\\":5,\\"remarks\\":null},\\"streetFurniture\\":{\\"value\\":0,\\"remarks\\":null},\\"borderBuffer\\":{\\"value\\":\\"No\\",\\"remarks\\":null},\\"lightingCondition\\":{\\"value\\":\\"Excellent\\",\\"remarks\\":null}}"	f	1	1	301	301
71	Pj burgos 3	2024-10-24 10:01:39.40193+00	2024-10-24 10:01:39.401949+00	"{\\"dateAndTime\\":\\"2024-10-24T18:00\\",\\"sidewalkPresence\\":true,\\"sidewalkWidth\\":{\\"value\\":1.4,\\"remarks\\":null},\\"sidewalkCondition\\":{\\"value\\":5,\\"remarks\\":null},\\"rampGradient\\":{\\"value\\":7,\\"remarks\\":null},\\"streetFurniture\\":{\\"value\\":1.3,\\"remarks\\":null},\\"borderBuffer\\":{\\"value\\":\\"No\\",\\"remarks\\":null},\\"lightingCondition\\":{\\"value\\":\\"Adequate\\",\\"remarks\\":null}}"	f	1	1	34	34
72	P. Gomez - Start	2024-10-24 10:02:21.361417+00	2024-10-24 10:02:21.361435+00	"{\\"dateAndTime\\":\\"2024-10-24T18:02\\",\\"sidewalkPresence\\":false}"	f	1	1	175	175
73	Pj burgos 4	2024-10-24 10:03:13.216112+00	2024-10-24 10:03:13.21613+00	"{\\"dateAndTime\\":\\"2024-10-24T18:02\\",\\"sidewalkPresence\\":true,\\"sidewalkWidth\\":{\\"value\\":1,\\"remarks\\":null},\\"sidewalkCondition\\":{\\"value\\":4,\\"remarks\\":null},\\"rampGradient\\":{\\"value\\":6,\\"remarks\\":null},\\"streetFurniture\\":{\\"value\\":0.7,\\"remarks\\":null},\\"borderBuffer\\":{\\"value\\":\\"Yes\\",\\"remarks\\":null},\\"lightingCondition\\":{\\"value\\":\\"Adequate\\",\\"remarks\\":null}}"	f	1	1	35	35
74	Pj burgos 5	2024-10-24 10:04:27.882647+00	2024-10-24 10:04:27.882665+00	"{\\"dateAndTime\\":\\"2024-10-24T18:03\\",\\"sidewalkPresence\\":true,\\"sidewalkWidth\\":{\\"value\\":1.2,\\"remarks\\":null},\\"sidewalkCondition\\":{\\"value\\":0.001,\\"remarks\\":null},\\"rampGradient\\":{\\"value\\":6,\\"remarks\\":null},\\"streetFurniture\\":{\\"value\\":1.1,\\"remarks\\":null},\\"borderBuffer\\":{\\"value\\":\\"Yes\\",\\"remarks\\":null},\\"lightingCondition\\":{\\"value\\":\\"Adequate\\",\\"remarks\\":null}}"	f	1	1	69	69
75	B. Ceniza 1	2024-10-24 10:05:06.076741+00	2024-10-24 10:05:06.076759+00	"{\\"dateAndTime\\":\\"2024-10-24T18:04\\",\\"sidewalkPresence\\":false}"	f	1	1	140	140
76	Pj burgos 5 real	2024-10-24 10:05:42.057135+00	2024-10-24 10:05:42.057154+00	"{\\"dateAndTime\\":\\"2024-10-24T18:05\\",\\"sidewalkPresence\\":true,\\"sidewalkWidth\\":{\\"value\\":1.3,\\"remarks\\":null},\\"sidewalkCondition\\":{\\"value\\":0.001,\\"remarks\\":null},\\"rampGradient\\":{\\"value\\":6,\\"remarks\\":null},\\"streetFurniture\\":{\\"value\\":1.2,\\"remarks\\":null},\\"borderBuffer\\":{\\"value\\":\\"Yes\\",\\"remarks\\":null},\\"lightingCondition\\":{\\"value\\":\\"Adequate\\",\\"remarks\\":null}}"	f	1	1	36	36
77	B. Ceniza 2	2024-10-24 10:05:44.721427+00	2024-10-24 10:05:44.721445+00	"{\\"dateAndTime\\":\\"2024-10-24T18:05\\",\\"sidewalkPresence\\":false}"	f	1	1	142	142
78	B. Ceniza 4	2024-10-24 10:06:47.538052+00	2024-10-24 10:06:47.538069+00	"{\\"dateAndTime\\":\\"2024-10-24T18:06\\",\\"sidewalkPresence\\":false}"	f	1	1	144	144
79	Pj burgos 6	2024-10-24 10:07:10.037501+00	2024-10-24 10:07:10.037518+00	"{\\"dateAndTime\\":\\"2024-10-24T18:06\\",\\"sidewalkPresence\\":true,\\"sidewalkWidth\\":{\\"value\\":1.2,\\"remarks\\":null},\\"sidewalkCondition\\":{\\"value\\":10,\\"remarks\\":null},\\"rampGradient\\":{\\"value\\":6,\\"remarks\\":null},\\"streetFurniture\\":{\\"value\\":1.2,\\"remarks\\":null},\\"borderBuffer\\":{\\"value\\":\\"Yes\\",\\"remarks\\":null},\\"lightingCondition\\":{\\"value\\":\\"Adequate\\",\\"remarks\\":null}}"	f	1	1	37	37
80	B. Ceniza 5	2024-10-24 10:07:35.895279+00	2024-10-24 10:07:35.895297+00	"{\\"dateAndTime\\":\\"2024-10-24T18:07\\",\\"sidewalkPresence\\":false}"	f	1	1	147	147
81	Pj burgos 7	2024-10-24 10:08:08.453035+00	2024-10-24 10:08:08.453058+00	"{\\"dateAndTime\\":\\"2024-10-24T18:07\\",\\"sidewalkPresence\\":true,\\"sidewalkWidth\\":{\\"value\\":1.6,\\"remarks\\":null},\\"sidewalkCondition\\":{\\"value\\":0.001,\\"remarks\\":null},\\"rampGradient\\":{\\"value\\":1,\\"remarks\\":null},\\"streetFurniture\\":{\\"value\\":1.6,\\"remarks\\":null},\\"borderBuffer\\":{\\"value\\":\\"Yes\\",\\"remarks\\":null},\\"lightingCondition\\":{\\"value\\":\\"Poor\\",\\"remarks\\":null}}"	f	1	1	38	38
82	B. Ceniza St.	2024-10-24 10:08:12.205262+00	2024-10-24 10:08:12.205279+00	"{\\"dateAndTime\\":\\"2024-10-24T18:08\\",\\"sidewalkPresence\\":false}"	f	1	1	152	152
83	Pj burgos 8	2024-10-24 10:08:49.824006+00	2024-10-24 10:08:49.824025+00	"{\\"dateAndTime\\":\\"2024-10-24T18:08\\",\\"sidewalkPresence\\":true,\\"sidewalkWidth\\":{\\"value\\":1.6,\\"remarks\\":null},\\"sidewalkCondition\\":{\\"value\\":0.001,\\"remarks\\":null},\\"rampGradient\\":{\\"value\\":1,\\"remarks\\":null},\\"streetFurniture\\":{\\"value\\":1.6,\\"remarks\\":null},\\"borderBuffer\\":{\\"value\\":\\"Yes\\",\\"remarks\\":null},\\"lightingCondition\\":{\\"value\\":\\"Poor\\",\\"remarks\\":null}}"	f	1	1	39	39
84	P. Gomez	2024-10-24 10:09:52.84263+00	2024-10-24 10:09:52.842649+00	"{\\"dateAndTime\\":\\"2024-10-24T18:08\\",\\"sidewalkPresence\\":true,\\"sidewalkWidth\\":{\\"value\\":1.5,\\"remarks\\":null},\\"sidewalkCondition\\":{\\"value\\":0,\\"remarks\\":null},\\"rampGradient\\":{\\"value\\":10,\\"remarks\\":null},\\"streetFurniture\\":{\\"value\\":0.5,\\"remarks\\":null},\\"borderBuffer\\":{\\"value\\":\\"Yes\\",\\"remarks\\":null},\\"lightingCondition\\":{\\"value\\":\\"Poor\\",\\"remarks\\":null}}"	f	1	1	155	155
85	Pj burgos 9	2024-10-24 10:10:14.706651+00	2024-10-24 10:10:14.706671+00	"{\\"dateAndTime\\":\\"2024-10-24T18:09\\",\\"sidewalkPresence\\":true,\\"sidewalkWidth\\":{\\"value\\":1.6,\\"remarks\\":null},\\"sidewalkCondition\\":{\\"value\\":0.001,\\"remarks\\":null},\\"rampGradient\\":{\\"value\\":1,\\"remarks\\":null},\\"streetFurniture\\":{\\"value\\":1.6,\\"remarks\\":null},\\"borderBuffer\\":{\\"value\\":\\"No\\",\\"remarks\\":null},\\"lightingCondition\\":{\\"value\\":\\"Poor\\",\\"remarks\\":null}}"	f	1	1	65	65
86	P. Gomez 4	2024-10-24 10:11:27.687056+00	2024-10-24 10:11:27.687074+00	"{\\"dateAndTime\\":\\"2024-10-24T18:10\\",\\"sidewalkPresence\\":true,\\"sidewalkWidth\\":{\\"value\\":3,\\"remarks\\":null},\\"sidewalkCondition\\":{\\"value\\":0,\\"remarks\\":null},\\"rampGradient\\":{\\"value\\":5,\\"remarks\\":null},\\"streetFurniture\\":{\\"value\\":0.5,\\"remarks\\":null},\\"borderBuffer\\":{\\"value\\":\\"Yes\\",\\"remarks\\":null},\\"lightingCondition\\":{\\"value\\":\\"Adequate\\",\\"remarks\\":null}}"	f	1	1	156	156
87	S.B Cabahug - 3	2024-10-24 10:11:42.565874+00	2024-10-24 10:11:42.565896+00	"{\\"dateAndTime\\":\\"2024-10-24T18:10\\",\\"sidewalkPresence\\":true,\\"sidewalkWidth\\":{\\"value\\":1.2,\\"remarks\\":null},\\"sidewalkCondition\\":{\\"value\\":0,\\"remarks\\":null},\\"rampGradient\\":{\\"value\\":4,\\"remarks\\":null},\\"streetFurniture\\":{\\"value\\":0.8,\\"remarks\\":null},\\"borderBuffer\\":{\\"value\\":\\"Yes\\",\\"remarks\\":null},\\"lightingCondition\\":{\\"value\\":\\"Poor\\",\\"remarks\\":null}}"	f	1	1	495	497
88	P. Gomez 5	2024-10-24 10:12:39.854765+00	2024-10-24 10:12:39.854783+00	"{\\"dateAndTime\\":\\"2024-10-24T18:12\\",\\"sidewalkPresence\\":true,\\"sidewalkWidth\\":{\\"value\\":2,\\"remarks\\":null},\\"sidewalkCondition\\":{\\"value\\":0,\\"remarks\\":null},\\"rampGradient\\":{\\"value\\":10,\\"remarks\\":null},\\"streetFurniture\\":{\\"value\\":0.5,\\"remarks\\":null},\\"borderBuffer\\":{\\"value\\":\\"Yes\\",\\"remarks\\":null},\\"lightingCondition\\":{\\"value\\":\\"Adequate\\",\\"remarks\\":null}}"	f	1	1	161	161
89	Sb cabahug start	2024-10-24 10:12:52.470348+00	2024-10-24 10:12:52.470373+00	"{\\"dateAndTime\\":\\"2024-10-24T18:12\\",\\"sidewalkPresence\\":true,\\"sidewalkWidth\\":{\\"value\\":5,\\"remarks\\":null},\\"sidewalkCondition\\":{\\"value\\":0.001,\\"remarks\\":null},\\"rampGradient\\":{\\"value\\":6,\\"remarks\\":null},\\"streetFurniture\\":{\\"value\\":5,\\"remarks\\":null},\\"borderBuffer\\":{\\"value\\":\\"Yes\\",\\"remarks\\":null},\\"lightingCondition\\":{\\"value\\":\\"Excellent\\",\\"remarks\\":null}}"	f	1	1	50	50
90	Sb cabahug 2	2024-10-24 10:13:29.567744+00	2024-10-24 10:13:29.567768+00	"{\\"dateAndTime\\":\\"2024-10-24T18:13\\",\\"sidewalkPresence\\":true,\\"sidewalkWidth\\":{\\"value\\":5,\\"remarks\\":null},\\"sidewalkCondition\\":{\\"value\\":0.001,\\"remarks\\":null},\\"rampGradient\\":{\\"value\\":1,\\"remarks\\":null},\\"streetFurniture\\":{\\"value\\":5,\\"remarks\\":null},\\"borderBuffer\\":{\\"value\\":\\"Yes\\",\\"remarks\\":null},\\"lightingCondition\\":{\\"value\\":\\"Excellent\\",\\"remarks\\":null}}"	f	1	1	51	51
91	S.B Cabahug	2024-10-24 10:13:55.532892+00	2024-10-24 10:13:55.532914+00	"{\\"dateAndTime\\":\\"2024-10-24T18:13\\",\\"sidewalkPresence\\":true,\\"sidewalkWidth\\":{\\"value\\":1.2,\\"remarks\\":null},\\"sidewalkCondition\\":{\\"value\\":0,\\"remarks\\":null},\\"rampGradient\\":{\\"value\\":4,\\"remarks\\":null},\\"streetFurniture\\":{\\"value\\":0.9,\\"remarks\\":null},\\"borderBuffer\\":{\\"value\\":\\"Yes\\",\\"remarks\\":null},\\"lightingCondition\\":{\\"value\\":\\"Poor\\",\\"remarks\\":null}}"	f	1	1	498	500
92	P. Gomez	2024-10-24 10:14:18.17513+00	2024-10-24 10:14:18.175161+00	"{\\"dateAndTime\\":\\"2024-10-24T18:13\\",\\"sidewalkPresence\\":true,\\"sidewalkWidth\\":{\\"value\\":2,\\"remarks\\":null},\\"sidewalkCondition\\":{\\"value\\":0,\\"remarks\\":null},\\"rampGradient\\":{\\"value\\":6,\\"remarks\\":null},\\"streetFurniture\\":{\\"value\\":0,\\"remarks\\":null},\\"borderBuffer\\":{\\"value\\":\\"No\\",\\"remarks\\":null},\\"lightingCondition\\":{\\"value\\":\\"Adequate\\",\\"remarks\\":null}}"	f	1	1	164	164
93	S.B Cabahug - 5	2024-10-24 10:14:38.23609+00	2024-10-24 10:14:38.236108+00	"{\\"dateAndTime\\":\\"2024-10-24T18:14\\",\\"sidewalkPresence\\":true,\\"sidewalkWidth\\":{\\"value\\":1.4,\\"remarks\\":null},\\"sidewalkCondition\\":{\\"value\\":0,\\"remarks\\":null},\\"rampGradient\\":{\\"value\\":4,\\"remarks\\":null},\\"streetFurniture\\":{\\"value\\":1,\\"remarks\\":null},\\"borderBuffer\\":{\\"value\\":\\"Yes\\",\\"remarks\\":null},\\"lightingCondition\\":{\\"value\\":\\"Excellent\\",\\"remarks\\":null}}"	f	1	1	500	502
94	Sb cabahug 3	2024-10-24 10:14:48.484783+00	2024-10-24 10:14:48.484803+00	"{\\"dateAndTime\\":\\"2024-10-24T18:14\\",\\"sidewalkPresence\\":true,\\"sidewalkWidth\\":{\\"value\\":2.2,\\"remarks\\":null},\\"sidewalkCondition\\":{\\"value\\":0.001,\\"remarks\\":null},\\"rampGradient\\":{\\"value\\":1,\\"remarks\\":null},\\"streetFurniture\\":{\\"value\\":2.2,\\"remarks\\":null},\\"borderBuffer\\":{\\"value\\":\\"Yes\\",\\"remarks\\":null},\\"lightingCondition\\":{\\"value\\":\\"Excellent\\",\\"remarks\\":null}}"	f	1	1	52	52
95	S.B Cabahug - End	2024-10-24 10:15:22.798566+00	2024-10-24 10:15:22.798587+00	"{\\"dateAndTime\\":\\"2024-10-24T18:15\\",\\"sidewalkPresence\\":true,\\"sidewalkWidth\\":{\\"value\\":1.5,\\"remarks\\":null},\\"sidewalkCondition\\":{\\"value\\":0,\\"remarks\\":null},\\"rampGradient\\":{\\"value\\":4,\\"remarks\\":null},\\"streetFurniture\\":{\\"value\\":1,\\"remarks\\":null},\\"borderBuffer\\":{\\"value\\":\\"Yes\\",\\"remarks\\":null},\\"lightingCondition\\":{\\"value\\":\\"Excellent\\",\\"remarks\\":null}}"	f	1	1	503	505
96	P. Gomez 6	2024-10-24 10:16:04.28436+00	2024-10-24 10:16:04.284382+00	"{\\"dateAndTime\\":\\"2024-10-24T18:15\\",\\"sidewalkPresence\\":true,\\"sidewalkWidth\\":{\\"value\\":1.2,\\"remarks\\":null},\\"sidewalkCondition\\":{\\"value\\":5,\\"remarks\\":null},\\"rampGradient\\":{\\"value\\":8,\\"remarks\\":null},\\"streetFurniture\\":{\\"value\\":0,\\"remarks\\":null},\\"borderBuffer\\":{\\"value\\":\\"Yes\\",\\"remarks\\":null},\\"lightingCondition\\":{\\"value\\":\\"Excellent\\",\\"remarks\\":null}}"	f	1	1	166	166
97	A. Del Rosario - Start	2024-10-24 10:16:29.126939+00	2024-10-24 10:16:29.126959+00	"{\\"dateAndTime\\":\\"2024-10-24T18:15\\",\\"sidewalkPresence\\":true,\\"sidewalkWidth\\":{\\"value\\":2,\\"remarks\\":null},\\"sidewalkCondition\\":{\\"value\\":0,\\"remarks\\":null},\\"rampGradient\\":{\\"value\\":4,\\"remarks\\":null},\\"streetFurniture\\":{\\"value\\":1.5,\\"remarks\\":null},\\"borderBuffer\\":{\\"value\\":\\"Yes\\",\\"remarks\\":null},\\"lightingCondition\\":{\\"value\\":\\"Excellent\\",\\"remarks\\":null}}"	f	1	1	504	506
98	P. Gomez 7	2024-10-24 10:17:15.149027+00	2024-10-24 10:17:15.149049+00	"{\\"dateAndTime\\":\\"2024-10-24T18:16\\",\\"sidewalkPresence\\":true,\\"sidewalkWidth\\":{\\"value\\":1.2,\\"remarks\\":null},\\"sidewalkCondition\\":{\\"value\\":0,\\"remarks\\":null},\\"rampGradient\\":{\\"value\\":8,\\"remarks\\":null},\\"streetFurniture\\":{\\"value\\":1,\\"remarks\\":null},\\"borderBuffer\\":{\\"value\\":\\"Yes\\",\\"remarks\\":null},\\"lightingCondition\\":{\\"value\\":\\"Adequate\\",\\"remarks\\":null}}"	f	1	1	170	170
99	A. Del Rosario - 2	2024-10-24 10:17:48.394687+00	2024-10-24 10:17:48.394706+00	"{\\"dateAndTime\\":\\"2024-10-24T18:17\\",\\"sidewalkPresence\\":true,\\"sidewalkWidth\\":{\\"value\\":2,\\"remarks\\":null},\\"sidewalkCondition\\":{\\"value\\":0,\\"remarks\\":null},\\"rampGradient\\":{\\"value\\":4.5,\\"remarks\\":null},\\"streetFurniture\\":{\\"value\\":1.7,\\"remarks\\":null},\\"borderBuffer\\":{\\"value\\":\\"Yes\\",\\"remarks\\":null},\\"lightingCondition\\":{\\"value\\":\\"Excellent\\",\\"remarks\\":null}}"	f	1	1	507	509
100	P. Gomez 8	2024-10-24 10:18:29.682926+00	2024-10-24 10:18:29.682952+00	"{\\"dateAndTime\\":\\"2024-10-24T18:18\\",\\"sidewalkPresence\\":true,\\"sidewalkWidth\\":{\\"value\\":1,\\"remarks\\":null},\\"sidewalkCondition\\":{\\"value\\":0,\\"remarks\\":null},\\"rampGradient\\":{\\"value\\":8,\\"remarks\\":null},\\"streetFurniture\\":{\\"value\\":0.5,\\"remarks\\":null},\\"borderBuffer\\":{\\"value\\":\\"Yes\\",\\"remarks\\":null},\\"lightingCondition\\":{\\"value\\":\\"Excellent\\",\\"remarks\\":null}}"	f	1	1	174	174
101	A. Del Rosario - 3	2024-10-24 10:19:59.510112+00	2024-10-24 10:19:59.510136+00	"{\\"dateAndTime\\":\\"2024-10-24T18:19\\",\\"sidewalkPresence\\":true,\\"sidewalkWidth\\":{\\"value\\":2,\\"remarks\\":null},\\"sidewalkCondition\\":{\\"value\\":0,\\"remarks\\":null},\\"rampGradient\\":{\\"value\\":4,\\"remarks\\":null},\\"streetFurniture\\":{\\"value\\":1.5,\\"remarks\\":null},\\"borderBuffer\\":{\\"value\\":\\"Yes\\",\\"remarks\\":null},\\"lightingCondition\\":{\\"value\\":\\"Excellent\\",\\"remarks\\":null}}"	f	1	1	510	512
102	S. B Cabahug	2024-10-24 10:20:03.404885+00	2024-10-24 10:20:03.404902+00	"{\\"dateAndTime\\":\\"2024-10-24T18:19\\",\\"sidewalkPresence\\":true,\\"sidewalkWidth\\":{\\"value\\":1.5,\\"remarks\\":null},\\"sidewalkCondition\\":{\\"value\\":0,\\"remarks\\":null},\\"rampGradient\\":{\\"value\\":8,\\"remarks\\":null},\\"streetFurniture\\":{\\"value\\":0,\\"remarks\\":null},\\"borderBuffer\\":{\\"value\\":\\"Yes\\",\\"remarks\\":null},\\"lightingCondition\\":{\\"value\\":\\"Excellent\\",\\"remarks\\":null}}"	f	1	1	177	177
103	Sb cabahug 5	2024-10-24 10:20:56.806938+00	2024-10-24 10:20:56.80696+00	"{\\"dateAndTime\\":\\"2024-10-24T18:20\\",\\"sidewalkPresence\\":true,\\"sidewalkWidth\\":{\\"value\\":2.2,\\"remarks\\":null},\\"sidewalkCondition\\":{\\"value\\":0.001,\\"remarks\\":null},\\"rampGradient\\":{\\"value\\":1,\\"remarks\\":null},\\"streetFurniture\\":{\\"value\\":2.2,\\"remarks\\":null},\\"borderBuffer\\":{\\"value\\":\\"Yes\\",\\"remarks\\":null},\\"lightingCondition\\":{\\"value\\":\\"Excellent\\",\\"remarks\\":null}}"	f	1	1	54	54
104	S.B Cabahug 2	2024-10-24 10:21:42.843106+00	2024-10-24 10:21:42.843123+00	"{\\"dateAndTime\\":\\"2024-10-24T18:21\\",\\"sidewalkPresence\\":true,\\"sidewalkWidth\\":{\\"value\\":1,\\"remarks\\":null},\\"sidewalkCondition\\":{\\"value\\":0,\\"remarks\\":null},\\"rampGradient\\":{\\"value\\":8,\\"remarks\\":null},\\"streetFurniture\\":{\\"value\\":0,\\"remarks\\":null},\\"borderBuffer\\":{\\"value\\":\\"Yes\\",\\"remarks\\":null},\\"lightingCondition\\":{\\"value\\":\\"Excellent\\",\\"remarks\\":null}}"	f	1	1	181	181
105	S.B Cabahug 3	2024-10-24 10:23:18.841009+00	2024-10-24 10:23:18.841026+00	"{\\"dateAndTime\\":\\"2024-10-24T18:22\\",\\"sidewalkPresence\\":true,\\"sidewalkWidth\\":{\\"value\\":1,\\"remarks\\":null},\\"sidewalkCondition\\":{\\"value\\":0,\\"remarks\\":null},\\"rampGradient\\":{\\"value\\":8,\\"remarks\\":null},\\"streetFurniture\\":{\\"value\\":0.5,\\"remarks\\":null},\\"borderBuffer\\":{\\"value\\":\\"Yes\\",\\"remarks\\":null},\\"lightingCondition\\":{\\"value\\":\\"Excellent\\",\\"remarks\\":null}}"	f	1	1	187	187
106	Sb cabahug 6	2024-10-24 10:23:26.850359+00	2024-10-24 10:23:26.850375+00	"{\\"dateAndTime\\":\\"2024-10-24T18:23\\",\\"sidewalkPresence\\":true,\\"sidewalkWidth\\":{\\"value\\":2.2,\\"remarks\\":null},\\"sidewalkCondition\\":{\\"value\\":0.001,\\"remarks\\":null},\\"rampGradient\\":{\\"value\\":1,\\"remarks\\":null},\\"streetFurniture\\":{\\"value\\":2.2,\\"remarks\\":null},\\"borderBuffer\\":{\\"value\\":\\"Yes\\",\\"remarks\\":null},\\"lightingCondition\\":{\\"value\\":\\"Excellent\\",\\"remarks\\":null}}"	f	1	1	56	56
162	Suson - 2	2024-10-25 07:11:26.904782+00	2024-10-25 07:11:26.904798+00	"{\\"dateAndTime\\":\\"2024-10-25T15:11\\",\\"sidewalkPresence\\":false}"	f	1	1	526	528
166	Suson - 6	2024-10-25 07:25:24.625237+00	2024-10-25 07:25:24.62526+00	"{\\"dateAndTime\\":\\"2024-10-25T15:25\\",\\"sidewalkPresence\\":false}"	f	1	1	530	532
107	A. Del Rosario - 4	2024-10-24 10:24:06.137364+00	2024-10-24 10:24:06.137382+00	"{\\"dateAndTime\\":\\"2024-10-24T18:23\\",\\"sidewalkPresence\\":true,\\"sidewalkWidth\\":{\\"value\\":2,\\"remarks\\":null},\\"sidewalkCondition\\":{\\"value\\":0,\\"remarks\\":null},\\"rampGradient\\":{\\"value\\":4,\\"remarks\\":null},\\"streetFurniture\\":{\\"value\\":1.7,\\"remarks\\":null},\\"borderBuffer\\":{\\"value\\":\\"Yes\\",\\"remarks\\":null},\\"lightingCondition\\":{\\"value\\":\\"Excellent\\",\\"remarks\\":null}}"	f	1	1	512	514
108	Sb cabahug 7	2024-10-24 10:24:35.809973+00	2024-10-24 10:24:35.809994+00	"{\\"dateAndTime\\":\\"2024-10-24T18:23\\",\\"sidewalkPresence\\":true,\\"sidewalkWidth\\":{\\"value\\":2.2,\\"remarks\\":null},\\"sidewalkCondition\\":{\\"value\\":0.001,\\"remarks\\":null},\\"rampGradient\\":{\\"value\\":7,\\"remarks\\":null},\\"streetFurniture\\":{\\"value\\":2.2,\\"remarks\\":null},\\"borderBuffer\\":{\\"value\\":\\"Yes\\",\\"remarks\\":null},\\"lightingCondition\\":{\\"value\\":\\"Excellent\\",\\"remarks\\":null}}"	f	1	1	58	58
109	S.B Cabahug 4	2024-10-24 10:24:41.4517+00	2024-10-24 10:24:41.451717+00	"{\\"dateAndTime\\":\\"2024-10-24T18:24\\",\\"sidewalkPresence\\":true,\\"sidewalkWidth\\":{\\"value\\":1,\\"remarks\\":null},\\"sidewalkCondition\\":{\\"value\\":0,\\"remarks\\":null},\\"rampGradient\\":{\\"value\\":8,\\"remarks\\":null},\\"streetFurniture\\":{\\"value\\":0.2,\\"remarks\\":null},\\"borderBuffer\\":{\\"value\\":\\"Yes\\",\\"remarks\\":null},\\"lightingCondition\\":{\\"value\\":\\"Excellent\\",\\"remarks\\":null}}"	f	1	1	188	188
110	A. Del Rosario - 5	2024-10-24 10:25:19.314112+00	2024-10-24 10:25:19.314129+00	"{\\"dateAndTime\\":\\"2024-10-24T18:24\\",\\"sidewalkPresence\\":true,\\"sidewalkWidth\\":{\\"value\\":2,\\"remarks\\":null},\\"sidewalkCondition\\":{\\"value\\":0,\\"remarks\\":null},\\"rampGradient\\":{\\"value\\":3,\\"remarks\\":null},\\"streetFurniture\\":{\\"value\\":1.7,\\"remarks\\":null},\\"borderBuffer\\":{\\"value\\":\\"Yes\\",\\"remarks\\":null},\\"lightingCondition\\":{\\"value\\":\\"Excellent\\",\\"remarks\\":null}}"	f	1	1	516	518
111	A. Del Rosario - 6	2024-10-24 10:26:14.093425+00	2024-10-24 10:26:14.093448+00	"{\\"dateAndTime\\":\\"2024-10-24T18:25\\",\\"sidewalkPresence\\":true,\\"sidewalkWidth\\":{\\"value\\":2,\\"remarks\\":null},\\"sidewalkCondition\\":{\\"value\\":0,\\"remarks\\":null},\\"rampGradient\\":{\\"value\\":3,\\"remarks\\":null},\\"streetFurniture\\":{\\"value\\":1.5,\\"remarks\\":null},\\"borderBuffer\\":{\\"value\\":\\"Yes\\",\\"remarks\\":null},\\"lightingCondition\\":{\\"value\\":\\"Excellent\\",\\"remarks\\":null}}"	f	1	1	520	522
112	S. B Cabahug 5	2024-10-24 10:26:50.865728+00	2024-10-24 10:26:50.865746+00	"{\\"dateAndTime\\":\\"2024-10-24T18:25\\",\\"sidewalkPresence\\":true,\\"sidewalkWidth\\":{\\"value\\":1,\\"remarks\\":null},\\"sidewalkCondition\\":{\\"value\\":0,\\"remarks\\":null},\\"rampGradient\\":{\\"value\\":8,\\"remarks\\":null},\\"streetFurniture\\":{\\"value\\":0.5,\\"remarks\\":null},\\"borderBuffer\\":{\\"value\\":\\"Yes\\",\\"remarks\\":null},\\"lightingCondition\\":{\\"value\\":\\"Adequate\\",\\"remarks\\":null}}"	f	1	1	189	189
113	A. Del Rosario - End	2024-10-24 10:27:09.822605+00	2024-10-24 10:27:09.822621+00	"{\\"dateAndTime\\":\\"2024-10-24T18:26\\",\\"sidewalkPresence\\":true,\\"sidewalkWidth\\":{\\"value\\":2,\\"remarks\\":null},\\"sidewalkCondition\\":{\\"value\\":0,\\"remarks\\":null},\\"rampGradient\\":{\\"value\\":4,\\"remarks\\":null},\\"streetFurniture\\":{\\"value\\":1.5,\\"remarks\\":null},\\"borderBuffer\\":{\\"value\\":\\"Yes\\",\\"remarks\\":null},\\"lightingCondition\\":{\\"value\\":\\"Excellent\\",\\"remarks\\":null}}"	f	1	1	523	525
114	Suson - Start	2024-10-24 10:27:39.805782+00	2024-10-24 10:27:39.8058+00	"{\\"dateAndTime\\":\\"2024-10-24T18:27\\",\\"sidewalkPresence\\":false}"	f	1	1	524	526
115	S. B Cabahug 7	2024-10-24 10:27:44.676797+00	2024-10-24 10:27:44.676814+00	"{\\"dateAndTime\\":\\"2024-10-24T18:27\\",\\"sidewalkPresence\\":true,\\"sidewalkWidth\\":{\\"value\\":1,\\"remarks\\":null},\\"sidewalkCondition\\":{\\"value\\":0,\\"remarks\\":null},\\"rampGradient\\":{\\"value\\":8,\\"remarks\\":null},\\"streetFurniture\\":{\\"value\\":0,\\"remarks\\":null},\\"borderBuffer\\":{\\"value\\":\\"Yes\\",\\"remarks\\":null},\\"lightingCondition\\":{\\"value\\":\\"Adequate\\",\\"remarks\\":null}}"	f	1	1	193	193
116	Suson - End	2024-10-24 10:28:09.889157+00	2024-10-24 10:28:09.889173+00	"{\\"dateAndTime\\":\\"2024-10-24T18:28\\",\\"sidewalkPresence\\":false}"	f	1	1	536	538
117	Pj burgos	2024-10-24 10:28:46.650767+00	2024-10-24 10:28:46.650784+00	"{\\"dateAndTime\\":\\"2024-10-24T18:28\\",\\"sidewalkPresence\\":true,\\"sidewalkWidth\\":{\\"value\\":1.1,\\"remarks\\":null},\\"sidewalkCondition\\":{\\"value\\":0.001,\\"remarks\\":null},\\"rampGradient\\":{\\"value\\":1,\\"remarks\\":null},\\"streetFurniture\\":{\\"value\\":1.1,\\"remarks\\":null},\\"borderBuffer\\":{\\"value\\":\\"Yes\\",\\"remarks\\":null},\\"lightingCondition\\":{\\"value\\":\\"Excellent\\",\\"remarks\\":null}}"	f	1	1	29	29
118	S.B Cabahug 8	2024-10-24 10:28:51.812705+00	2024-10-24 10:28:51.812724+00	"{\\"dateAndTime\\":\\"2024-10-24T18:28\\",\\"sidewalkPresence\\":true,\\"sidewalkWidth\\":{\\"value\\":1,\\"remarks\\":null},\\"sidewalkCondition\\":{\\"value\\":0,\\"remarks\\":null},\\"rampGradient\\":{\\"value\\":8,\\"remarks\\":null},\\"streetFurniture\\":{\\"value\\":0,\\"remarks\\":null},\\"borderBuffer\\":{\\"value\\":\\"Yes\\",\\"remarks\\":null},\\"lightingCondition\\":{\\"value\\":\\"Excellent\\",\\"remarks\\":null}}"	f	1	1	196	196
119	Pj cabahug 10	2024-10-24 10:29:44.369578+00	2024-10-24 10:29:44.369602+00	"{\\"dateAndTime\\":\\"2024-10-24T18:29\\",\\"sidewalkPresence\\":true,\\"sidewalkWidth\\":{\\"value\\":1.1,\\"remarks\\":null},\\"sidewalkCondition\\":{\\"value\\":3,\\"remarks\\":null},\\"rampGradient\\":{\\"value\\":5,\\"remarks\\":null},\\"streetFurniture\\":{\\"value\\":1,\\"remarks\\":null},\\"borderBuffer\\":{\\"value\\":\\"Yes\\",\\"remarks\\":null},\\"lightingCondition\\":{\\"value\\":\\"Excellent\\",\\"remarks\\":null}}"	f	1	1	28	28
120	S.B Cabahug 9	2024-10-24 10:30:06.713084+00	2024-10-24 10:30:06.713104+00	"{\\"dateAndTime\\":\\"2024-10-24T18:30\\",\\"sidewalkPresence\\":true,\\"sidewalkWidth\\":{\\"value\\":1,\\"remarks\\":null},\\"sidewalkCondition\\":{\\"value\\":5,\\"remarks\\":null},\\"rampGradient\\":{\\"value\\":5,\\"remarks\\":null},\\"streetFurniture\\":{\\"value\\":0.8,\\"remarks\\":null},\\"borderBuffer\\":{\\"value\\":\\"Yes\\",\\"remarks\\":null},\\"lightingCondition\\":{\\"value\\":\\"Excellent\\",\\"remarks\\":null}}"	f	1	1	198	198
121	Pj cavahug	2024-10-24 10:31:24.259535+00	2024-10-24 10:31:24.259551+00	"{\\"dateAndTime\\":\\"2024-10-24T18:30\\",\\"sidewalkPresence\\":true,\\"sidewalkWidth\\":{\\"value\\":1.1,\\"remarks\\":null},\\"sidewalkCondition\\":{\\"value\\":1,\\"remarks\\":null},\\"rampGradient\\":{\\"value\\":6,\\"remarks\\":null},\\"streetFurniture\\":{\\"value\\":0.8,\\"remarks\\":null},\\"borderBuffer\\":{\\"value\\":\\"Yes\\",\\"remarks\\":null},\\"lightingCondition\\":{\\"value\\":\\"Excellent\\",\\"remarks\\":null}}"	f	1	1	27	27
122	S.B Cabahug 10	2024-10-24 10:31:24.72936+00	2024-10-24 10:31:24.729377+00	"{\\"dateAndTime\\":\\"2024-10-24T18:30\\",\\"sidewalkPresence\\":true,\\"sidewalkWidth\\":{\\"value\\":1.5,\\"remarks\\":null},\\"sidewalkCondition\\":{\\"value\\":10,\\"remarks\\":null},\\"rampGradient\\":{\\"value\\":6,\\"remarks\\":null},\\"streetFurniture\\":{\\"value\\":0,\\"remarks\\":null},\\"borderBuffer\\":{\\"value\\":\\"No\\",\\"remarks\\":null},\\"lightingCondition\\":{\\"value\\":\\"Adequate\\",\\"remarks\\":null}}"	f	1	1	199	199
123	S.B Cabahug 11	2024-10-24 10:31:52.040602+00	2024-10-24 10:31:52.040619+00	"{\\"dateAndTime\\":\\"2024-10-24T18:31\\",\\"sidewalkPresence\\":false}"	f	1	1	201	201
124	Pj cabahug 12	2024-10-24 10:32:38.756707+00	2024-10-24 10:32:38.756724+00	"{\\"dateAndTime\\":\\"2024-10-24T18:31\\",\\"sidewalkPresence\\":true,\\"sidewalkWidth\\":{\\"value\\":1,\\"remarks\\":null},\\"sidewalkCondition\\":{\\"value\\":1,\\"remarks\\":null},\\"rampGradient\\":{\\"value\\":8,\\"remarks\\":null},\\"streetFurniture\\":{\\"value\\":0.8,\\"remarks\\":null},\\"borderBuffer\\":{\\"value\\":\\"Yes\\",\\"remarks\\":null},\\"lightingCondition\\":{\\"value\\":\\"Excellent\\",\\"remarks\\":null}}"	f	1	1	26	26
125	Pj cabahug 13	2024-10-24 10:33:34.112636+00	2024-10-24 10:33:34.112654+00	"{\\"dateAndTime\\":\\"2024-10-24T18:33\\",\\"sidewalkPresence\\":true,\\"sidewalkWidth\\":{\\"value\\":1.1,\\"remarks\\":null},\\"sidewalkCondition\\":{\\"value\\":0.001,\\"remarks\\":null},\\"rampGradient\\":{\\"value\\":1,\\"remarks\\":null},\\"streetFurniture\\":{\\"value\\":1.1,\\"remarks\\":null},\\"borderBuffer\\":{\\"value\\":\\"Yes\\",\\"remarks\\":null},\\"lightingCondition\\":{\\"value\\":\\"Excellent\\",\\"remarks\\":null}}"	f	1	1	25	25
163	Suson - 3	2024-10-25 07:23:00.250718+00	2024-10-25 07:23:00.250736+00	"{\\"dateAndTime\\":\\"2024-10-25T15:22\\",\\"sidewalkPresence\\":false}"	f	1	1	527	529
126	A. Del Rosario - 3.5	2024-10-24 10:34:20.512572+00	2024-10-24 10:34:20.51259+00	"{\\"dateAndTime\\":\\"2024-10-24T18:33\\",\\"sidewalkPresence\\":true,\\"sidewalkWidth\\":{\\"value\\":2,\\"remarks\\":null},\\"sidewalkCondition\\":{\\"value\\":0,\\"remarks\\":null},\\"rampGradient\\":{\\"value\\":3.5,\\"remarks\\":null},\\"streetFurniture\\":{\\"value\\":1.5,\\"remarks\\":null},\\"borderBuffer\\":{\\"value\\":\\"Yes\\",\\"remarks\\":null},\\"lightingCondition\\":{\\"value\\":\\"Excellent\\",\\"remarks\\":null}}"	f	1	1	509	511
144	S.B Cabahug - 4.5	2024-10-25 06:09:06.113573+00	2024-10-25 06:09:06.113591+00	"{\\"dateAndTime\\":\\"2024-10-25T14:08\\",\\"sidewalkPresence\\":true,\\"sidewalkWidth\\":{\\"value\\":1.5,\\"remarks\\":null},\\"sidewalkCondition\\":{\\"value\\":0.00001,\\"remarks\\":null},\\"rampGradient\\":{\\"value\\":4,\\"remarks\\":null},\\"streetFurniture\\":{\\"value\\":0.8,\\"remarks\\":null},\\"borderBuffer\\":{\\"value\\":\\"Yes\\",\\"remarks\\":null},\\"lightingCondition\\":{\\"value\\":\\"Excellent\\",\\"remarks\\":null}}"	f	1	1	496	498
146	S.B Cabahug - 6.5	2024-10-25 06:11:11.111001+00	2024-10-25 06:11:11.111018+00	"{\\"dateAndTime\\":\\"2024-10-25T14:10\\",\\"sidewalkPresence\\":true,\\"sidewalkWidth\\":{\\"value\\":1.5,\\"remarks\\":null},\\"sidewalkCondition\\":{\\"value\\":0.000001,\\"remarks\\":null},\\"rampGradient\\":{\\"value\\":4,\\"remarks\\":null},\\"streetFurniture\\":{\\"value\\":0.9,\\"remarks\\":null},\\"borderBuffer\\":{\\"value\\":\\"Yes\\",\\"remarks\\":null},\\"lightingCondition\\":{\\"value\\":\\"Excellent\\",\\"remarks\\":null}}"	f	1	1	499	501
148	S.B Cabahug - 8.5	2024-10-25 06:13:36.046439+00	2024-10-25 06:13:36.046457+00	"{\\"dateAndTime\\":\\"2024-10-25T14:12\\",\\"sidewalkPresence\\":true,\\"sidewalkWidth\\":{\\"value\\":1.2,\\"remarks\\":null},\\"sidewalkCondition\\":{\\"value\\":0.00001,\\"remarks\\":null},\\"rampGradient\\":{\\"value\\":4,\\"remarks\\":null},\\"streetFurniture\\":{\\"value\\":0.5,\\"remarks\\":null},\\"borderBuffer\\":{\\"value\\":\\"Yes\\",\\"remarks\\":null},\\"lightingCondition\\":{\\"value\\":\\"Excellent\\",\\"remarks\\":null}}"	f	1	1	502	504
150	A. Del Rosario - 1.5	2024-10-25 06:21:24.097037+00	2024-10-25 06:21:24.097053+00	"{\\"dateAndTime\\":\\"2024-10-25T14:21\\",\\"sidewalkPresence\\":true,\\"sidewalkWidth\\":{\\"value\\":2,\\"remarks\\":null},\\"sidewalkCondition\\":{\\"value\\":0.00001,\\"remarks\\":null},\\"rampGradient\\":{\\"value\\":4,\\"remarks\\":null},\\"streetFurniture\\":{\\"value\\":1,\\"remarks\\":null},\\"borderBuffer\\":{\\"value\\":\\"Yes\\",\\"remarks\\":null},\\"lightingCondition\\":{\\"value\\":\\"Excellent\\",\\"remarks\\":null}}"	f	1	1	506	508
152	A. Del Rosario - 4.5	2024-10-25 06:25:07.533442+00	2024-10-25 06:25:07.533459+00	"{\\"dateAndTime\\":\\"2024-10-25T14:24\\",\\"sidewalkPresence\\":true,\\"sidewalkWidth\\":{\\"value\\":2.5,\\"remarks\\":null},\\"sidewalkCondition\\":{\\"value\\":0.00001,\\"remarks\\":null},\\"rampGradient\\":{\\"value\\":3,\\"remarks\\":null},\\"streetFurniture\\":{\\"value\\":0.8,\\"remarks\\":null},\\"borderBuffer\\":{\\"value\\":\\"Yes\\",\\"remarks\\":null},\\"lightingCondition\\":{\\"value\\":\\"Excellent\\",\\"remarks\\":null}}"	f	1	1	511	513
154	A. Del Rosario 6.5	2024-10-25 06:28:32.545+00	2024-10-25 06:28:32.545016+00	"{\\"dateAndTime\\":\\"2024-10-25T14:28\\",\\"sidewalkPresence\\":true,\\"sidewalkWidth\\":{\\"value\\":2,\\"remarks\\":null},\\"sidewalkCondition\\":{\\"value\\":0.0001,\\"remarks\\":null},\\"rampGradient\\":{\\"value\\":4,\\"remarks\\":null},\\"streetFurniture\\":{\\"value\\":1.5,\\"remarks\\":null},\\"borderBuffer\\":{\\"value\\":\\"Yes\\",\\"remarks\\":null},\\"lightingCondition\\":{\\"value\\":\\"Excellent\\",\\"remarks\\":null}}"	f	1	1	514	516
156	A. Del Rosario - 9.5	2024-10-25 07:06:03.91439+00	2024-10-25 07:06:03.914407+00	"{\\"dateAndTime\\":\\"2024-10-25T15:04\\",\\"sidewalkPresence\\":true,\\"sidewalkWidth\\":{\\"value\\":2,\\"remarks\\":null},\\"sidewalkCondition\\":{\\"value\\":0.00001,\\"remarks\\":null},\\"rampGradient\\":{\\"value\\":4,\\"remarks\\":null},\\"streetFurniture\\":{\\"value\\":1.4,\\"remarks\\":null},\\"borderBuffer\\":{\\"value\\":\\"Yes\\",\\"remarks\\":null},\\"lightingCondition\\":{\\"value\\":\\"Excellent\\",\\"remarks\\":null}}"	f	1	1	517	519
158	A. Del Rosario - 11.5	2024-10-25 07:08:52.139571+00	2024-10-25 07:08:52.13959+00	"{\\"dateAndTime\\":\\"2024-10-25T15:07\\",\\"sidewalkPresence\\":true,\\"sidewalkWidth\\":{\\"value\\":2,\\"remarks\\":null},\\"sidewalkCondition\\":{\\"value\\":0.000001,\\"remarks\\":null},\\"rampGradient\\":{\\"value\\":4,\\"remarks\\":null},\\"streetFurniture\\":{\\"value\\":1.5,\\"remarks\\":null},\\"borderBuffer\\":{\\"value\\":\\"Yes\\",\\"remarks\\":null},\\"lightingCondition\\":{\\"value\\":\\"Excellent\\",\\"remarks\\":null}}"	f	1	1	519	521
160	A. Del Rosario - 13.5	2024-10-25 07:10:24.47919+00	2024-10-25 07:10:24.479208+00	"{\\"dateAndTime\\":\\"2024-10-25T15:10\\",\\"sidewalkPresence\\":true,\\"sidewalkWidth\\":{\\"value\\":2,\\"remarks\\":null},\\"sidewalkCondition\\":{\\"value\\":0.000001,\\"remarks\\":null},\\"rampGradient\\":{\\"value\\":3.5,\\"remarks\\":null},\\"streetFurniture\\":{\\"value\\":0.8,\\"remarks\\":null},\\"borderBuffer\\":{\\"value\\":\\"Yes\\",\\"remarks\\":null},\\"lightingCondition\\":{\\"value\\":\\"Excellent\\",\\"remarks\\":null}}"	f	1	1	522	524
164	Suson - 4	2024-10-25 07:24:43.786206+00	2024-10-25 07:24:43.786229+00	"{\\"dateAndTime\\":\\"2024-10-25T15:24\\",\\"sidewalkPresence\\":false}"	f	1	1	528	530
167	Suson - 7	2024-10-25 07:25:42.246278+00	2024-10-25 07:25:42.246301+00	"{\\"dateAndTime\\":\\"2024-10-25T15:25\\",\\"sidewalkPresence\\":false}"	f	1	1	531	533
169	Suson - 9	2024-10-25 07:26:08.680326+00	2024-10-25 07:26:08.680358+00	"{\\"dateAndTime\\":\\"2024-10-25T15:26\\",\\"sidewalkPresence\\":false}"	f	1	1	533	535
171	Suson - 11	2024-10-25 07:26:50.548305+00	2024-10-25 07:26:50.548321+00	"{\\"dateAndTime\\":\\"2024-10-25T15:26\\",\\"sidewalkPresence\\":false}"	f	1	1	535	537
173	pj burgos end	2024-10-25 08:19:02.800377+00	2024-10-25 08:19:02.800395+00	"{\\"dateAndTime\\":\\"2024-10-25T16:17\\",\\"sidewalkPresence\\":true,\\"sidewalkWidth\\":{\\"value\\":1.2,\\"remarks\\":null},\\"sidewalkCondition\\":{\\"value\\":0.0001,\\"remarks\\":null},\\"rampGradient\\":{\\"value\\":1,\\"remarks\\":null},\\"streetFurniture\\":{\\"value\\":1.1,\\"remarks\\":null},\\"borderBuffer\\":{\\"value\\":\\"Yes\\",\\"remarks\\":null},\\"lightingCondition\\":{\\"value\\":\\"Excellent\\",\\"remarks\\":null}}"	f	1	1	21	21
175	zamora st 3	2024-10-25 08:21:14.417936+00	2024-10-25 08:21:14.417952+00	"{\\"dateAndTime\\":\\"2024-10-25T16:21\\",\\"sidewalkPresence\\":false}"	f	1	1	7	7
177	zamora st	2024-10-25 08:21:59.222709+00	2024-10-25 08:21:59.222725+00	"{\\"dateAndTime\\":\\"2024-10-25T16:21\\",\\"sidewalkPresence\\":false}"	f	1	1	9	9
179	B. Ceniza - 1.5	2024-10-25 08:22:36.081452+00	2024-10-25 08:22:36.081467+00	"{\\"dateAndTime\\":\\"2024-10-25T16:22\\",\\"sidewalkPresence\\":false}"	f	1	1	141	141
181	B. Ceniza - 3	2024-10-25 08:22:58.80296+00	2024-10-25 08:22:58.802986+00	"{\\"dateAndTime\\":\\"2024-10-25T16:22\\",\\"sidewalkPresence\\":false}"	f	1	1	143	143
183	B. Ceniza - 6	2024-10-25 08:23:30.063607+00	2024-10-25 08:23:30.063625+00	"{\\"dateAndTime\\":\\"2024-10-25T16:23\\",\\"sidewalkPresence\\":false}"	f	1	1	146	146
185	B. Ceniza - 8	2024-10-25 08:24:14.202112+00	2024-10-25 08:24:14.20213+00	"{\\"dateAndTime\\":\\"2024-10-25T16:24\\",\\"sidewalkPresence\\":false}"	f	1	1	149	149
194	test delete	2024-10-27 00:39:13.412817+00	2024-10-27 00:39:13.412832+00	"{\\"dateAndTime\\":\\"2024-10-27T08:39\\",\\"sidewalkPresence\\":false}"	f	1	1	490	491
187	B. Ceniza - 10	2024-10-25 08:24:52.950723+00	2024-10-25 08:24:52.950742+00	"{\\"dateAndTime\\":\\"2024-10-25T16:24\\",\\"sidewalkPresence\\":false}"	t	1	1	151	151
\.


--
-- Data for Name: annotation_annotationform; Type: TABLE DATA; Schema: public; Owner: postgres
--

COPY public.annotation_annotationform (id, form_data, created_on, updated_on, removed, name) FROM stdin;
1	{"fields": [{"field_name": "Field1", "field_type": "text"}, {"field_name": "Field2", "field_type": "text"}, {"field_name": "Field3", "field_type": "number"}]}	2024-10-22 10:21:10.543466+00	2024-10-22 10:21:10.543515+00	t	Form C
\.


--
-- Data for Name: annotation_annotationimage; Type: TABLE DATA; Schema: public; Owner: postgres
--

COPY public.annotation_annotationimage (id, annotation_id, file_id) FROM stdin;
11	48	11
12	49	12
13	50	13
14	53	14
15	51	15
16	54	16
17	55	17
18	56	18
19	57	19
20	61	20
21	58	22
22	64	23
23	70	24
24	75	25
25	77	26
26	78	27
27	92	28
28	96	29
29	100	30
30	102	31
31	104	32
32	105	33
33	109	34
34	112	35
35	115	36
36	118	37
37	120	38
38	122	39
\.


--
-- Data for Name: annotation_coordinates; Type: TABLE DATA; Schema: public; Owner: postgres
--

COPY public.annotation_coordinates (id, latitude, longitude, removed) FROM stdin;
1	10.327838106500119	123.94276552775179	f
2	10.327812141965252	123.94282880416924	f
3	10.327786177418053	123.94289208057626	f
4	10.327760212858532	123.94295535697282	f
5	10.327734248286687	123.94301863335893	f
6	10.327708283702513	123.94308190973459	f
7	10.327682319106016	123.9431451860998	f
8	10.327656354497194	123.94320846245455	f
9	10.327630389876045	123.94327173879887	f
10	10.327604425242571	123.94333501513273	f
11	10.327578460596774	123.94339829145613	f
12	10.327552495938649	123.94346156776909	f
13	10.327542091888013	123.94348692260589	f
14	10.327521804562542	123.94355230760814	f
15	10.327501517223915	123.94361769260195	f
16	10.32749235169986	123.94364723257297	f
17	10.327470433261315	123.94371207136352	f
18	10.327448514809822	123.94377691014503	f
19	10.327426596345392	123.9438417489175	f
20	10.327404677868023	123.94390658768093	f
21	10.327397724003827	123.943927158441	f
22	10.32733446094685	123.94390338186392	f
23	10.327271197888132	123.9438796052964	f
24	10.327253356045842	123.94387289968243	f
25	10.327189309228741	123.94385140011237	f
26	10.327125262410211	123.94382990055107	f
27	10.327061215590263	123.94380840099849	f
28	10.326997168768887	123.94378690145471	f
29	10.326933121946091	123.9437654019197	f
30	10.326869075121868	123.94374390239342	f
31	10.326860286669318	123.94374095224683	f
32	10.326884283316309	123.94367687835869	f
33	10.326908279950661	123.94361280446078	f
34	10.326932276572379	123.94354873055309	f
35	10.32695627318146	123.9434846566356	f
36	10.326980269777902	123.94342058270834	f
37	10.327004266361707	123.9433565087713	f
38	10.327028262932876	123.9432924348245	f
39	10.327052259491408	123.94322836086789	f
40	10.327076256037303	123.94316428690152	f
41	10.327100252570562	123.94310021292536	f
42	10.327124249091183	123.94303613893942	f
43	10.327148245599163	123.94297206494373	f
44	10.327172242094509	123.94290799093822	f
45	10.32719623857722	123.94284391692294	f
46	10.32720729831147	123.94281438584785	f
47	10.327273385142242	123.94282809504587	f
48	10.327303689288046	123.94283438140673	f
49	10.327370605565559	123.94282578140462	f
50	10.327389260841208	123.94282338384966	f
51	10.327438439884201	123.94280438806929	f
52	10.327501212904654	123.94277930542245	f
53	10.327563985923168	123.94275422276561	f
54	10.32758105906539	123.94274740072812	f
55	10.327648106681455	123.94273993204197	f
56	10.327652860421791	123.94273940250484	f
57	10.327720243517764	123.94274243315894	f
58	10.32776400495862	123.94274440139495	f
59	10.327828947828811	123.94276291661315	f
60	10.327176807280347	123.94280238851418	f
61	10.327152753568546	123.94286644035061	f
62	10.327128699844117	123.94293049217721	f
63	10.327104646107058	123.94299454399405	f
64	10.327080592357369	123.94305859580106	f
65	10.327056538595052	123.94312264759826	f
66	10.327032484820107	123.94318669938568	f
67	10.327008431032533	123.9432507511633	f
68	10.326984377232334	123.94331480293114	f
69	10.3269603234195	123.94337885468913	f
70	10.326936269594045	123.94344290643737	f
71	10.326912215755957	123.94350695817579	f
72	10.326888161905242	123.94357100990439	f
73	10.326864108041901	123.94363506162321	f
74	10.326840054165931	123.94369911333224	f
75	10.326827635615906	123.94373218197137	f
76	10.326765098687392	123.94370649727917	f
77	10.326702561756843	123.94368081259717	f
78	10.326640024824261	123.9436551279254	f
79	10.326577487889656	123.94362944326386	f
80	10.326514950953015	123.94360375861251	f
81	10.326452414014344	123.94357807397138	f
82	10.326389877073641	123.94355238934048	f
83	10.32632734013091	123.94352670471977	f
84	10.326294533340048	123.94351323060886	f
85	10.32631775756376	123.94344886342961	f
86	10.326340981774718	123.94338449624085	f
87	10.326364205972924	123.9433201290426	f
88	10.326387430158377	123.94325576183482	f
89	10.32641065433108	123.94319139461754	f
90	10.326433878491029	123.94312702739076	f
91	10.326442070956833	123.94310432144343	f
92	10.326469118879878	123.94304151594766	f
93	10.326496166790786	123.94297871044111	f
94	10.326523214689553	123.94291590492372	f
95	10.326550262576179	123.94285309939556	f
96	10.32657731045066	123.94279029385658	f
97	10.326604358313007	123.94272748830679	f
98	10.326631406163209	123.94266468274618	f
99	10.326658454001267	123.9426018771748	f
100	10.326685501827189	123.9425390715926	f
101	10.326712549640966	123.9424762659996	f
102	10.326739597442606	123.94241346039577	f
103	10.326763702729874	123.94235748734364	f
104	10.326820814048748	123.94239396228826	f
105	10.32687484758206	123.94242847157659	f
106	10.32691676005569	123.9424821878797	f
107	10.326958672520444	123.94253590419714	f
108	10.326965337164486	123.94254444581443	f
109	10.326997055335683	123.94260495183532	f
110	10.327028773495613	123.94266545786843	f
111	10.327037138661494	123.94268141538875	f
112	10.32707451477672	123.94272840495076	f
113	10.327129471628608	123.94276815276048	f
114	10.32787136744224	123.94269328472087	f
115	10.327895405369075	123.94262922661574	f
116	10.327919443283278	123.94256516850076	f
117	10.327943481184853	123.94250111037603	f
118	10.327967519073793	123.94243705224147	f
119	10.327991556950101	123.94237299409713	f
120	10.328015594813776	123.942308935943	f
121	10.328039632664822	123.94224487777906	f
122	10.328063670503234	123.94218081960534	f
123	10.328087708329013	123.94211676142183	f
124	10.328111746142165	123.94205270322853	f
125	10.32813578394268	123.94198864502542	f
126	10.328159821730564	123.94192458681252	f
127	10.328183859505815	123.94186052858983	f
128	10.328207897268436	123.9417964703573	f
129	10.328231935018422	123.941732412115	f
130	10.32825597275578	123.94166835386292	f
131	10.328280010480501	123.94160429560107	f
132	10.328304048192594	123.94154023732939	f
133	10.328328085892052	123.94147617904791	f
134	10.328352123578878	123.94141212075664	f
135	10.328376161253072	123.94134806245557	f
136	10.32840019891463	123.94128400414472	f
137	10.328415169933498	123.94124410763872	f
138	10.328350489973015	123.94122466476004	f
139	10.32828581001137	123.94120522188936	f
140	10.328221130048563	123.9411857790267	f
141	10.32815645008459	123.94116633617205	f
142	10.328091770119455	123.94114689332535	f
143	10.328027090153153	123.94112745048666	f
144	10.327962410185691	123.941108007656	f
145	10.327897730217066	123.94108856483334	f
146	10.327833050247271	123.94106912201866	f
147	10.327768370276319	123.94104967921196	f
148	10.327703690304203	123.94103023641327	f
149	10.32763901033092	123.94101079362261	f
150	10.327574330356475	123.94099135083994	f
151	10.327509650380865	123.94097190806525	f
152	10.327444970404093	123.94095246529857	f
153	10.327380290426156	123.94093302253988	f
154	10.327330512580263	123.94091805935794	f
155	10.327305386786952	123.94098168456186	f
156	10.327280260981178	123.94104530975561	f
157	10.327255135162943	123.94110893493918	f
158	10.327230009332249	123.94117256011259	f
159	10.327204883489095	123.94123618527586	f
160	10.327179757633477	123.94129981042894	f
161	10.327154631765403	123.94136343557184	f
162	10.327129505884864	123.94142706070457	f
163	10.327104379991864	123.94149068582715	f
164	10.327079254086405	123.94155431093955	f
165	10.327054128168486	123.94161793604178	f
166	10.327029002238104	123.94168156113385	f
167	10.327003876295265	123.94174518621575	f
168	10.326978750339963	123.94180881128746	f
169	10.326953624372203	123.94187243634902	f
170	10.326928498391977	123.94193606140043	f
171	10.326903372399297	123.94199968644165	f
172	10.326878246394152	123.94206331147271	f
173	10.32685312037655	123.9421269364936	f
174	10.326827994346484	123.94219056150433	f
175	10.326802868303957	123.94225418650487	f
176	10.3267850649823	123.94229926864283	f
177	10.326842520759584	123.94233518031078	f
178	10.3268999765329	123.94237109199186	f
179	10.326913452585071	123.94237951495424	f
180	10.32695863372419	123.94243041986451	f
181	10.326979639963639	123.94245408728676	f
182	10.327016724159881	123.94251135442612	f
183	10.327021106747972	123.94251812222424	f
184	10.327051712558113	123.94257921730187	f
185	10.327082318356766	123.94264031239142	f
186	10.32708729410214	123.94265024494418	f
187	10.32711998905508	123.9426842888352	f
188	10.327174717459833	123.94272436099666	f
189	10.327214086705554	123.94275318718613	f
190	10.327280422153756	123.94276559389579	f
191	10.32731376639478	123.94277183026657	f
192	10.327373574189874	123.94276696685357	f
193	10.327433381973583	123.94273616523786	f
194	10.327497220603952	123.94271403515943	f
195	10.32756105923281	123.94269190507201	f
196	10.3275713385513	123.94268834167666	f
197	10.32763782856926	123.94267682151076	f
198	10.327641512975742	123.9426761831445	f
199	10.327708916908401	123.94267868975253	f
200	10.327772292536594	123.94268104655751	f
201	10.32783924897474	123.9426893173072	f
202	10.327911186170235	123.94282920433164	f
203	10.32797643626889	123.94284656769236	f
204	10.328041686366616	123.94286393106026	f
205	10.328106936463413	123.94288129443535	f
206	10.328172186559284	123.94289865781766	f
207	10.328237436654225	123.9429160212072	f
208	10.328302686748238	123.94293338460393	f
209	10.328367936841323	123.94295074800787	f
210	10.328433186933482	123.94296811141903	f
211	10.328498437024708	123.9429854748374	f
212	10.328563687115011	123.94300283826296	f
213	10.328628937204382	123.94302020169573	f
214	10.328694187292825	123.94303756513571	f
215	10.328759437380345	123.94305492858288	f
216	10.328824687466932	123.9430722920373	f
217	10.328889937552594	123.94308965549888	f
218	10.328955187637323	123.94310701896768	f
219	10.329008281849752	123.9431211476859	f
220	10.328979617135989	123.94318320835241	f
221	10.328950952410366	123.94324526900762	f
222	10.328922287672885	123.94330732965149	f
223	10.328893622923545	123.94336939028405	f
224	10.32886495816235	123.9434314509053	f
225	10.328836293389298	123.94349351151521	f
226	10.32880762860439	123.94355557211381	f
227	10.32877896380762	123.94361763270109	f
228	10.328750298998992	123.94367969327709	f
229	10.32872163417851	123.94374175384175	f
230	10.328692969346173	123.9438038143951	f
231	10.328664304501974	123.94386587493709	f
232	10.32863563964592	123.9439279354678	f
233	10.328606974778008	123.94398999598722	f
234	10.328578309898239	123.94405205649527	f
235	10.328549645006616	123.94411411699204	f
236	10.328520980103132	123.94417617747747	f
237	10.328492315187795	123.94423823795158	f
238	10.3284636502606	123.94430029841439	f
239	10.328434985321545	123.94436235886587	f
240	10.328423605252436	123.94438699704605	f
241	10.328361885657134	123.94435934488307	f
242	10.328300166059485	123.94433169273094	f
243	10.32823844645948	123.94430404058967	f
244	10.328176726857121	123.94427638845927	f
245	10.328115007252407	123.9442487363397	f
246	10.328053287645343	123.944221084231	f
247	10.327991568035921	123.94419343213318	f
248	10.327929848424146	123.9441657800462	f
249	10.327868128810021	123.94413812797008	f
250	10.327806409193538	123.94411047590482	f
251	10.327744689574699	123.94408282385038	f
252	10.327682969953512	123.94405517180684	f
253	10.327621250329969	123.94402751977412	f
254	10.327596503654119	123.9440164326086	f
255	10.32753347336664	123.94399202564719	f
256	10.327470443077326	123.94396761869557	f
257	10.327455416279617	123.943961799934	f
258	10.327477219462008	123.94389692100926	f
259	10.32749902263144	123.94383204207551	f
260	10.327520825787918	123.94376716313276	f
261	10.327542628931434	123.94370228418101	f
262	10.327564432061997	123.94363740522029	f
263	10.3275862351796	123.94357252625056	f
264	10.327608038284247	123.9435076472718	f
265	10.327617498790715	123.94347949585345	f
266	10.327645638697822	123.94341718779336	f
267	10.327673778592976	123.94335487972212	f
268	10.327701918476183	123.9432925716397	f
269	10.327730058347436	123.94323026354616	f
270	10.327758198206741	123.94316795544145	f
271	10.327786338054091	123.94310564732558	f
272	10.327814477889493	123.9430433391986	f
273	10.327842617712944	123.94298103106043	f
274	10.327870757524444	123.9429187229111	f
275	10.327898897323992	123.94285641475065	f
276	10.327949160125076	123.9427061438675	f
277	10.327972862015471	123.94264195650162	f
278	10.327996563893182	123.94257776912605	f
279	10.32802026575821	123.9425135817408	f
280	10.328043967610554	123.94244939434586	f
281	10.328067669450219	123.94238520694127	f
282	10.328091371277196	123.942321019527	f
283	10.32811507309149	123.94225683210304	f
284	10.328138774893105	123.94219264466942	f
285	10.328162476682035	123.9421284572261	f
286	10.328186178458282	123.94206426977311	f
287	10.328209880221843	123.94200008231044	f
288	10.328233581972723	123.94193589483812	f
289	10.328257283710922	123.94187170735607	f
290	10.328280985436434	123.94180751986437	f
291	10.328304687149265	123.941743332363	f
292	10.32832838884941	123.94167914485195	f
293	10.328352090536873	123.94161495733121	f
294	10.328375792211652	123.94155076980078	f
295	10.32839949387375	123.94148658226071	f
296	10.328423195523163	123.94142239471094	f
297	10.328446897159893	123.9413582071515	f
298	10.328470598783937	123.94129401958237	f
299	10.328478099056525	123.94127370770494	f
300	10.32854158997069	123.94129684833308	f
301	10.32860508088321	123.94131998897053	f
302	10.328668571794077	123.94134312961737	f
303	10.328732062703299	123.94136627027352	f
304	10.328795553610874	123.94138941093904	f
305	10.32879878382704	123.94139058826303	f
306	10.328767551153554	123.94145135501509	f
307	10.328736318468703	123.94151212175504	f
308	10.328705085772487	123.94157288848292	f
309	10.3286738530649	123.94163365519873	f
310	10.328642620345946	123.94169442190247	f
311	10.328611387615624	123.94175518859413	f
312	10.328580154873933	123.94181595527373	f
313	10.328548922120877	123.94187672194124	f
314	10.32851768935645	123.94193748859668	f
315	10.328486456580658	123.94199825524007	f
316	10.328455223793497	123.94205902187136	f
317	10.32842399099497	123.94211978849059	f
318	10.328392758185073	123.94218055509772	f
319	10.328361525363812	123.9422413216928	f
320	10.328330292531179	123.94230208827581	f
321	10.32829905968718	123.94236285484673	f
322	10.328267826831814	123.9424236214056	f
323	10.328236593965082	123.94248438795239	f
324	10.32820536108698	123.94254515448708	f
325	10.328174128197512	123.9426059210097	f
326	10.328142895296676	123.94266668752029	f
327	10.328111662384472	123.94272745401875	f
328	10.328099920591892	123.94275029874551	f
329	10.3280351083533	123.94273131646612	f
330	10.327970296113602	123.94271233419452	f
331	10.326854723150985	123.94381331576119	f
332	10.32691842158288	123.94383585933562	f
333	10.326982120013204	123.94385840291919	f
334	10.327045818441961	123.94388094651194	f
335	10.327109516869156	123.94390349011378	f
336	10.327173215294787	123.94392603372474	f
337	10.327180609866094	123.94392865074984	f
338	10.327151557709588	123.94399052463001	f
339	10.327122505541295	123.94405239849874	f
340	10.327093453361215	123.94411427235602	f
341	10.327064401169354	123.9441761462019	f
342	10.327035348965707	123.94423802003632	f
343	10.327006296750277	123.94429989385932	f
344	10.326977244523059	123.94436176767088	f
345	10.32694819228406	123.94442364147099	f
346	10.32691914003328	123.94448551525971	f
347	10.326890087770712	123.94454738903697	f
348	10.326861035496362	123.94460926280277	f
349	10.326831983210226	123.94467113655719	f
350	10.326802930912308	123.94473301030015	f
351	10.326773878602605	123.94479488403167	f
352	10.32674482628112	123.94485675775175	f
353	10.32671577394785	123.94491863146041	f
354	10.326686721602794	123.94498050515764	f
355	10.326657669245957	123.94504237884344	f
356	10.326628616877336	123.9451042525178	f
357	10.32659956449693	123.94516612618072	f
358	10.326570512104741	123.94522799983223	f
359	10.32654145970077	123.94528987347226	f
360	10.326512407285016	123.94535174710091	f
361	10.326487935267721	123.94540386571641	f
362	10.326434292791507	123.94536230418142	f
363	10.326380650309975	123.94532074266057	f
364	10.32632700782313	123.94527918115392	f
365	10.326299263637173	123.94525768532381	f
366	10.3263238201597	123.94519383109682	f
367	10.326348376669673	123.94512997685989	f
368	10.326372933167095	123.94506612261297	f
369	10.326397489651969	123.9450022683561	f
370	10.326422046124295	123.94493841408925	f
371	10.326446602584067	123.9448745598124	f
372	10.326471159031295	123.94481070552561	f
373	10.326495715465967	123.94474685122883	f
374	10.326520271888091	123.94468299692208	f
375	10.326544828297665	123.94461914260536	f
376	10.32656938469469	123.94455528827865	f
377	10.326593941079166	123.944491433942	f
378	10.326618497451092	123.94442757959536	f
379	10.326643053810464	123.94436372523872	f
380	10.326667610157289	123.94429987087213	f
381	10.326692166491561	123.9442360164956	f
382	10.326716722813284	123.94417216210904	f
383	10.326741279122459	123.94410830771255	f
384	10.326765835419081	123.94404445330605	f
385	10.326790391703156	123.94398059888961	f
386	10.326814947974679	123.94391674446317	f
387	10.326839504233648	123.94385289002678	f
388	10.326271911362278	123.94358518661357	f
389	10.326334296719436	123.94361124931854	f
390	10.326396682074508	123.94363731203383	f
391	10.326459067427486	123.94366337475948	f
392	10.326521452778378	123.94368943749544	f
393	10.326583838127174	123.94371550024175	f
394	10.326646223473881	123.94374156299841	f
395	10.326708608818501	123.94376762576542	f
396	10.326770994161027	123.94379368854278	f
397	10.32677476605004	123.9437952643284	f
398	10.326750023084424	123.94385904424115	f
399	10.32672528010629	123.94392282414385	f
400	10.326700537115636	123.94398660403652	f
401	10.326675794112463	123.94405038391918	f
402	10.32665105109677	123.94411416379177	f
403	10.326626308068553	123.94417794365432	f
404	10.326601565027815	123.94424172350682	f
405	10.32657682197456	123.94430550334933	f
406	10.326552078908781	123.94436928318176	f
407	10.326527335830482	123.94443306300417	f
408	10.326502592739663	123.94449684281652	f
409	10.326477849636323	123.94456062261887	f
410	10.326453106520463	123.94462440241116	f
411	10.326428363392079	123.9446881821934	f
412	10.326403620251178	123.94475196196565	f
413	10.326378877097754	123.94481574172782	f
414	10.326354133931813	123.94487952147999	f
415	10.32632939075335	123.94494330122208	f
416	10.326304647562365	123.94500708095416	f
417	10.326279904358861	123.94507086067618	f
418	10.326255161142834	123.94513464038819	f
419	10.326231227285161	123.94519633380555	f
420	10.32617594299332	123.94515705806707	f
421	10.326120658696727	123.94511778234241	f
422	10.326065374395387	123.94507850663155	f
423	10.326010090089298	123.94503923093448	f
424	10.325954805778464	123.94499995525125	f
425	10.32589952146288	123.94496067958181	f
426	10.325844237142547	123.94492140392616	f
427	10.325788952817469	123.94488212828435	f
428	10.325777192686093	123.9448737735367	f
429	10.32838785819748	123.94445066460055	f
430	10.328326242379282	123.94442277434366	f
431	10.328264626558681	123.94439488409766	f
432	10.328203010735692	123.94436699386264	f
433	10.328141394910302	123.94433910363851	f
434	10.328079779082518	123.94431121342534	f
435	10.328018163252343	123.94428332322309	f
436	10.327956547419772	123.94425543303178	f
437	10.327894931584803	123.9442275428514	f
438	10.327833315747444	123.94419965268195	f
439	10.327771699907691	123.94417176252341	f
440	10.327710084065542	123.9441438723758	f
441	10.327648468220996	123.94411598223917	f
442	10.32758685237406	123.94408809211345	f
443	10.327554652969955	123.94407351720812	f
444	10.327491672706223	123.9440489771909	f
445	10.327428692440645	123.94402443718349	f
446	10.327365712173213	123.94399989718589	f
447	10.327302731903929	123.94397535719814	f
448	10.327261728733438	123.94395938049695	f
449	10.327232759105177	123.94402129436018	f
450	10.32720378946512	123.94408320821198	f
451	10.327174819813264	123.94414512205239	f
452	10.327145850149607	123.94420703588138	f
453	10.32711688047415	123.94426894969895	f
454	10.327087910786895	123.94433086350514	f
455	10.327058941087842	123.94439277729992	f
456	10.327029971376986	123.94445469108327	f
457	10.327001001654335	123.94451660485522	f
458	10.326972031919881	123.94457851861576	f
459	10.326943062173632	123.94464043236489	f
460	10.326914092415578	123.94470234610263	f
461	10.326885122645729	123.94476425982893	f
462	10.32685615286408	123.94482617354387	f
463	10.326827183070632	123.94488808724734	f
464	10.326798213265382	123.94495000093944	f
465	10.326769243448338	123.94501191462012	f
466	10.326740273619492	123.9450738282894	f
467	10.326711303778847	123.94513574194728	f
468	10.326682333926401	123.94519765559373	f
469	10.326653364062159	123.9452595692288	f
470	10.326624394186119	123.94532148285242	f
471	10.326595424298276	123.94538339646465	f
472	10.32656645439864	123.94544531006548	f
473	10.326563591522769	123.94545142851595	f
474	10.326618789066046	123.94549083016283	f
475	10.326673986604547	123.94553023182353	f
476	10.326729184138273	123.94556963349805	f
477	10.326784381667215	123.94560903518642	f
478	10.326839579191384	123.94564843688862	f
479	10.326894776710773	123.94568783860467	f
480	10.326949974225382	123.9457272403345	f
481	10.327005171735214	123.94576664207821	f
482	10.327060369240264	123.94580604383576	f
483	10.327115566740536	123.94584544560712	f
484	10.327170764236032	123.94588484739232	f
485	10.327225961726745	123.94592424919136	f
486	10.327281159212681	123.94596365100422	f
487	10.32733635669384	123.94600305283092	f
488	10.327391554170218	123.94604245467147	f
489	10.32744675164182	123.94608185652585	f
490	10.327501949108639	123.94612125839406	f
491	10.327557146570681	123.94616066027608	f
492	10.327605360411324	123.94619507701863	f
493	10.32902182583689	123.94304225604229	f
494	10.328957609217678	123.94302128620969	f
495	10.328893392597111	123.94300031638566	f
496	10.328829175975198	123.94297934657021	f
497	10.328764959351922	123.9429583767633	f
498	10.328700742727296	123.94293740696499	f
499	10.328636526101317	123.94291643717524	f
500	10.328572309473984	123.94289546739404	f
501	10.328508092845295	123.9428744976214	f
502	10.328443876215253	123.94285352785735	f
503	10.32837965958386	123.94283255810186	f
504	10.32831544295111	123.94281158835493	f
505	10.32825122631701	123.94279061861658	f
506	10.328190837123097	123.9427708987249	f
507	10.328221398961858	123.94270978068145	f
508	10.32825196078912	123.94264866262611	f
509	10.328282522604884	123.94258754455886	f
510	10.328313084409144	123.94252642647977	f
511	10.328343646201908	123.94246530838879	f
512	10.328374207983174	123.94240419028594	f
513	10.32840476975294	123.9423430721712	f
514	10.328435331511205	123.94228195404457	f
515	10.328465893257974	123.94222083590603	f
516	10.328496454993237	123.94215971775564	f
517	10.328527016717006	123.94209859959336	f
518	10.32855757842927	123.9420374814192	f
519	10.328588140130037	123.94197636323315	f
520	10.328618701819307	123.94191524503525	f
521	10.328649263497077	123.94185412682543	f
522	10.328679825163345	123.94179300860372	f
523	10.328710386818114	123.94173189037015	f
524	10.32874094846138	123.9416707721247	f
525	10.328771510093151	123.94160965386736	f
526	10.328788007350221	123.94157666204109	f
527	10.328851913969075	123.94159858852974	f
528	10.328915820586445	123.94162051502731	f
529	10.328979727202334	123.94164244153382	f
530	10.329043633816744	123.94166436804922	f
531	10.32910754042967	123.94168629457354	f
532	10.32917144704112	123.9417082211068	f
533	10.32923535365109	123.94173014764894	f
534	10.329299260259578	123.94175207419998	f
535	10.329363166866584	123.94177400075996	f
536	10.329427073472113	123.94179592732885	f
537	10.329490980076164	123.94181785390668	f
538	10.329554886678729	123.94183978049341	f
539	10.329583959301548	123.94184975541866	f
\.


--
-- Data for Name: annotation_file; Type: TABLE DATA; Schema: public; Owner: postgres
--

COPY public.annotation_file (id, url, created_on, removed) FROM stdin;
1	https://tranches.s3.us-east-1.amazonaws.com/lakbai/image_1_1729593190976.png	2024-10-22 10:33:15.925308+00	f
2	https://tranches.s3.us-east-1.amazonaws.com/lakbai/image_1_1729593485733.jpeg	2024-10-22 10:38:08.097648+00	f
3	https://tranches.s3.us-east-1.amazonaws.com/lakbai/image_1_1729593750463.png	2024-10-22 10:42:32.801548+00	f
4	https://tranches.s3.us-east-1.amazonaws.com/lakbai/image_1_1729595537602.jpeg	2024-10-22 11:12:27.630336+00	f
5	https://tranches.s3.us-east-1.amazonaws.com/lakbai/image_1_1729659809128.jpeg	2024-10-23 05:03:33.739873+00	f
6	https://tranches.s3.us-east-1.amazonaws.com/lakbai/image_1_1729680978405.png	2024-10-23 10:56:22.993686+00	f
7	https://tranches.s3.us-east-1.amazonaws.com/lakbai/image_1_1729756455337.png	2024-10-24 07:54:28.552435+00	f
8	https://tranches.s3.us-east-1.amazonaws.com/lakbai/image_1_1729757465118.png	2024-10-24 08:11:09.537248+00	f
9	https://tranches.s3.us-east-1.amazonaws.com/lakbai/image_1_1729758228577.png	2024-10-24 08:23:55.806357+00	f
10	https://tranches.s3.us-east-1.amazonaws.com/lakbai/image_1_1729759703740.jpeg	2024-10-24 08:49:49.92282+00	f
11	https://tranches.s3.us-east-1.amazonaws.com/lakbai/image_1_1729763018617.jpeg	2024-10-24 09:43:47.22684+00	f
12	https://tranches.s3.us-east-1.amazonaws.com/lakbai/image_1_1729763108385.jpeg	2024-10-24 09:45:16.709829+00	f
13	https://tranches.s3.us-east-1.amazonaws.com/lakbai/image_1_1729763177739.jpeg	2024-10-24 09:46:23.153654+00	f
14	https://tranches.s3.us-east-1.amazonaws.com/lakbai/image_1_1729763272855.jpeg	2024-10-24 09:48:00.30505+00	f
15	https://tranches.s3.us-east-1.amazonaws.com/lakbai/image_1_1729763239211.jpeg	2024-10-24 09:48:02.350212+00	f
16	https://tranches.s3.us-east-1.amazonaws.com/lakbai/image_1_1729763372454.jpeg	2024-10-24 09:49:44.790223+00	f
17	https://tranches.s3.us-east-1.amazonaws.com/lakbai/image_1_1729763387443.jpeg	2024-10-24 09:51:04.433847+00	f
18	https://tranches.s3.us-east-1.amazonaws.com/lakbai/image_1_1729763481481.jpeg	2024-10-24 09:51:29.075132+00	f
19	https://tranches.s3.us-east-1.amazonaws.com/lakbai/image_1_1729763511268.jpeg	2024-10-24 09:51:59.452076+00	f
20	https://tranches.s3.us-east-1.amazonaws.com/lakbai/image_1_1729763650616.jpeg	2024-10-24 09:54:34.653751+00	f
21	https://tranches.s3.us-east-1.amazonaws.com/lakbai/image_1_1729763557727.jpeg	2024-10-24 09:55:27.753488+00	f
22	https://tranches.s3.us-east-1.amazonaws.com/lakbai/image_1_1729763557727.jpeg	2024-10-24 09:55:28.002147+00	f
23	https://tranches.s3.us-east-1.amazonaws.com/lakbai/image_1_1729763834723.jpeg	2024-10-24 09:57:23.726621+00	f
24	https://tranches.s3.us-east-1.amazonaws.com/lakbai/image_1_1729764074757.jpeg	2024-10-24 10:01:23.563811+00	f
25	https://tranches.s3.us-east-1.amazonaws.com/lakbai/image_1_1729764306466.jpeg	2024-10-24 10:05:14.536113+00	f
26	https://tranches.s3.us-east-1.amazonaws.com/lakbai/image_1_1729764345058.jpeg	2024-10-24 10:05:52.509468+00	f
27	https://tranches.s3.us-east-1.amazonaws.com/lakbai/image_1_1729764407852.jpeg	2024-10-24 10:06:58.205496+00	f
28	https://tranches.s3.us-east-1.amazonaws.com/lakbai/image_1_1729764858647.jpeg	2024-10-24 10:14:41.356461+00	f
29	https://tranches.s3.us-east-1.amazonaws.com/lakbai/image_1_1729764964702.jpeg	2024-10-24 10:16:15.111557+00	f
30	https://tranches.s3.us-east-1.amazonaws.com/lakbai/image_1_1729765110023.jpeg	2024-10-24 10:18:40.093137+00	f
31	https://tranches.s3.us-east-1.amazonaws.com/lakbai/image_1_1729765204001.jpeg	2024-10-24 10:20:10.702483+00	f
32	https://tranches.s3.us-east-1.amazonaws.com/lakbai/image_1_1729765303318.jpeg	2024-10-24 10:21:49.502264+00	f
33	https://tranches.s3.us-east-1.amazonaws.com/lakbai/image_1_1729765399381.jpeg	2024-10-24 10:23:25.455489+00	f
34	https://tranches.s3.us-east-1.amazonaws.com/lakbai/image_1_1729765481874.jpeg	2024-10-24 10:24:54.665696+00	f
35	https://tranches.s3.us-east-1.amazonaws.com/lakbai/image_1_1729765611367.jpeg	2024-10-24 10:26:57.071312+00	f
36	https://tranches.s3.us-east-1.amazonaws.com/lakbai/image_1_1729765665102.jpeg	2024-10-24 10:27:52.118675+00	f
37	https://tranches.s3.us-east-1.amazonaws.com/lakbai/image_1_1729765732242.jpeg	2024-10-24 10:28:58.275917+00	f
38	https://tranches.s3.us-east-1.amazonaws.com/lakbai/image_1_1729765807216.jpeg	2024-10-24 10:30:12.942352+00	f
39	https://tranches.s3.us-east-1.amazonaws.com/lakbai/image_1_1729765885147.jpeg	2024-10-24 10:31:31.261063+00	f
\.


--
-- Data for Name: annotation_location; Type: TABLE DATA; Schema: public; Owner: postgres
--

COPY public.annotation_location (id, data, removed, end_coordinates_id, start_coordinates_id, accessibility_score, adjacent_street, anchor, results) FROM stdin;
52	{"zone": "City Core Commercial", "hazard": 2, "weight": null, "population": 2980, "nearestStreet": "S.B. Cabahug", "nearPlacesFrequency": {"food": 20, "lodging": 1, "restaurant": 20, "establishment": 20, "meal_delivery": 1, "meal_takeaway": 7, "point_of_interest": 20}}	f	53	52	0.57	S.B. Cabahug	123.94318663887299,10.327099440742616	"{\\"crisp_weather_condition\\": 2.707395291346796, \\"crisp_urban_density\\": 0.18361414455388986, \\"crisp_sidewalk_capacity\\": 94.84207306137615, \\"crisp_safety_risk\\": 49.681201075696016, \\"raw_accessibility\\": 1}"
136	{"zone": "City Core Commercial", "hazard": 2, "weight": null, "population": 2980, "nearestStreet": "644 Zamora St", "nearPlacesFrequency": {"food": 20, "lodging": 1, "restaurant": 20, "establishment": 20, "meal_delivery": 1, "meal_takeaway": 6, "point_of_interest": 20}}	f	137	136	\N	644 Zamora St	123.94220321636607,10.328668797875494	\N
13	{"zone": "City Core Commercial", "hazard": 0, "weight": null, "population": 2980, "nearestStreet": "608-612 Zamora St", "nearPlacesFrequency": {"food": 20, "lodging": 1, "restaurant": 20, "establishment": 20, "meal_delivery": 1, "meal_takeaway": 7, "point_of_interest": 20}}	f	14	13	\N	608-612 Zamora St	123.94318663887299,10.327099440742616	\N
17	{"zone": "City Core Commercial", "hazard": 0, "weight": null, "population": 2980, "nearestStreet": "608-612 Zamora St", "nearPlacesFrequency": {"food": 20, "lodging": 1, "restaurant": 20, "establishment": 20, "meal_delivery": 1, "meal_takeaway": 8, "point_of_interest": 20}}	f	18	17	\N	608-612 Zamora St	123.94318663887299,10.327099440742616	\N
499	{"zone": "City Core Commercial", "hazard": 2, "weight": null, "population": 2980, "nearestStreet": "S.B. Cabahug", "nearPlacesFrequency": {"food": 20, "lodging": 1, "restaurant": 20, "establishment": 20, "meal_delivery": 1, "meal_takeaway": 9, "point_of_interest": 20}}	f	502	501	0.71	S.B. Cabahug	123.94220321636607,10.328668797875494	"{\\"crisp_weather_condition\\": 2.707395291346796, \\"crisp_urban_density\\": 0.18361414455388986, \\"crisp_sidewalk_capacity\\": 41.02450520102818, \\"crisp_safety_risk\\": 25.673794699908548, \\"raw_accessibility\\": 1}"
42	{"zone": "City Core Commercial", "hazard": 0, "weight": null, "population": 2980, "nearestStreet": "S.B. Cabahug", "nearPlacesFrequency": {"food": 20, "lodging": 1, "restaurant": 20, "establishment": 20, "meal_delivery": 1, "meal_takeaway": 7, "point_of_interest": 20}}	f	43	42	\N	S.B. Cabahug	123.94318663887299,10.327099440742616	\N
57	{"zone": "City Core Commercial", "hazard": 2, "weight": null, "population": 2980, "nearestStreet": "S.B. Cabahug", "nearPlacesFrequency": {"food": 20, "lodging": 1, "restaurant": 20, "establishment": 20, "meal_delivery": 1, "meal_takeaway": 7, "point_of_interest": 20}}	f	58	57	\N	S.B. Cabahug	123.94318663887299,10.327099440742616	\N
59	{"zone": "City Core Commercial", "hazard": 2, "weight": null, "population": 2980, "nearestStreet": "S.B. Cabahug", "nearPlacesFrequency": {"food": 20, "lodging": 1, "restaurant": 20, "establishment": 20, "meal_delivery": 1, "meal_takeaway": 7, "point_of_interest": 20}}	f	1	59	\N	S.B. Cabahug	123.94351254051777,10.328185054214456	\N
62	{"zone": "City Core Commercial", "hazard": 2, "weight": null, "population": 2980, "nearestStreet": "S.B. Cabahug", "nearPlacesFrequency": {"food": 20, "lodging": 1, "restaurant": 20, "establishment": 20, "meal_delivery": 1, "meal_takeaway": 7, "point_of_interest": 20}}	f	63	62	\N	S.B. Cabahug	123.94318663887299,10.327099440742616	\N
67	{"zone": "City Core Commercial", "hazard": 0, "weight": null, "population": 2980, "nearestStreet": "210-513 P.J.Burgos", "nearPlacesFrequency": {"food": 20, "lodging": 1, "restaurant": 20, "establishment": 20, "meal_delivery": 1, "meal_takeaway": 7, "point_of_interest": 20}}	f	68	67	\N	210-513 P.J.Burgos	123.94318663887299,10.327099440742616	\N
77	{"zone": "City Core Commercial", "hazard": 0, "weight": null, "population": 2980, "nearestStreet": "210-513 P.J.Burgos", "nearPlacesFrequency": {"food": 20, "lodging": 1, "restaurant": 20, "establishment": 20, "meal_delivery": 1, "meal_takeaway": 7, "point_of_interest": 20}}	f	78	77	\N	210-513 P.J.Burgos	123.94318663887299,10.327099440742616	\N
81	{"zone": "City Core Commercial", "hazard": 0, "weight": null, "population": 2980, "nearestStreet": "210-513 P.J.Burgos", "nearPlacesFrequency": {"food": 20, "lodging": 1, "restaurant": 20, "establishment": 20, "meal_delivery": 1, "meal_takeaway": 7, "point_of_interest": 20}}	f	82	81	\N	210-513 P.J.Burgos	123.94318663887299,10.327099440742616	\N
82	{"zone": "City Core Commercial", "hazard": 0, "weight": null, "population": 2980, "nearestStreet": "210-513 P.J.Burgos", "nearPlacesFrequency": {"food": 20, "lodging": 1, "restaurant": 20, "establishment": 20, "meal_delivery": 1, "meal_takeaway": 7, "point_of_interest": 20}}	f	83	82	\N	210-513 P.J.Burgos	123.94318663887299,10.327099440742616	\N
23	{"zone": "City Core Commercial", "hazard": 0, "weight": null, "population": 2980, "nearestStreet": "381 P.J.Burgos", "nearPlacesFrequency": {"food": 20, "lodging": 1, "restaurant": 20, "establishment": 20, "meal_delivery": 1, "meal_takeaway": 7, "point_of_interest": 20}}	f	24	23	\N	381 P.J.Burgos	123.94318663887299,10.327099440742616	\N
87	{"zone": "City Core Commercial", "hazard": 0, "weight": null, "population": 2980, "nearestStreet": "224 P. Gomez", "nearPlacesFrequency": {"food": 20, "lodging": 1, "restaurant": 20, "establishment": 20, "meal_delivery": 1, "meal_takeaway": 7, "point_of_interest": 20}}	f	88	87	\N	224 P. Gomez	123.94318663887299,10.327099440742616	\N
92	{"zone": "City Core Commercial", "hazard": 0, "weight": null, "population": 2980, "nearestStreet": "6014 P. Gomez", "nearPlacesFrequency": {"food": 20, "lodging": 1, "restaurant": 20, "establishment": 20, "meal_delivery": 1, "meal_takeaway": 6, "point_of_interest": 20}}	f	93	92	\N	6014 P. Gomez	123.94318663887299,10.327099440742616	\N
102	{"zone": "City Core Commercial", "hazard": 2, "weight": null, "population": 2980, "nearestStreet": "P. Gomez", "nearPlacesFrequency": {"food": 20, "lodging": 1, "restaurant": 20, "establishment": 20, "meal_delivery": 1, "meal_takeaway": 6, "point_of_interest": 20}}	f	103	102	\N	P. Gomez	123.94318663887299,10.327099440742616	\N
104	{"zone": "City Core Commercial", "hazard": 2, "weight": null, "population": 2980, "nearestStreet": "125 S.B. Cabahug", "nearPlacesFrequency": {"food": 20, "lodging": 1, "restaurant": 20, "establishment": 20, "meal_delivery": 1, "meal_takeaway": 6, "point_of_interest": 20}}	f	105	104	\N	125 S.B. Cabahug	123.94318663887299,10.327099440742616	\N
108	{"zone": "City Core Commercial", "hazard": 2, "weight": null, "population": 2980, "nearestStreet": "125 S.B. Cabahug", "nearPlacesFrequency": {"food": 20, "lodging": 1, "restaurant": 20, "establishment": 20, "meal_delivery": 1, "meal_takeaway": 6, "point_of_interest": 20}}	f	109	108	\N	125 S.B. Cabahug	123.94318663887299,10.327099440742616	\N
138	{"zone": "City Core Commercial", "hazard": 2, "weight": null, "population": 2980, "nearestStreet": "B. Ceniza", "nearPlacesFrequency": {"food": 20, "lodging": 1, "restaurant": 20, "establishment": 20, "meal_delivery": 1, "meal_takeaway": 6, "point_of_interest": 20}}	f	139	138	0.00	B. Ceniza	123.9419001850121,10.327600060884297	\N
118	{"zone": "City Core Commercial", "hazard": 2, "weight": null, "population": 2980, "nearestStreet": "644 Zamora St", "nearPlacesFrequency": {"food": 20, "lodging": 1, "restaurant": 20, "establishment": 20, "meal_delivery": 1, "meal_takeaway": 6, "point_of_interest": 20}}	f	119	118	\N	644 Zamora St	123.9419001850121,10.327600060884297	\N
123	{"zone": "City Core Commercial", "hazard": 2, "weight": null, "population": 2980, "nearestStreet": "644 Zamora St", "nearPlacesFrequency": {"food": 20, "lodging": 1, "restaurant": 20, "establishment": 20, "meal_delivery": 1, "meal_takeaway": 6, "point_of_interest": 20}}	f	124	123	\N	644 Zamora St	123.9419001850121,10.327600060884297	\N
126	{"zone": "City Core Commercial", "hazard": 2, "weight": null, "population": 2980, "nearestStreet": "644 Zamora St", "nearPlacesFrequency": {"food": 20, "lodging": 1, "restaurant": 20, "establishment": 20, "meal_delivery": 1, "meal_takeaway": 6, "point_of_interest": 20}}	f	127	126	\N	644 Zamora St	123.9419001850121,10.327600060884297	\N
127	{"zone": "City Core Commercial", "hazard": 2, "weight": null, "population": 2980, "nearestStreet": "644 Zamora St", "nearPlacesFrequency": {"food": 20, "lodging": 1, "restaurant": 20, "establishment": 20, "meal_delivery": 1, "meal_takeaway": 6, "point_of_interest": 20}}	f	128	127	\N	644 Zamora St	123.9419001850121,10.327600060884297	\N
133	{"zone": "City Core Commercial", "hazard": 2, "weight": null, "population": 2980, "nearestStreet": "644 Zamora St", "nearPlacesFrequency": {"food": 20, "lodging": 1, "restaurant": 20, "establishment": 20, "meal_delivery": 1, "meal_takeaway": 6, "point_of_interest": 20}}	f	134	133	\N	644 Zamora St	123.94220321636607,10.328668797875494	\N
505	{"zone": "City Core Commercial", "hazard": 2, "weight": null, "population": 2980, "nearestStreet": "221-17 A. Del Rosario St", "nearPlacesFrequency": {"food": 20, "lodging": 1, "restaurant": 20, "establishment": 20, "meal_delivery": 1, "meal_takeaway": 8, "point_of_interest": 20}}	f	508	507	0.59	221-17 A. Del Rosario St	123.94220321636607,10.328668797875494	"{\\"crisp_weather_condition\\": 2.707395291346796, \\"crisp_urban_density\\": 0.18361414455388986, \\"crisp_sidewalk_capacity\\": 100.0, \\"crisp_safety_risk\\": 48.30250104103022, \\"raw_accessibility\\": 1}"
97	{"zone": "City Core Commercial", "hazard": 2, "weight": null, "population": 2980, "nearestStreet": "P. Gomez", "nearPlacesFrequency": {"food": 20, "lodging": 1, "restaurant": 20, "establishment": 20, "meal_delivery": 1, "meal_takeaway": 6, "point_of_interest": 20}}	f	98	97	\N	P. Gomez	123.94318663887299,10.327099440742616	\N
147	{"zone": "City Core Commercial", "hazard": 0, "weight": null, "population": 2980, "nearestStreet": "B. Ceniza", "nearPlacesFrequency": {"food": 20, "lodging": 1, "restaurant": 20, "establishment": 20, "meal_delivery": 1, "meal_takeaway": 7, "point_of_interest": 20}}	f	148	147	0.00	B. Ceniza	123.9419001850121,10.327600060884297	\N
199	{"zone": "City Core Commercial", "hazard": 2, "weight": null, "population": 2980, "nearestStreet": "S.B. Cabahug", "nearPlacesFrequency": {"food": 20, "lodging": 1, "restaurant": 20, "establishment": 20, "meal_delivery": 1, "meal_takeaway": 7, "point_of_interest": 20}}	f	200	199	0.02	S.B. Cabahug	123.9419001850121,10.327600060884297	"{\\"crisp_weather_condition\\": 2.707395291346796, \\"crisp_urban_density\\": 0.18361414455388986, \\"crisp_sidewalk_capacity\\": 41.02450520102818, \\"crisp_safety_risk\\": 95.27418581363847, \\"raw_accessibility\\": 0}"
161	{"zone": "City Core Commercial", "hazard": 2, "weight": null, "population": 2980, "nearestStreet": "P. Gomez", "nearPlacesFrequency": {"food": 20, "lodging": 1, "restaurant": 20, "establishment": 20, "meal_delivery": 1, "meal_takeaway": 7, "point_of_interest": 20}}	f	162	161	0.00	P. Gomez	123.9419001850121,10.327600060884297	"{\\"crisp_weather_condition\\": 2.707395291346796, \\"crisp_urban_density\\": 0.18361414455388986, \\"crisp_sidewalk_capacity\\": 100.0, \\"crisp_safety_risk\\": 100.0, \\"raw_accessibility\\": 0}"
508	{"zone": "City Core Commercial", "hazard": 2, "weight": null, "population": 2980, "nearestStreet": "221-17 A. Del Rosario St", "nearPlacesFrequency": {"food": 20, "lodging": 1, "restaurant": 20, "establishment": 20, "meal_delivery": 1, "meal_takeaway": 8, "point_of_interest": 20}}	f	511	510	0.59	221-17 A. Del Rosario St	123.94220321636607,10.328668797875494	"{\\"crisp_weather_condition\\": 2.707395291346796, \\"crisp_urban_density\\": 0.18361414455388986, \\"crisp_sidewalk_capacity\\": 92.45058962483013, \\"crisp_safety_risk\\": 48.30250104103022, \\"raw_accessibility\\": 1}"
149	{"zone": "City Core Commercial", "hazard": 0, "weight": null, "population": 2980, "nearestStreet": "B. Ceniza", "nearPlacesFrequency": {"food": 20, "lodging": 1, "restaurant": 20, "establishment": 20, "meal_delivery": 1, "meal_takeaway": 7, "point_of_interest": 20}}	f	150	149	0.00	B. Ceniza	123.9419001850121,10.327600060884297	\N
143	{"zone": "City Core Commercial", "hazard": 2, "weight": null, "population": 2980, "nearestStreet": "B. Ceniza", "nearPlacesFrequency": {"food": 20, "lodging": 1, "restaurant": 20, "establishment": 20, "meal_delivery": 1, "meal_takeaway": 6, "point_of_interest": 20}}	f	144	143	0.00	B. Ceniza	123.9419001850121,10.327600060884297	\N
172	{"zone": "City Core Commercial", "hazard": 2, "weight": null, "population": 2980, "nearestStreet": "P. Gomez", "nearPlacesFrequency": {"food": 20, "lodging": 1, "restaurant": 20, "establishment": 20, "meal_delivery": 1, "meal_takeaway": 6, "point_of_interest": 20}}	f	173	172	\N	P. Gomez	123.9419001850121,10.327600060884297	\N
176	{"zone": "City Core Commercial", "hazard": 2, "weight": null, "population": 2980, "nearestStreet": "125 S.B. Cabahug", "nearPlacesFrequency": {"food": 20, "lodging": 1, "restaurant": 20, "establishment": 20, "meal_delivery": 1, "meal_takeaway": 6, "point_of_interest": 20}}	f	177	176	\N	125 S.B. Cabahug	123.9419001850121,10.327600060884297	\N
186	{"zone": "City Core Commercial", "hazard": 2, "weight": null, "population": 2980, "nearestStreet": "127 S.B. Cabahug", "nearPlacesFrequency": {"food": 20, "lodging": 1, "restaurant": 20, "establishment": 20, "meal_delivery": 1, "meal_takeaway": 6, "point_of_interest": 20}}	f	187	186	\N	127 S.B. Cabahug	123.94318663887299,10.327099440742616	\N
192	{"zone": "City Core Commercial", "hazard": 2, "weight": null, "population": 2980, "nearestStreet": "S.B. Cabahug", "nearPlacesFrequency": {"food": 20, "lodging": 1, "restaurant": 20, "establishment": 20, "meal_delivery": 1, "meal_takeaway": 7, "point_of_interest": 20}}	f	193	192	\N	S.B. Cabahug	123.94318663887299,10.327099440742616	\N
194	{"zone": "City Core Commercial", "hazard": 2, "weight": null, "population": 2980, "nearestStreet": "S.B. Cabahug", "nearPlacesFrequency": {"food": 20, "lodging": 1, "restaurant": 20, "establishment": 20, "meal_delivery": 1, "meal_takeaway": 7, "point_of_interest": 20}}	f	195	194	\N	S.B. Cabahug	123.94318663887299,10.327099440742616	\N
209	{"zone": "City Core Commercial", "hazard": 2, "weight": null, "population": 2980, "nearestStreet": "S.B. Cabahug", "nearPlacesFrequency": {"food": 20, "lodging": 1, "restaurant": 20, "establishment": 20, "meal_delivery": 1, "meal_takeaway": 9, "point_of_interest": 20}}	f	210	209	\N	S.B. Cabahug	123.94351254051777,10.328185054214456	\N
214	{"zone": "City Core Commercial", "hazard": 0, "weight": null, "population": 2980, "nearestStreet": "S.B. Cabahug", "nearPlacesFrequency": {"food": 20, "lodging": 1, "restaurant": 20, "establishment": 20, "meal_delivery": 1, "meal_takeaway": 9, "point_of_interest": 20}}	f	215	214	\N	S.B. Cabahug	123.94351254051777,10.328185054214456	\N
28	{"zone": "City Core Commercial", "hazard": 0, "weight": null, "population": 2980, "nearestStreet": "P.J.Burgos", "nearPlacesFrequency": {"food": 20, "lodging": 1, "restaurant": 20, "establishment": 20, "meal_delivery": 1, "meal_takeaway": 7, "point_of_interest": 20}}	f	29	28	0.74	P.J.Burgos	123.94318663887299,10.327099440742616	"{\\"crisp_weather_condition\\": 6.114330596754931, \\"crisp_urban_density\\": 0.18361414455388986, \\"crisp_sidewalk_capacity\\": 3.1016857634090496, \\"crisp_safety_risk\\": 25.673794699908548, \\"raw_accessibility\\": 1}"
229	{"zone": "City Core Commercial", "hazard": 0, "weight": null, "population": 2980, "nearestStreet": "263 U.M. Seno St", "nearPlacesFrequency": {"food": 20, "lodging": 1, "restaurant": 20, "establishment": 20, "meal_delivery": 1, "meal_takeaway": 9, "point_of_interest": 20}}	f	230	229	\N	263 U.M. Seno St	123.94351254051777,10.328185054214456	\N
238	{"zone": "City Core Commercial", "hazard": 0, "weight": null, "population": 2980, "nearestStreet": "263 U.M. Seno St", "nearPlacesFrequency": {"food": 20, "lodging": 1, "restaurant": 20, "establishment": 20, "meal_delivery": 1, "meal_takeaway": 10, "point_of_interest": 20}}	f	239	238	\N	263 U.M. Seno St	123.94351254051777,10.328185054214456	\N
151	{"zone": "City Core Commercial", "hazard": 0, "weight": null, "population": 2980, "nearestStreet": "B. Ceniza", "nearPlacesFrequency": {"food": 20, "lodging": 1, "restaurant": 20, "establishment": 20, "meal_delivery": 1, "meal_takeaway": 7, "point_of_interest": 20}}	f	152	151	\N	B. Ceniza	123.9419001850121,10.327600060884297	\N
241	{"zone": "City Core Commercial", "hazard": 0, "weight": null, "population": 2980, "nearestStreet": "345-405 P.J.Burgos", "nearPlacesFrequency": {"food": 20, "lodging": 1, "restaurant": 20, "establishment": 20, "meal_delivery": 1, "meal_takeaway": 10, "point_of_interest": 20}}	f	242	241	\N	345-405 P.J.Burgos	123.94351254051777,10.328185054214456	\N
246	{"zone": "City Core Commercial", "hazard": 0, "weight": null, "population": 2980, "nearestStreet": "345-405 P.J.Burgos", "nearPlacesFrequency": {"food": 20, "lodging": 1, "restaurant": 20, "establishment": 20, "meal_delivery": 1, "meal_takeaway": 9, "point_of_interest": 20}}	f	247	246	\N	345-405 P.J.Burgos	123.94351254051777,10.328185054214456	\N
256	{"zone": "City Core Commercial", "hazard": 0, "weight": null, "population": 2980, "nearestStreet": "381 P.J.Burgos", "nearPlacesFrequency": {"food": 20, "lodging": 1, "restaurant": 20, "establishment": 20, "meal_delivery": 1, "meal_takeaway": 8, "point_of_interest": 20}}	f	257	256	\N	381 P.J.Burgos	123.94351254051777,10.328185054214456	\N
260	{"zone": "City Core Commercial", "hazard": 0, "weight": null, "population": 2980, "nearestStreet": "608-612 Zamora St", "nearPlacesFrequency": {"food": 20, "lodging": 1, "restaurant": 20, "establishment": 20, "meal_delivery": 1, "meal_takeaway": 8, "point_of_interest": 20}}	f	261	260	\N	608-612 Zamora St	123.94351254051777,10.328185054214456	\N
170	{"zone": "City Core Commercial", "hazard": 2, "weight": null, "population": 2980, "nearestStreet": "P. Gomez", "nearPlacesFrequency": {"food": 20, "lodging": 1, "restaurant": 20, "establishment": 20, "meal_delivery": 1, "meal_takeaway": 6, "point_of_interest": 20}}	f	171	170	0.67	P. Gomez	123.9419001850121,10.327600060884297	"{\\"crisp_weather_condition\\": 2.707395291346796, \\"crisp_urban_density\\": 0.18361414455388986, \\"crisp_sidewalk_capacity\\": 7.273486859300061, \\"crisp_safety_risk\\": 57.402359901584475, \\"raw_accessibility\\": 1}"
234	{"zone": "City Core Commercial", "hazard": 0, "weight": null, "population": 2980, "nearestStreet": "263 U.M. Seno St", "nearPlacesFrequency": {"food": 20, "lodging": 1, "restaurant": 20, "establishment": 20, "meal_delivery": 1, "meal_takeaway": 9, "point_of_interest": 20}}	f	235	234	\N	263 U.M. Seno St	123.94351254051777,10.328185054214456	\N
157	{"zone": "City Core Commercial", "hazard": 0, "weight": null, "population": 2980, "nearestStreet": "P. Gomez", "nearPlacesFrequency": {"food": 20, "lodging": 1, "restaurant": 20, "establishment": 20, "meal_delivery": 1, "meal_takeaway": 7, "point_of_interest": 20}}	f	158	157	\N	P. Gomez	123.9419001850121,10.327600060884297	\N
163	{"zone": "City Core Commercial", "hazard": 2, "weight": null, "population": 2980, "nearestStreet": "P. Gomez", "nearPlacesFrequency": {"food": 20, "lodging": 1, "restaurant": 20, "establishment": 20, "meal_delivery": 1, "meal_takeaway": 6, "point_of_interest": 20}}	f	164	163	\N	P. Gomez	123.9419001850121,10.327600060884297	\N
219	{"zone": "City Core Commercial", "hazard": 0, "weight": null, "population": 2980, "nearestStreet": "263 U.M. Seno St", "nearPlacesFrequency": {"food": 20, "lodging": 1, "restaurant": 20, "establishment": 20, "meal_delivery": 1, "meal_takeaway": 9, "point_of_interest": 20}}	f	220	219	\N	263 U.M. Seno St	123.94351254051777,10.328185054214456	\N
150	{"zone": "City Core Commercial", "hazard": 0, "weight": null, "population": 2980, "nearestStreet": "B. Ceniza", "nearPlacesFrequency": {"food": 20, "lodging": 1, "restaurant": 20, "establishment": 20, "meal_delivery": 1, "meal_takeaway": 7, "point_of_interest": 20}}	f	151	150	0.00	B. Ceniza	123.9419001850121,10.327600060884297	\N
325	{"zone": "City Core Commercial", "hazard": 2, "weight": null, "population": 2980, "nearestStreet": "221-17 A. Del Rosario St", "nearPlacesFrequency": {"food": 20, "lodging": 1, "restaurant": 20, "establishment": 20, "meal_delivery": 1, "meal_takeaway": 7, "point_of_interest": 20}}	f	326	325	0.73	221-17 A. Del Rosario St	123.94220321636607,10.328668797875494	"{\\"crisp_weather_condition\\": 2.707395291346796, \\"crisp_urban_density\\": 0.18361414455388986, \\"crisp_sidewalk_capacity\\": 92.45058962483013, \\"crisp_safety_risk\\": 25.673794699908548, \\"raw_accessibility\\": 1}"
277	{"zone": "City Core Commercial", "hazard": 2, "weight": null, "population": 2980, "nearestStreet": "644 Zamora St", "nearPlacesFrequency": {"food": 20, "lodging": 1, "restaurant": 20, "establishment": 20, "meal_delivery": 1, "meal_takeaway": 7, "point_of_interest": 20}}	f	278	277	\N	644 Zamora St	123.94220321636607,10.328668797875494	\N
289	{"zone": "City Core Commercial", "hazard": 2, "weight": null, "population": 2980, "nearestStreet": "644 Zamora St", "nearPlacesFrequency": {"food": 20, "lodging": 1, "restaurant": 20, "establishment": 20, "meal_delivery": 1, "meal_takeaway": 6, "point_of_interest": 20}}	f	290	289	\N	644 Zamora St	123.94220321636607,10.328668797875494	\N
295	{"zone": "City Core Commercial", "hazard": 2, "weight": null, "population": 2980, "nearestStreet": "644 Zamora St", "nearPlacesFrequency": {"food": 20, "lodging": 1, "restaurant": 20, "establishment": 20, "meal_delivery": 1, "meal_takeaway": 6, "point_of_interest": 20}}	f	296	295	\N	644 Zamora St	123.94220321636607,10.328668797875494	\N
300	{"zone": "City Core Commercial", "hazard": 2, "weight": null, "population": 2980, "nearestStreet": "B. Ceniza", "nearPlacesFrequency": {"food": 20, "lodging": 1, "restaurant": 20, "establishment": 20, "meal_delivery": 1, "meal_takeaway": 6, "point_of_interest": 20}}	f	301	300	\N	B. Ceniza	123.94220321636607,10.328668797875494	\N
175	{"zone": "City Core Commercial", "hazard": 2, "weight": null, "population": 2980, "nearestStreet": "P. Gomez", "nearPlacesFrequency": {"food": 20, "lodging": 1, "restaurant": 20, "establishment": 20, "meal_delivery": 1, "meal_takeaway": 6, "point_of_interest": 20}}	f	176	175	0.00	P. Gomez	123.9419001850121,10.327600060884297	\N
313	{"zone": "City Core Commercial", "hazard": 2, "weight": null, "population": 2980, "nearestStreet": "221-17 A. Del Rosario St", "nearPlacesFrequency": {"food": 20, "lodging": 1, "restaurant": 20, "establishment": 20, "meal_delivery": 1, "meal_takeaway": 6, "point_of_interest": 20}}	f	314	313	\N	221-17 A. Del Rosario St	123.94220321636607,10.328668797875494	\N
318	{"zone": "City Core Commercial", "hazard": 2, "weight": null, "population": 2980, "nearestStreet": "221-17 A. Del Rosario St", "nearPlacesFrequency": {"food": 20, "lodging": 1, "restaurant": 20, "establishment": 20, "meal_delivery": 1, "meal_takeaway": 6, "point_of_interest": 20}}	f	319	318	\N	221-17 A. Del Rosario St	123.94220321636607,10.328668797875494	\N
330	{"zone": "City Core Commercial", "hazard": 2, "weight": null, "population": 2980, "nearestStreet": "S.B. Cabahug", "nearPlacesFrequency": {"food": 20, "lodging": 1, "restaurant": 20, "establishment": 20, "meal_delivery": 1, "meal_takeaway": 7, "point_of_interest": 20}}	f	276	330	\N	S.B. Cabahug	123.94351254051777,10.328185054214456	\N
332	{"zone": "City Core Commercial", "hazard": 0, "weight": null, "population": 2980, "nearestStreet": "P.J.Burgos", "nearPlacesFrequency": {"food": 20, "lodging": 1, "restaurant": 20, "establishment": 20, "meal_delivery": 1, "meal_takeaway": 7, "point_of_interest": 20}}	f	333	332	\N	P.J.Burgos	123.94318663887299,10.327099440742616	\N
337	{"zone": "City Core Commercial", "hazard": 0, "weight": null, "population": 2980, "nearestStreet": "Unnamed Road", "nearPlacesFrequency": {"food": 20, "lodging": 1, "restaurant": 20, "establishment": 20, "meal_delivery": 1, "meal_takeaway": 7, "point_of_interest": 20}}	f	338	337	\N	Unnamed Road	123.94318663887299,10.327099440742616	\N
342	{"zone": "City Core Commercial", "hazard": 0, "weight": null, "population": 2980, "nearestStreet": "Unnamed Road", "nearPlacesFrequency": {"food": 20, "lodging": 1, "restaurant": 20, "establishment": 20, "meal_delivery": 1, "meal_takeaway": 9, "point_of_interest": 20}}	f	343	342	\N	Unnamed Road	123.94445022244315,10.326536945241577	\N
271	{"zone": "City Core Commercial", "hazard": 0, "weight": null, "population": 2980, "nearestStreet": "Zamora Street", "nearPlacesFrequency": {"food": 20, "lodging": 1, "restaurant": 20, "establishment": 20, "meal_delivery": 1, "meal_takeaway": 7, "point_of_interest": 20}}	f	272	271	\N	Zamora Street	123.94351254051777,10.328185054214456	\N
189	{"zone": "City Core Commercial", "hazard": 2, "weight": null, "population": 2980, "nearestStreet": "S.B. Cabahug", "nearPlacesFrequency": {"food": 20, "lodging": 1, "restaurant": 20, "establishment": 20, "meal_delivery": 1, "meal_takeaway": 6, "point_of_interest": 20}}	f	190	189	0.81	S.B. Cabahug	123.94318663887299,10.327099440742616	"{\\"crisp_weather_condition\\": 2.707395291346796, \\"crisp_urban_density\\": 0.18361414455388986, \\"crisp_sidewalk_capacity\\": 1.4050614353882585, \\"crisp_safety_risk\\": 100.0, \\"raw_accessibility\\": 1}"
113	{"zone": "City Core Commercial", "hazard": 2, "weight": null, "population": 2980, "nearestStreet": "127 S.B. Cabahug", "nearPlacesFrequency": {"food": 20, "lodging": 1, "restaurant": 20, "establishment": 20, "meal_delivery": 1, "meal_takeaway": 6, "point_of_interest": 20}}	f	60	113	0.00	127 S.B. Cabahug	123.94318663887299,10.327099440742616	"{\\"crisp_weather_condition\\": 2.707395291346796, \\"crisp_urban_density\\": 0.18361414455388986, \\"crisp_sidewalk_capacity\\": 100.0, \\"crisp_safety_risk\\": 99.33102211630164, \\"raw_accessibility\\": 0}"
358	{"zone": "City Core Commercial", "hazard": 0, "weight": null, "population": 2980, "nearestStreet": "Unnamed Road", "nearPlacesFrequency": {"food": 20, "lodging": 1, "restaurant": 20, "establishment": 20, "meal_delivery": 1, "meal_takeaway": 9, "point_of_interest": 20}}	f	359	358	\N	Unnamed Road	123.94445022244315,10.326536945241577	\N
369	{"zone": "City Core Commercial", "hazard": 0, "weight": null, "population": 2980, "nearestStreet": "C. Ouano Street", "nearPlacesFrequency": {"food": 20, "lodging": 1, "restaurant": 20, "establishment": 20, "meal_delivery": 1, "meal_takeaway": 9, "point_of_interest": 20}}	f	370	369	\N	C. Ouano Street	123.94445022244315,10.326536945241577	\N
374	{"zone": "City Core Commercial", "hazard": 0, "weight": null, "population": 2980, "nearestStreet": "C. Ouano Street", "nearPlacesFrequency": {"food": 20, "lodging": 1, "restaurant": 20, "establishment": 20, "meal_delivery": 1, "meal_takeaway": 9, "point_of_interest": 20}}	f	375	374	\N	C. Ouano Street	123.94445022244315,10.326536945241577	\N
380	{"zone": "City Core Commercial", "hazard": 0, "weight": null, "population": 2980, "nearestStreet": "5-8 C. Ouano St", "nearPlacesFrequency": {"food": 20, "lodging": 1, "restaurant": 20, "establishment": 20, "meal_delivery": 1, "meal_takeaway": 9, "point_of_interest": 20}}	f	381	380	\N	5-8 C. Ouano St	123.94445022244315,10.326536945241577	\N
385	{"zone": "City Core Commercial", "hazard": 0, "weight": null, "population": 2980, "nearestStreet": "5-8 C. Ouano St", "nearPlacesFrequency": {"food": 20, "lodging": 1, "restaurant": 20, "establishment": 20, "meal_delivery": 1, "meal_takeaway": 7, "point_of_interest": 20}}	f	386	385	\N	5-8 C. Ouano St	123.94445022244315,10.326536945241577	\N
182	{"zone": "City Core Commercial", "hazard": 2, "weight": null, "population": 2980, "nearestStreet": "125 S.B. Cabahug", "nearPlacesFrequency": {"food": 20, "lodging": 1, "restaurant": 20, "establishment": 20, "meal_delivery": 1, "meal_takeaway": 6, "point_of_interest": 20}}	f	183	182	\N	125 S.B. Cabahug	123.94318663887299,10.327099440742616	\N
197	{"zone": "City Core Commercial", "hazard": 2, "weight": null, "population": 2980, "nearestStreet": "S.B. Cabahug", "nearPlacesFrequency": {"food": 20, "lodging": 1, "restaurant": 20, "establishment": 20, "meal_delivery": 1, "meal_takeaway": 7, "point_of_interest": 20}}	f	198	197	\N	S.B. Cabahug	123.94318663887299,10.327099440742616	\N
204	{"zone": "City Core Commercial", "hazard": 2, "weight": null, "population": 2980, "nearestStreet": "S.B. Cabahug", "nearPlacesFrequency": {"food": 20, "lodging": 1, "restaurant": 20, "establishment": 20, "meal_delivery": 1, "meal_takeaway": 8, "point_of_interest": 20}}	f	205	204	\N	S.B. Cabahug	123.94351254051777,10.328185054214456	\N
205	{"zone": "City Core Commercial", "hazard": 2, "weight": null, "population": 2980, "nearestStreet": "S.B. Cabahug", "nearPlacesFrequency": {"food": 20, "lodging": 1, "restaurant": 20, "establishment": 20, "meal_delivery": 1, "meal_takeaway": 8, "point_of_interest": 20}}	f	206	205	\N	S.B. Cabahug	123.94351254051777,10.328185054214456	\N
211	{"zone": "City Core Commercial", "hazard": 0, "weight": null, "population": 2980, "nearestStreet": "S.B. Cabahug", "nearPlacesFrequency": {"food": 20, "lodging": 1, "restaurant": 20, "establishment": 20, "meal_delivery": 1, "meal_takeaway": 9, "point_of_interest": 20}}	f	212	211	\N	S.B. Cabahug	123.94351254051777,10.328185054214456	\N
354	{"zone": "City Core Commercial", "hazard": 0, "weight": null, "population": 2980, "nearestStreet": "Unnamed Road", "nearPlacesFrequency": {"food": 20, "lodging": 1, "restaurant": 20, "establishment": 20, "meal_delivery": 1, "meal_takeaway": 9, "point_of_interest": 20}}	f	355	354	\N	Unnamed Road	123.94445022244315,10.326536945241577	\N
363	{"zone": "City Core Commercial", "hazard": 0, "weight": null, "population": 2980, "nearestStreet": "Mandaue Causeway", "nearPlacesFrequency": {"food": 20, "lodging": 1, "restaurant": 20, "establishment": 20, "meal_delivery": 1, "meal_takeaway": 9, "point_of_interest": 20}}	f	364	363	\N	Mandaue Causeway	123.94445022244315,10.326536945241577	\N
144	{"zone": "City Core Commercial", "hazard": 2, "weight": null, "population": 2980, "nearestStreet": "B. Ceniza", "nearPlacesFrequency": {"food": 20, "lodging": 1, "restaurant": 20, "establishment": 20, "meal_delivery": 1, "meal_takeaway": 6, "point_of_interest": 20}}	f	145	144	0.00	B. Ceniza	123.9419001850121,10.327600060884297	\N
398	{"zone": "City Core Commercial", "hazard": 0, "weight": null, "population": 2980, "nearestStreet": "5-8 C. Ouano St", "nearPlacesFrequency": {"food": 20, "lodging": 1, "restaurant": 20, "establishment": 20, "meal_delivery": 1, "meal_takeaway": 7, "point_of_interest": 20}}	f	399	398	\N	5-8 C. Ouano St	123.94445022244315,10.326536945241577	\N
408	{"zone": "City Core Commercial", "hazard": 0, "weight": null, "population": 2980, "nearestStreet": "C. Ouano Street", "nearPlacesFrequency": {"food": 20, "lodging": 1, "restaurant": 20, "establishment": 20, "meal_delivery": 1, "meal_takeaway": 9, "point_of_interest": 20}}	f	409	408	\N	C. Ouano Street	123.94445022244315,10.326536945241577	\N
413	{"zone": "City Core Commercial", "hazard": 0, "weight": null, "population": 2980, "nearestStreet": "C. Ouano Street", "nearPlacesFrequency": {"food": 20, "lodging": 1, "restaurant": 20, "establishment": 20, "meal_delivery": 1, "meal_takeaway": 9, "point_of_interest": 20}}	f	414	413	\N	C. Ouano Street	123.94445022244315,10.326536945241577	\N
418	{"zone": "City Core Commercial", "hazard": 0, "weight": null, "population": 2980, "nearestStreet": "C. Ouano Street", "nearPlacesFrequency": {"food": 20, "lodging": 1, "restaurant": 20, "establishment": 20, "meal_delivery": 1, "meal_takeaway": 9, "point_of_interest": 20}}	f	419	418	\N	C. Ouano Street	123.94445022244315,10.326536945241577	\N
420	{"zone": "City Core Commercial", "hazard": 0, "weight": null, "population": 2980, "nearestStreet": "Mandaue Causeway", "nearPlacesFrequency": {"food": 20, "lodging": 1, "restaurant": 20, "establishment": 20, "meal_delivery": 1, "meal_takeaway": 9, "point_of_interest": 20}}	f	421	420	\N	Mandaue Causeway	123.94445022244315,10.326536945241577	\N
428	{"zone": "City Core Commercial", "hazard": 0, "weight": null, "population": 2980, "nearestStreet": "345-405 P.J.Burgos", "nearPlacesFrequency": {"food": 20, "lodging": 1, "restaurant": 20, "establishment": 20, "meal_delivery": 1, "meal_takeaway": 10, "point_of_interest": 20}}	f	430	429	\N	345-405 P.J.Burgos	123.94351254051777,10.328185054214456	\N
433	{"zone": "City Core Commercial", "hazard": 0, "weight": null, "population": 2980, "nearestStreet": "345-405 P.J.Burgos", "nearPlacesFrequency": {"food": 20, "lodging": 1, "restaurant": 20, "establishment": 20, "meal_delivery": 1, "meal_takeaway": 9, "point_of_interest": 20}}	f	435	434	\N	345-405 P.J.Burgos	123.94351254051777,10.328185054214456	\N
438	{"zone": "City Core Commercial", "hazard": 0, "weight": null, "population": 2980, "nearestStreet": "345-405 P.J.Burgos", "nearPlacesFrequency": {"food": 20, "lodging": 1, "restaurant": 20, "establishment": 20, "meal_delivery": 1, "meal_takeaway": 9, "point_of_interest": 20}}	f	440	439	\N	345-405 P.J.Burgos	123.94351254051777,10.328185054214456	\N
442	{"zone": "City Core Commercial", "hazard": 0, "weight": null, "population": 2980, "nearestStreet": "Unnamed Road", "nearPlacesFrequency": {"food": 20, "lodging": 1, "restaurant": 20, "establishment": 20, "meal_delivery": 1, "meal_takeaway": 8, "point_of_interest": 20}}	f	444	443	\N	Unnamed Road	123.94351254051777,10.328185054214456	\N
447	{"zone": "City Core Commercial", "hazard": 0, "weight": null, "population": 2980, "nearestStreet": "Unnamed Road", "nearPlacesFrequency": {"food": 20, "lodging": 1, "restaurant": 20, "establishment": 20, "meal_delivery": 1, "meal_takeaway": 8, "point_of_interest": 20}}	f	449	448	\N	Unnamed Road	123.94318663887299,10.327099440742616	\N
457	{"zone": "City Core Commercial", "hazard": 0, "weight": null, "population": 2980, "nearestStreet": "Unnamed Road", "nearPlacesFrequency": {"food": 20, "lodging": 1, "restaurant": 20, "establishment": 20, "meal_delivery": 1, "meal_takeaway": 9, "point_of_interest": 20}}	f	459	458	\N	Unnamed Road	123.94445022244315,10.326536945241577	\N
462	{"zone": "City Core Commercial", "hazard": 0, "weight": null, "population": 2980, "nearestStreet": "Unnamed Road", "nearPlacesFrequency": {"food": 20, "lodging": 1, "restaurant": 20, "establishment": 20, "meal_delivery": 1, "meal_takeaway": 9, "point_of_interest": 20}}	f	464	463	\N	Unnamed Road	123.94445022244315,10.326536945241577	\N
464	{"zone": "City Core Commercial", "hazard": 0, "weight": null, "population": 2980, "nearestStreet": "Unnamed Road", "nearPlacesFrequency": {"food": 20, "lodging": 1, "restaurant": 20, "establishment": 20, "meal_delivery": 1, "meal_takeaway": 9, "point_of_interest": 20}}	f	466	465	\N	Unnamed Road	123.94445022244315,10.326536945241577	\N
395	{"zone": "City Core Commercial", "hazard": 0, "weight": null, "population": 2980, "nearestStreet": "210-513 P.J.Burgos", "nearPlacesFrequency": {"food": 20, "lodging": 1, "restaurant": 20, "establishment": 20, "meal_delivery": 1, "meal_takeaway": 7, "point_of_interest": 20}}	f	396	395	\N	210-513 P.J.Burgos	123.94318663887299,10.327099440742616	\N
494	{"zone": "City Core Commercial", "hazard": 2, "weight": null, "population": 2980, "nearestStreet": "S.B. Cabahug", "nearPlacesFrequency": {"food": 20, "lodging": 1, "restaurant": 20, "establishment": 20, "meal_delivery": 1, "meal_takeaway": 9, "point_of_interest": 20}}	f	497	496	0.53	S.B. Cabahug	123.94220321636607,10.328668797875494	"{\\"crisp_weather_condition\\": 2.707395291346796, \\"crisp_urban_density\\": 0.18361414455388986, \\"crisp_sidewalk_capacity\\": 41.02450520102818, \\"crisp_safety_risk\\": 53.90504973749961, \\"raw_accessibility\\": 1}"
233	{"zone": "City Core Commercial", "hazard": 0, "weight": null, "population": 2980, "nearestStreet": "263 U.M. Seno St", "nearPlacesFrequency": {"food": 20, "lodging": 1, "restaurant": 20, "establishment": 20, "meal_delivery": 1, "meal_takeaway": 9, "point_of_interest": 20}}	f	234	233	0.71	263 U.M. Seno St	123.94351254051777,10.328185054214456	"{\\"crisp_weather_condition\\": 6.114330596754931, \\"crisp_urban_density\\": 0.18361414455388986, \\"crisp_sidewalk_capacity\\": 1.4050614353882585, \\"crisp_safety_risk\\": 53.90504973749961, \\"raw_accessibility\\": 1}"
518	{"zone": "City Core Commercial", "hazard": 2, "weight": null, "population": 2980, "nearestStreet": "221-17 A. Del Rosario St", "nearPlacesFrequency": {"food": 20, "lodging": 1, "restaurant": 20, "establishment": 20, "meal_delivery": 1, "meal_takeaway": 7, "point_of_interest": 20}}	f	521	520	0.73	221-17 A. Del Rosario St	123.94220321636607,10.328668797875494	"{\\"crisp_weather_condition\\": 2.707395291346796, \\"crisp_urban_density\\": 0.18361414455388986, \\"crisp_sidewalk_capacity\\": 100.0, \\"crisp_safety_risk\\": 25.673794699908548, \\"raw_accessibility\\": 1}"
483	{"zone": "City Core Commercial", "hazard": 0, "weight": null, "population": 2980, "nearestStreet": "Mandaue Causeway", "nearPlacesFrequency": {"food": 20, "lodging": 1, "restaurant": 20, "establishment": 20, "meal_delivery": 1, "meal_takeaway": 10, "point_of_interest": 20}}	f	485	484	\N	Mandaue Causeway	123.94495908641485,10.32757193618587	\N
486	{"zone": "City Core Commercial", "hazard": 0, "weight": null, "population": 2980, "nearestStreet": "Unnamed Road", "nearPlacesFrequency": {"food": 20, "lodging": 1, "restaurant": 20, "establishment": 20, "meal_delivery": 1, "meal_takeaway": 10, "point_of_interest": 20}}	f	488	487	\N	Unnamed Road	123.94495908641485,10.32757193618587	\N
489	{"zone": "City Core Commercial", "hazard": 0, "weight": null, "population": 2980, "nearestStreet": "746 Mandaue Cswy", "nearPlacesFrequency": {"food": 20, "lodging": 1, "restaurant": 20, "establishment": 20, "meal_delivery": 1, "meal_takeaway": 10, "point_of_interest": 20}}	f	491	490	\N	746 Mandaue Cswy	123.94495908641485,10.32757193618587	\N
216	{"zone": "City Core Commercial", "hazard": 0, "weight": null, "population": 2980, "nearestStreet": "S.B. Cabahug", "nearPlacesFrequency": {"food": 20, "lodging": 1, "restaurant": 20, "establishment": 20, "meal_delivery": 1, "meal_takeaway": 9, "point_of_interest": 20}}	f	217	216	\N	S.B. Cabahug	123.94351254051777,10.328185054214456	\N
509	{"zone": "City Core Commercial", "hazard": 2, "weight": null, "population": 2980, "nearestStreet": "221-17 A. Del Rosario St", "nearPlacesFrequency": {"food": 20, "lodging": 1, "restaurant": 20, "establishment": 20, "meal_delivery": 1, "meal_takeaway": 8, "point_of_interest": 20}}	f	512	511	0.57	221-17 A. Del Rosario St	123.94220321636607,10.328668797875494	"{\\"crisp_weather_condition\\": 2.707395291346796, \\"crisp_urban_density\\": 0.18361414455388986, \\"crisp_sidewalk_capacity\\": 100.0, \\"crisp_safety_risk\\": 50.12444756837889, \\"raw_accessibility\\": 1}"
218	{"zone": "City Core Commercial", "hazard": 0, "weight": null, "population": 2980, "nearestStreet": "S.B. Cabahug", "nearPlacesFrequency": {"food": 20, "lodging": 1, "restaurant": 20, "establishment": 20, "meal_delivery": 1, "meal_takeaway": 9, "point_of_interest": 20}}	f	219	218	\N	S.B. Cabahug	123.94351254051777,10.328185054214456	\N
224	{"zone": "City Core Commercial", "hazard": 0, "weight": null, "population": 2980, "nearestStreet": "263 U.M. Seno St", "nearPlacesFrequency": {"food": 20, "lodging": 1, "restaurant": 20, "establishment": 20, "meal_delivery": 1, "meal_takeaway": 9, "point_of_interest": 20}}	f	225	224	\N	263 U.M. Seno St	123.94351254051777,10.328185054214456	\N
226	{"zone": "City Core Commercial", "hazard": 0, "weight": null, "population": 2980, "nearestStreet": "263 U.M. Seno St", "nearPlacesFrequency": {"food": 20, "lodging": 1, "restaurant": 20, "establishment": 20, "meal_delivery": 1, "meal_takeaway": 9, "point_of_interest": 20}}	f	227	226	\N	263 U.M. Seno St	123.94351254051777,10.328185054214456	\N
239	{"zone": "City Core Commercial", "hazard": 0, "weight": null, "population": 2980, "nearestStreet": "263 U.M. Seno St", "nearPlacesFrequency": {"food": 20, "lodging": 1, "restaurant": 20, "establishment": 20, "meal_delivery": 1, "meal_takeaway": 10, "point_of_interest": 20}}	f	240	239	\N	263 U.M. Seno St	123.94351254051777,10.328185054214456	\N
478	{"zone": "City Core Commercial", "hazard": 0, "weight": null, "population": 2980, "nearestStreet": "Mandaue Causeway", "nearPlacesFrequency": {"food": 20, "lodging": 1, "restaurant": 20, "establishment": 20, "meal_delivery": 1, "meal_takeaway": 10, "point_of_interest": 20}}	f	480	479	\N	Mandaue Causeway	123.94495908641485,10.32757193618587	\N
307	{"zone": "City Core Commercial", "hazard": 2, "weight": null, "population": 2980, "nearestStreet": "221-17 A. Del Rosario St", "nearPlacesFrequency": {"food": 20, "lodging": 1, "restaurant": 20, "establishment": 20, "meal_delivery": 1, "meal_takeaway": 7, "point_of_interest": 20}}	f	308	307	0.83	221-17 A. Del Rosario St	123.94220321636607,10.328668797875494	"{\\"crisp_weather_condition\\": 2.707395291346796, \\"crisp_urban_density\\": 0.18361414455388986, \\"crisp_sidewalk_capacity\\": 100.0, \\"crisp_safety_risk\\": 1.0061824423827588, \\"raw_accessibility\\": 1}"
245	{"zone": "City Core Commercial", "hazard": 0, "weight": null, "population": 2980, "nearestStreet": "345-405 P.J.Burgos", "nearPlacesFrequency": {"food": 20, "lodging": 1, "restaurant": 20, "establishment": 20, "meal_delivery": 1, "meal_takeaway": 9, "point_of_interest": 20}}	f	246	245	\N	345-405 P.J.Burgos	123.94351254051777,10.328185054214456	\N
521	{"zone": "City Core Commercial", "hazard": 2, "weight": null, "population": 2980, "nearestStreet": "221-17 A. Del Rosario St", "nearPlacesFrequency": {"food": 20, "lodging": 1, "restaurant": 20, "establishment": 20, "meal_delivery": 1, "meal_takeaway": 7, "point_of_interest": 20}}	f	524	523	0.59	221-17 A. Del Rosario St	123.94220321636607,10.328668797875494	"{\\"crisp_weather_condition\\": 2.707395291346796, \\"crisp_urban_density\\": 0.18361414455388986, \\"crisp_sidewalk_capacity\\": 100.0, \\"crisp_safety_risk\\": 48.30250104103022, \\"raw_accessibility\\": 1}"
250	{"zone": "City Core Commercial", "hazard": 0, "weight": null, "population": 2980, "nearestStreet": "345-405 P.J.Burgos", "nearPlacesFrequency": {"food": 20, "lodging": 1, "restaurant": 20, "establishment": 20, "meal_delivery": 1, "meal_takeaway": 8, "point_of_interest": 20}}	f	251	250	\N	345-405 P.J.Burgos	123.94351254051777,10.328185054214456	\N
528	{"zone": "City Core Commercial", "hazard": 2, "weight": null, "population": 2980, "nearestStreet": "711-709 Suson", "nearPlacesFrequency": {"food": 20, "lodging": 1, "restaurant": 20, "establishment": 20, "meal_delivery": 1, "meal_takeaway": 8, "point_of_interest": 20}}	f	531	530	0.00	711-709 Suson	123.94220321636607,10.328668797875494	\N
253	{"zone": "City Core Commercial", "hazard": 0, "weight": null, "population": 2980, "nearestStreet": "345-405 P.J.Burgos", "nearPlacesFrequency": {"food": 20, "lodging": 1, "restaurant": 20, "establishment": 20, "meal_delivery": 1, "meal_takeaway": 8, "point_of_interest": 20}}	f	254	253	\N	345-405 P.J.Burgos	123.94351254051777,10.328185054214456	\N
262	{"zone": "City Core Commercial", "hazard": 0, "weight": null, "population": 2980, "nearestStreet": "608-612 Zamora St", "nearPlacesFrequency": {"food": 20, "lodging": 1, "restaurant": 20, "establishment": 20, "meal_delivery": 1, "meal_takeaway": 8, "point_of_interest": 20}}	f	263	262	\N	608-612 Zamora St	123.94351254051777,10.328185054214456	\N
264	{"zone": "City Core Commercial", "hazard": 0, "weight": null, "population": 2980, "nearestStreet": "608-612 Zamora St", "nearPlacesFrequency": {"food": 20, "lodging": 1, "restaurant": 20, "establishment": 20, "meal_delivery": 1, "meal_takeaway": 8, "point_of_interest": 20}}	f	265	264	\N	608-612 Zamora St	123.94351254051777,10.328185054214456	\N
272	{"zone": "City Core Commercial", "hazard": 2, "weight": null, "population": 2980, "nearestStreet": "Zamora Street", "nearPlacesFrequency": {"food": 20, "lodging": 1, "restaurant": 20, "establishment": 20, "meal_delivery": 1, "meal_takeaway": 7, "point_of_interest": 20}}	f	273	272	\N	Zamora Street	123.94351254051777,10.328185054214456	\N
275	{"zone": "City Core Commercial", "hazard": 2, "weight": null, "population": 2980, "nearestStreet": "Zamora Street", "nearPlacesFrequency": {"food": 20, "lodging": 1, "restaurant": 20, "establishment": 20, "meal_delivery": 1, "meal_takeaway": 7, "point_of_interest": 20}}	f	202	275	\N	Zamora Street	123.94351254051777,10.328185054214456	\N
280	{"zone": "City Core Commercial", "hazard": 2, "weight": null, "population": 2980, "nearestStreet": "644 Zamora St", "nearPlacesFrequency": {"food": 20, "lodging": 1, "restaurant": 20, "establishment": 20, "meal_delivery": 1, "meal_takeaway": 6, "point_of_interest": 20}}	f	281	280	\N	644 Zamora St	123.94220321636607,10.328668797875494	\N
287	{"zone": "City Core Commercial", "hazard": 2, "weight": null, "population": 2980, "nearestStreet": "644 Zamora St", "nearPlacesFrequency": {"food": 20, "lodging": 1, "restaurant": 20, "establishment": 20, "meal_delivery": 1, "meal_takeaway": 6, "point_of_interest": 20}}	f	288	287	\N	644 Zamora St	123.94220321636607,10.328668797875494	\N
294	{"zone": "City Core Commercial", "hazard": 2, "weight": null, "population": 2980, "nearestStreet": "644 Zamora St", "nearPlacesFrequency": {"food": 20, "lodging": 1, "restaurant": 20, "establishment": 20, "meal_delivery": 1, "meal_takeaway": 6, "point_of_interest": 20}}	f	295	294	\N	644 Zamora St	123.94220321636607,10.328668797875494	\N
302	{"zone": "City Core Commercial", "hazard": 2, "weight": null, "population": 2980, "nearestStreet": "B. Ceniza", "nearPlacesFrequency": {"food": 20, "lodging": 1, "restaurant": 20, "establishment": 20, "meal_delivery": 1, "meal_takeaway": 6, "point_of_interest": 20}}	f	303	302	\N	B. Ceniza	123.94220321636607,10.328668797875494	\N
54	{"zone": "City Core Commercial", "hazard": 2, "weight": null, "population": 2980, "nearestStreet": "S.B. Cabahug", "nearPlacesFrequency": {"food": 20, "lodging": 1, "restaurant": 20, "establishment": 20, "meal_delivery": 1, "meal_takeaway": 7, "point_of_interest": 20}}	f	55	54	0.57	S.B. Cabahug	123.94318663887299,10.327099440742616	"{\\"crisp_weather_condition\\": 2.707395291346796, \\"crisp_urban_density\\": 0.18361414455388986, \\"crisp_sidewalk_capacity\\": 94.84207306137615, \\"crisp_safety_risk\\": 49.681201075696016, \\"raw_accessibility\\": 1}"
12	{"zone": "City Core Commercial", "hazard": 0, "weight": null, "population": 2980, "nearestStreet": "608-612 Zamora St", "nearPlacesFrequency": {"food": 20, "lodging": 1, "restaurant": 20, "establishment": 20, "meal_delivery": 1, "meal_takeaway": 7, "point_of_interest": 20}}	f	13	12	\N	608-612 Zamora St	123.94318663887299,10.327099440742616	\N
156	{"zone": "City Core Commercial", "hazard": 0, "weight": null, "population": 2980, "nearestStreet": "P. Gomez", "nearPlacesFrequency": {"food": 20, "lodging": 1, "restaurant": 20, "establishment": 20, "meal_delivery": 1, "meal_takeaway": 6, "point_of_interest": 20}}	f	157	156	0.45	P. Gomez	123.9419001850121,10.327600060884297	"{\\"crisp_weather_condition\\": 6.114330596754931, \\"crisp_urban_density\\": 0.18361414455388986, \\"crisp_sidewalk_capacity\\": 92.41418762463375, \\"crisp_safety_risk\\": 57.402359901584475, \\"raw_accessibility\\": 0}"
15	{"zone": "City Core Commercial", "hazard": 0, "weight": null, "population": 2980, "nearestStreet": "608-612 Zamora St", "nearPlacesFrequency": {"food": 20, "lodging": 1, "restaurant": 20, "establishment": 20, "meal_delivery": 1, "meal_takeaway": 7, "point_of_interest": 20}}	f	16	15	\N	608-612 Zamora St	123.94318663887299,10.327099440742616	\N
22	{"zone": "City Core Commercial", "hazard": 0, "weight": null, "population": 2980, "nearestStreet": "381 P.J.Burgos", "nearPlacesFrequency": {"food": 20, "lodging": 1, "restaurant": 20, "establishment": 20, "meal_delivery": 1, "meal_takeaway": 7, "point_of_interest": 20}}	f	23	22	\N	381 P.J.Burgos	123.94318663887299,10.327099440742616	\N
40	{"zone": "City Core Commercial", "hazard": 0, "weight": null, "population": 2980, "nearestStreet": "S.B. Cabahug", "nearPlacesFrequency": {"food": 20, "lodging": 1, "restaurant": 20, "establishment": 20, "meal_delivery": 1, "meal_takeaway": 7, "point_of_interest": 20}}	f	41	40	\N	S.B. Cabahug	123.94318663887299,10.327099440742616	\N
46	{"zone": "City Core Commercial", "hazard": 2, "weight": null, "population": 2980, "nearestStreet": "S.B. Cabahug", "nearPlacesFrequency": {"food": 20, "lodging": 1, "restaurant": 20, "establishment": 20, "meal_delivery": 1, "meal_takeaway": 7, "point_of_interest": 20}}	f	47	46	\N	S.B. Cabahug	123.94318663887299,10.327099440742616	\N
47	{"zone": "City Core Commercial", "hazard": 2, "weight": null, "population": 2980, "nearestStreet": "S.B. Cabahug", "nearPlacesFrequency": {"food": 20, "lodging": 1, "restaurant": 20, "establishment": 20, "meal_delivery": 1, "meal_takeaway": 7, "point_of_interest": 20}}	f	48	47	\N	S.B. Cabahug	123.94318663887299,10.327099440742616	\N
60	{"zone": "City Core Commercial", "hazard": 2, "weight": null, "population": 2980, "nearestStreet": "127 S.B. Cabahug", "nearPlacesFrequency": {"food": 20, "lodging": 1, "restaurant": 20, "establishment": 20, "meal_delivery": 1, "meal_takeaway": 6, "point_of_interest": 20}}	f	61	60	\N	127 S.B. Cabahug	123.94318663887299,10.327099440742616	\N
68	{"zone": "City Core Commercial", "hazard": 0, "weight": null, "population": 2980, "nearestStreet": "210-513 P.J.Burgos", "nearPlacesFrequency": {"food": 20, "lodging": 1, "restaurant": 20, "establishment": 20, "meal_delivery": 1, "meal_takeaway": 7, "point_of_interest": 20}}	f	69	68	\N	210-513 P.J.Burgos	123.94318663887299,10.327099440742616	\N
72	{"zone": "City Core Commercial", "hazard": 0, "weight": null, "population": 2980, "nearestStreet": "210-513 P.J.Burgos", "nearPlacesFrequency": {"food": 20, "lodging": 1, "restaurant": 20, "establishment": 20, "meal_delivery": 1, "meal_takeaway": 7, "point_of_interest": 20}}	f	73	72	\N	210-513 P.J.Burgos	123.94318663887299,10.327099440742616	\N
75	{"zone": "City Core Commercial", "hazard": 0, "weight": null, "population": 2980, "nearestStreet": "210-513 P.J.Burgos", "nearPlacesFrequency": {"food": 20, "lodging": 1, "restaurant": 20, "establishment": 20, "meal_delivery": 1, "meal_takeaway": 7, "point_of_interest": 20}}	f	76	75	\N	210-513 P.J.Burgos	123.94318663887299,10.327099440742616	\N
314	{"zone": "City Core Commercial", "hazard": 2, "weight": null, "population": 2980, "nearestStreet": "221-17 A. Del Rosario St", "nearPlacesFrequency": {"food": 20, "lodging": 1, "restaurant": 20, "establishment": 20, "meal_delivery": 1, "meal_takeaway": 6, "point_of_interest": 20}}	f	315	314	\N	221-17 A. Del Rosario St	123.94220321636607,10.328668797875494	\N
24	{"zone": "City Core Commercial", "hazard": 0, "weight": null, "population": 2980, "nearestStreet": "P.J.Burgos", "nearPlacesFrequency": {"food": 20, "lodging": 1, "restaurant": 20, "establishment": 20, "meal_delivery": 1, "meal_takeaway": 7, "point_of_interest": 20}}	f	25	24	\N	P.J.Burgos	123.94318663887299,10.327099440742616	\N
522	{"zone": "City Core Commercial", "hazard": 2, "weight": null, "population": 2980, "nearestStreet": "221-17 A. Del Rosario St", "nearPlacesFrequency": {"food": 20, "lodging": 1, "restaurant": 20, "establishment": 20, "meal_delivery": 1, "meal_takeaway": 7, "point_of_interest": 20}}	f	525	524	0.71	221-17 A. Del Rosario St	123.94220321636607,10.328668797875494	"{\\"crisp_weather_condition\\": 2.707395291346796, \\"crisp_urban_density\\": 0.18361414455388986, \\"crisp_sidewalk_capacity\\": 100.0, \\"crisp_safety_risk\\": 36.22126983115874, \\"raw_accessibility\\": 1}"
85	{"zone": "City Core Commercial", "hazard": 0, "weight": null, "population": 2980, "nearestStreet": "224 P. Gomez", "nearPlacesFrequency": {"food": 20, "lodging": 1, "restaurant": 20, "establishment": 20, "meal_delivery": 1, "meal_takeaway": 7, "point_of_interest": 20}}	f	86	85	\N	224 P. Gomez	123.94318663887299,10.327099440742616	\N
331	{"zone": "City Core Commercial", "hazard": 0, "weight": null, "population": 2980, "nearestStreet": "P.J.Burgos", "nearPlacesFrequency": {"food": 20, "lodging": 1, "restaurant": 20, "establishment": 20, "meal_delivery": 1, "meal_takeaway": 7, "point_of_interest": 20}}	f	332	331	\N	P.J.Burgos	123.94318663887299,10.327099440742616	\N
335	{"zone": "City Core Commercial", "hazard": 0, "weight": null, "population": 2980, "nearestStreet": "P.J.Burgos", "nearPlacesFrequency": {"food": 20, "lodging": 1, "restaurant": 20, "establishment": 20, "meal_delivery": 1, "meal_takeaway": 7, "point_of_interest": 20}}	f	336	335	\N	P.J.Burgos	123.94318663887299,10.327099440742616	\N
283	{"zone": "City Core Commercial", "hazard": 2, "weight": null, "population": 2980, "nearestStreet": "644 Zamora St", "nearPlacesFrequency": {"food": 20, "lodging": 1, "restaurant": 20, "establishment": 20, "meal_delivery": 1, "meal_takeaway": 6, "point_of_interest": 20}}	f	284	283	\N	644 Zamora St	123.94220321636607,10.328668797875494	\N
504	{"zone": "City Core Commercial", "hazard": 2, "weight": null, "population": 2980, "nearestStreet": "221-17 A. Del Rosario St", "nearPlacesFrequency": {"food": 20, "lodging": 1, "restaurant": 20, "establishment": 20, "meal_delivery": 1, "meal_takeaway": 8, "point_of_interest": 20}}	f	507	506	0.59	221-17 A. Del Rosario St	123.94220321636607,10.328668797875494	"{\\"crisp_weather_condition\\": 2.707395291346796, \\"crisp_urban_density\\": 0.18361414455388986, \\"crisp_sidewalk_capacity\\": 100.0, \\"crisp_safety_risk\\": 48.30250104103022, \\"raw_accessibility\\": 1}"
305	{"zone": "City Core Commercial", "hazard": 2, "weight": null, "population": 2980, "nearestStreet": "223 A. Del Rosario St", "nearPlacesFrequency": {"food": 20, "lodging": 1, "restaurant": 20, "establishment": 20, "meal_delivery": 1, "meal_takeaway": 7, "point_of_interest": 20}}	f	306	305	0.84	223 A. Del Rosario St	123.94220321636607,10.328668797875494	"{\\"crisp_weather_condition\\": 2.707395291346796, \\"crisp_urban_density\\": 0.18361414455388986, \\"crisp_sidewalk_capacity\\": 100.0, \\"crisp_safety_risk\\": 0.5819048618777202, \\"raw_accessibility\\": 1}"
322	{"zone": "City Core Commercial", "hazard": 2, "weight": null, "population": 2980, "nearestStreet": "221-17 A. Del Rosario St", "nearPlacesFrequency": {"food": 20, "lodging": 1, "restaurant": 20, "establishment": 20, "meal_delivery": 1, "meal_takeaway": 7, "point_of_interest": 20}}	f	323	322	0.07	221-17 A. Del Rosario St	123.94220321636607,10.328668797875494	"{\\"crisp_weather_condition\\": 2.707395291346796, \\"crisp_urban_density\\": 0.18361414455388986, \\"crisp_sidewalk_capacity\\": 100.0, \\"crisp_safety_risk\\": 75.0, \\"raw_accessibility\\": 0}"
99	{"zone": "City Core Commercial", "hazard": 2, "weight": null, "population": 2980, "nearestStreet": "P. Gomez", "nearPlacesFrequency": {"food": 20, "lodging": 1, "restaurant": 20, "establishment": 20, "meal_delivery": 1, "meal_takeaway": 6, "point_of_interest": 20}}	f	100	99	\N	P. Gomez	123.94318663887299,10.327099440742616	\N
106	{"zone": "City Core Commercial", "hazard": 2, "weight": null, "population": 2980, "nearestStreet": "125 S.B. Cabahug", "nearPlacesFrequency": {"food": 20, "lodging": 1, "restaurant": 20, "establishment": 20, "meal_delivery": 1, "meal_takeaway": 6, "point_of_interest": 20}}	f	107	106	\N	125 S.B. Cabahug	123.94318663887299,10.327099440742616	\N
114	{"zone": "City Core Commercial", "hazard": 2, "weight": null, "population": 2980, "nearestStreet": "644 Zamora St", "nearPlacesFrequency": {"food": 20, "lodging": 1, "restaurant": 20, "establishment": 20, "meal_delivery": 1, "meal_takeaway": 7, "point_of_interest": 20}}	f	115	114	\N	644 Zamora St	123.9419001850121,10.327600060884297	\N
121	{"zone": "City Core Commercial", "hazard": 2, "weight": null, "population": 2980, "nearestStreet": "644 Zamora St", "nearPlacesFrequency": {"food": 20, "lodging": 1, "restaurant": 20, "establishment": 20, "meal_delivery": 1, "meal_takeaway": 6, "point_of_interest": 20}}	f	122	121	\N	644 Zamora St	123.9419001850121,10.327600060884297	\N
130	{"zone": "City Core Commercial", "hazard": 2, "weight": null, "population": 2980, "nearestStreet": "644 Zamora St", "nearPlacesFrequency": {"food": 20, "lodging": 1, "restaurant": 20, "establishment": 20, "meal_delivery": 1, "meal_takeaway": 6, "point_of_interest": 20}}	f	131	130	\N	644 Zamora St	123.94220321636607,10.328668797875494	\N
343	{"zone": "City Core Commercial", "hazard": 0, "weight": null, "population": 2980, "nearestStreet": "Unnamed Road", "nearPlacesFrequency": {"food": 20, "lodging": 1, "restaurant": 20, "establishment": 20, "meal_delivery": 1, "meal_takeaway": 9, "point_of_interest": 20}}	f	344	343	\N	Unnamed Road	123.94445022244315,10.326536945241577	\N
347	{"zone": "City Core Commercial", "hazard": 0, "weight": null, "population": 2980, "nearestStreet": "Unnamed Road", "nearPlacesFrequency": {"food": 20, "lodging": 1, "restaurant": 20, "establishment": 20, "meal_delivery": 1, "meal_takeaway": 9, "point_of_interest": 20}}	f	348	347	\N	Unnamed Road	123.94445022244315,10.326536945241577	\N
349	{"zone": "City Core Commercial", "hazard": 0, "weight": null, "population": 2980, "nearestStreet": "Unnamed Road", "nearPlacesFrequency": {"food": 20, "lodging": 1, "restaurant": 20, "establishment": 20, "meal_delivery": 1, "meal_takeaway": 9, "point_of_interest": 20}}	f	350	349	\N	Unnamed Road	123.94445022244315,10.326536945241577	\N
352	{"zone": "City Core Commercial", "hazard": 0, "weight": null, "population": 2980, "nearestStreet": "Unnamed Road", "nearPlacesFrequency": {"food": 20, "lodging": 1, "restaurant": 20, "establishment": 20, "meal_delivery": 1, "meal_takeaway": 9, "point_of_interest": 20}}	f	353	352	\N	Unnamed Road	123.94445022244315,10.326536945241577	\N
357	{"zone": "City Core Commercial", "hazard": 0, "weight": null, "population": 2980, "nearestStreet": "Unnamed Road", "nearPlacesFrequency": {"food": 20, "lodging": 1, "restaurant": 20, "establishment": 20, "meal_delivery": 1, "meal_takeaway": 9, "point_of_interest": 20}}	f	358	357	\N	Unnamed Road	123.94445022244315,10.326536945241577	\N
364	{"zone": "City Core Commercial", "hazard": 0, "weight": null, "population": 2980, "nearestStreet": "Mandaue Causeway", "nearPlacesFrequency": {"food": 20, "lodging": 1, "restaurant": 20, "establishment": 20, "meal_delivery": 1, "meal_takeaway": 9, "point_of_interest": 20}}	f	365	364	\N	Mandaue Causeway	123.94445022244315,10.326536945241577	\N
371	{"zone": "City Core Commercial", "hazard": 0, "weight": null, "population": 2980, "nearestStreet": "C. Ouano Street", "nearPlacesFrequency": {"food": 20, "lodging": 1, "restaurant": 20, "establishment": 20, "meal_delivery": 1, "meal_takeaway": 9, "point_of_interest": 20}}	f	372	371	\N	C. Ouano Street	123.94445022244315,10.326536945241577	\N
376	{"zone": "City Core Commercial", "hazard": 0, "weight": null, "population": 2980, "nearestStreet": "C. Ouano Street", "nearPlacesFrequency": {"food": 20, "lodging": 1, "restaurant": 20, "establishment": 20, "meal_delivery": 1, "meal_takeaway": 9, "point_of_interest": 20}}	f	377	376	\N	C. Ouano Street	123.94445022244315,10.326536945241577	\N
378	{"zone": "City Core Commercial", "hazard": 0, "weight": null, "population": 2980, "nearestStreet": "5-8 C. Ouano St", "nearPlacesFrequency": {"food": 20, "lodging": 1, "restaurant": 20, "establishment": 20, "meal_delivery": 1, "meal_takeaway": 9, "point_of_interest": 20}}	f	379	378	\N	5-8 C. Ouano St	123.94445022244315,10.326536945241577	\N
268	{"zone": "City Core Commercial", "hazard": 0, "weight": null, "population": 2980, "nearestStreet": "Zamora Street", "nearPlacesFrequency": {"food": 20, "lodging": 1, "restaurant": 20, "establishment": 20, "meal_delivery": 1, "meal_takeaway": 7, "point_of_interest": 20}}	f	269	268	\N	Zamora Street	123.94351254051777,10.328185054214456	\N
384	{"zone": "City Core Commercial", "hazard": 0, "weight": null, "population": 2980, "nearestStreet": "5-8 C. Ouano St", "nearPlacesFrequency": {"food": 20, "lodging": 1, "restaurant": 20, "establishment": 20, "meal_delivery": 1, "meal_takeaway": 8, "point_of_interest": 20}}	f	385	384	\N	5-8 C. Ouano St	123.94445022244315,10.326536945241577	\N
390	{"zone": "City Core Commercial", "hazard": 0, "weight": null, "population": 2980, "nearestStreet": "210-513 P.J.Burgos", "nearPlacesFrequency": {"food": 20, "lodging": 1, "restaurant": 20, "establishment": 20, "meal_delivery": 1, "meal_takeaway": 7, "point_of_interest": 20}}	f	391	390	\N	210-513 P.J.Burgos	123.94445022244315,10.326536945241577	\N
392	{"zone": "City Core Commercial", "hazard": 0, "weight": null, "population": 2980, "nearestStreet": "210-513 P.J.Burgos", "nearPlacesFrequency": {"food": 20, "lodging": 1, "restaurant": 20, "establishment": 20, "meal_delivery": 1, "meal_takeaway": 7, "point_of_interest": 20}}	f	393	392	\N	210-513 P.J.Burgos	123.94445022244315,10.326536945241577	\N
401	{"zone": "City Core Commercial", "hazard": 0, "weight": null, "population": 2980, "nearestStreet": "5-8 C. Ouano St", "nearPlacesFrequency": {"food": 20, "lodging": 1, "restaurant": 20, "establishment": 20, "meal_delivery": 1, "meal_takeaway": 8, "point_of_interest": 20}}	f	402	401	\N	5-8 C. Ouano St	123.94445022244315,10.326536945241577	\N
407	{"zone": "City Core Commercial", "hazard": 0, "weight": null, "population": 2980, "nearestStreet": "Unnamed Road", "nearPlacesFrequency": {"food": 20, "lodging": 1, "restaurant": 20, "establishment": 20, "meal_delivery": 1, "meal_takeaway": 9, "point_of_interest": 20}}	f	408	407	\N	Unnamed Road	123.94445022244315,10.326536945241577	\N
415	{"zone": "City Core Commercial", "hazard": 0, "weight": null, "population": 2980, "nearestStreet": "C. Ouano Street", "nearPlacesFrequency": {"food": 20, "lodging": 1, "restaurant": 20, "establishment": 20, "meal_delivery": 1, "meal_takeaway": 9, "point_of_interest": 20}}	f	416	415	\N	C. Ouano Street	123.94445022244315,10.326536945241577	\N
421	{"zone": "City Core Commercial", "hazard": 0, "weight": null, "population": 2980, "nearestStreet": "Mandaue Causeway", "nearPlacesFrequency": {"food": 20, "lodging": 1, "restaurant": 20, "establishment": 20, "meal_delivery": 1, "meal_takeaway": 9, "point_of_interest": 20}}	f	422	421	\N	Mandaue Causeway	123.94445022244315,10.326536945241577	\N
423	{"zone": "City Core Commercial", "hazard": 0, "weight": null, "population": 2980, "nearestStreet": "Mandaue Causeway", "nearPlacesFrequency": {"food": 20, "lodging": 1, "restaurant": 20, "establishment": 20, "meal_delivery": 1, "meal_takeaway": 9, "point_of_interest": 20}}	f	424	423	\N	Mandaue Causeway	123.94445022244315,10.326536945241577	\N
429	{"zone": "City Core Commercial", "hazard": 0, "weight": null, "population": 2980, "nearestStreet": "345-405 P.J.Burgos", "nearPlacesFrequency": {"food": 20, "lodging": 1, "restaurant": 20, "establishment": 20, "meal_delivery": 1, "meal_takeaway": 10, "point_of_interest": 20}}	f	431	430	\N	345-405 P.J.Burgos	123.94351254051777,10.328185054214456	\N
436	{"zone": "City Core Commercial", "hazard": 0, "weight": null, "population": 2980, "nearestStreet": "345-405 P.J.Burgos", "nearPlacesFrequency": {"food": 20, "lodging": 1, "restaurant": 20, "establishment": 20, "meal_delivery": 1, "meal_takeaway": 9, "point_of_interest": 20}}	f	438	437	\N	345-405 P.J.Burgos	123.94351254051777,10.328185054214456	\N
445	{"zone": "City Core Commercial", "hazard": 0, "weight": null, "population": 2980, "nearestStreet": "381 P.J.Burgos", "nearPlacesFrequency": {"food": 20, "lodging": 1, "restaurant": 20, "establishment": 20, "meal_delivery": 1, "meal_takeaway": 8, "point_of_interest": 20}}	f	447	446	\N	381 P.J.Burgos	123.94318663887299,10.327099440742616	\N
451	{"zone": "City Core Commercial", "hazard": 0, "weight": null, "population": 2980, "nearestStreet": "Unnamed Road", "nearPlacesFrequency": {"food": 20, "lodging": 1, "restaurant": 20, "establishment": 20, "meal_delivery": 1, "meal_takeaway": 9, "point_of_interest": 20}}	f	453	452	\N	Unnamed Road	123.94445022244315,10.326536945241577	\N
402	{"zone": "City Core Commercial", "hazard": 0, "weight": null, "population": 2980, "nearestStreet": "5-8 C. Ouano St", "nearPlacesFrequency": {"food": 20, "lodging": 1, "restaurant": 20, "establishment": 20, "meal_delivery": 1, "meal_takeaway": 9, "point_of_interest": 20}}	f	403	402	\N	5-8 C. Ouano St	123.94445022244315,10.326536945241577	\N
290	{"zone": "City Core Commercial", "hazard": 2, "weight": null, "population": 2980, "nearestStreet": "644 Zamora St", "nearPlacesFrequency": {"food": 20, "lodging": 1, "restaurant": 20, "establishment": 20, "meal_delivery": 1, "meal_takeaway": 6, "point_of_interest": 20}}	f	291	290	\N	644 Zamora St	123.94220321636607,10.328668797875494	\N
452	{"zone": "City Core Commercial", "hazard": 0, "weight": null, "population": 2980, "nearestStreet": "Unnamed Road", "nearPlacesFrequency": {"food": 20, "lodging": 1, "restaurant": 20, "establishment": 20, "meal_delivery": 1, "meal_takeaway": 9, "point_of_interest": 20}}	f	454	453	\N	Unnamed Road	123.94445022244315,10.326536945241577	\N
459	{"zone": "City Core Commercial", "hazard": 0, "weight": null, "population": 2980, "nearestStreet": "Unnamed Road", "nearPlacesFrequency": {"food": 20, "lodging": 1, "restaurant": 20, "establishment": 20, "meal_delivery": 1, "meal_takeaway": 9, "point_of_interest": 20}}	f	461	460	\N	Unnamed Road	123.94445022244315,10.326536945241577	\N
466	{"zone": "City Core Commercial", "hazard": 0, "weight": null, "population": 2980, "nearestStreet": "Unnamed Road", "nearPlacesFrequency": {"food": 20, "lodging": 1, "restaurant": 20, "establishment": 20, "meal_delivery": 1, "meal_takeaway": 9, "point_of_interest": 20}}	f	468	467	\N	Unnamed Road	123.94445022244315,10.326536945241577	\N
488	{"zone": "City Core Commercial", "hazard": 0, "weight": null, "population": 2980, "nearestStreet": "746 Mandaue Cswy", "nearPlacesFrequency": {"food": 20, "lodging": 1, "restaurant": 20, "establishment": 20, "meal_delivery": 1, "meal_takeaway": 10, "point_of_interest": 20}}	f	490	489	\N	746 Mandaue Cswy	123.94495908641485,10.32757193618587	\N
516	{"zone": "City Core Commercial", "hazard": 2, "weight": null, "population": 2980, "nearestStreet": "221-17 A. Del Rosario St", "nearPlacesFrequency": {"food": 20, "lodging": 1, "restaurant": 20, "establishment": 20, "meal_delivery": 1, "meal_takeaway": 7, "point_of_interest": 20}}	f	519	518	0.57	221-17 A. Del Rosario St	123.94220321636607,10.328668797875494	"{\\"crisp_weather_condition\\": 2.707395291346796, \\"crisp_urban_density\\": 0.18361414455388986, \\"crisp_sidewalk_capacity\\": 100.0, \\"crisp_safety_risk\\": 49.91261976944924, \\"raw_accessibility\\": 1}"
527	{"zone": "City Core Commercial", "hazard": 2, "weight": null, "population": 2980, "nearestStreet": "711-709 Suson", "nearPlacesFrequency": {"food": 20, "lodging": 1, "restaurant": 20, "establishment": 20, "meal_delivery": 1, "meal_takeaway": 8, "point_of_interest": 20}}	f	530	529	0.00	711-709 Suson	123.94220321636607,10.328668797875494	\N
312	{"zone": "City Core Commercial", "hazard": 2, "weight": null, "population": 2980, "nearestStreet": "221-17 A. Del Rosario St", "nearPlacesFrequency": {"food": 20, "lodging": 1, "restaurant": 20, "establishment": 20, "meal_delivery": 1, "meal_takeaway": 6, "point_of_interest": 20}}	f	313	312	0.06	221-17 A. Del Rosario St	123.94220321636607,10.328668797875494	"{\\"crisp_weather_condition\\": 2.707395291346796, \\"crisp_urban_density\\": 0.18361414455388986, \\"crisp_sidewalk_capacity\\": 41.02450520102818, \\"crisp_safety_risk\\": 75.0, \\"raw_accessibility\\": 0}"
496	{"zone": "City Core Commercial", "hazard": 2, "weight": null, "population": 2980, "nearestStreet": "S.B. Cabahug", "nearPlacesFrequency": {"food": 20, "lodging": 1, "restaurant": 20, "establishment": 20, "meal_delivery": 1, "meal_takeaway": 9, "point_of_interest": 20}}	f	499	498	0.70	S.B. Cabahug	123.94220321636607,10.328668797875494	"{\\"crisp_weather_condition\\": 2.707395291346796, \\"crisp_urban_density\\": 0.18361414455388986, \\"crisp_sidewalk_capacity\\": 41.02450520102818, \\"crisp_safety_risk\\": 36.22126983115874, \\"raw_accessibility\\": 1}"
467	{"zone": "City Core Commercial", "hazard": 0, "weight": null, "population": 2980, "nearestStreet": "Unnamed Road", "nearPlacesFrequency": {"food": 20, "lodging": 1, "restaurant": 20, "establishment": 20, "meal_delivery": 1, "meal_takeaway": 9, "point_of_interest": 20}}	f	469	468	\N	Unnamed Road	123.94445022244315,10.326536945241577	\N
473	{"zone": "City Core Commercial", "hazard": 0, "weight": null, "population": 2980, "nearestStreet": "Mandaue Causeway", "nearPlacesFrequency": {"food": 20, "lodging": 1, "restaurant": 20, "establishment": 20, "meal_delivery": 1, "meal_takeaway": 9, "point_of_interest": 20}}	f	475	474	\N	Mandaue Causeway	123.94445022244315,10.326536945241577	\N
474	{"zone": "City Core Commercial", "hazard": 0, "weight": null, "population": 2980, "nearestStreet": "Mandaue Causeway", "nearPlacesFrequency": {"food": 20, "lodging": 1, "restaurant": 20, "establishment": 20, "meal_delivery": 1, "meal_takeaway": 9, "point_of_interest": 20}}	f	476	475	\N	Mandaue Causeway	123.94495908641485,10.32757193618587	\N
481	{"zone": "City Core Commercial", "hazard": 0, "weight": null, "population": 2980, "nearestStreet": "Unnamed Road", "nearPlacesFrequency": {"food": 20, "lodging": 1, "restaurant": 20, "establishment": 20, "meal_delivery": 1, "meal_takeaway": 10, "point_of_interest": 20}}	f	483	482	\N	Unnamed Road	123.94495908641485,10.32757193618587	\N
502	{"zone": "City Core Commercial", "hazard": 2, "weight": null, "population": 2980, "nearestStreet": "S.B. Cabahug", "nearPlacesFrequency": {"food": 20, "lodging": 1, "restaurant": 20, "establishment": 20, "meal_delivery": 1, "meal_takeaway": 8, "point_of_interest": 20}}	f	505	504	0.69	S.B. Cabahug	123.94220321636607,10.328668797875494	"{\\"crisp_weather_condition\\": 2.707395291346796, \\"crisp_urban_density\\": 0.18361414455388986, \\"crisp_sidewalk_capacity\\": 7.273486859300061, \\"crisp_safety_risk\\": 48.30250104103022, \\"raw_accessibility\\": 1}"
515	{"zone": "City Core Commercial", "hazard": 2, "weight": null, "population": 2980, "nearestStreet": "221-17 A. Del Rosario St", "nearPlacesFrequency": {"food": 20, "lodging": 1, "restaurant": 20, "establishment": 20, "meal_delivery": 1, "meal_takeaway": 6, "point_of_interest": 20}}	f	518	517	0.59	221-17 A. Del Rosario St	123.94220321636607,10.328668797875494	"{\\"crisp_weather_condition\\": 2.707395291346796, \\"crisp_urban_density\\": 0.18361414455388986, \\"crisp_sidewalk_capacity\\": 100.0, \\"crisp_safety_risk\\": 48.30250104103022, \\"raw_accessibility\\": 1}"
513	{"zone": "City Core Commercial", "hazard": 2, "weight": null, "population": 2980, "nearestStreet": "221-17 A. Del Rosario St", "nearPlacesFrequency": {"food": 20, "lodging": 1, "restaurant": 20, "establishment": 20, "meal_delivery": 1, "meal_takeaway": 7, "point_of_interest": 20}}	f	516	515	0.73	221-17 A. Del Rosario St	123.94220321636607,10.328668797875494	"{\\"crisp_weather_condition\\": 2.707395291346796, \\"crisp_urban_density\\": 0.18361414455388986, \\"crisp_sidewalk_capacity\\": 100.0, \\"crisp_safety_risk\\": 25.673794699908548, \\"raw_accessibility\\": 1}"
326	{"zone": "City Core Commercial", "hazard": 2, "weight": null, "population": 2980, "nearestStreet": "221-17 A. Del Rosario St", "nearPlacesFrequency": {"food": 20, "lodging": 1, "restaurant": 20, "establishment": 20, "meal_delivery": 1, "meal_takeaway": 7, "point_of_interest": 20}}	f	327	326	0.73	221-17 A. Del Rosario St	123.94220321636607,10.328668797875494	"{\\"crisp_weather_condition\\": 2.707395291346796, \\"crisp_urban_density\\": 0.18361414455388986, \\"crisp_sidewalk_capacity\\": 92.45058962483013, \\"crisp_safety_risk\\": 25.673794699908548, \\"raw_accessibility\\": 1}"
34	{"zone": "City Core Commercial", "hazard": 0, "weight": null, "population": 2980, "nearestStreet": "P.J.Burgos", "nearPlacesFrequency": {"food": 20, "lodging": 1, "restaurant": 20, "establishment": 20, "meal_delivery": 1, "meal_takeaway": 7, "point_of_interest": 20}}	f	35	34	0.60	P.J.Burgos	123.94318663887299,10.327099440742616	"{\\"crisp_weather_condition\\": 6.114330596754931, \\"crisp_urban_density\\": 0.18361414455388986, \\"crisp_sidewalk_capacity\\": 27.43686612585806, \\"crisp_safety_risk\\": 45.13125278880062, \\"raw_accessibility\\": 1}"
230	{"zone": "City Core Commercial", "hazard": 0, "weight": null, "population": 2980, "nearestStreet": "263 U.M. Seno St", "nearPlacesFrequency": {"food": 20, "lodging": 1, "restaurant": 20, "establishment": 20, "meal_delivery": 1, "meal_takeaway": 9, "point_of_interest": 20}}	f	231	230	\N	263 U.M. Seno St	123.94351254051777,10.328185054214456	\N
37	{"zone": "City Core Commercial", "hazard": 0, "weight": null, "population": 2980, "nearestStreet": "P.J.Burgos", "nearPlacesFrequency": {"food": 20, "lodging": 1, "restaurant": 20, "establishment": 20, "meal_delivery": 1, "meal_takeaway": 7, "point_of_interest": 20}}	f	38	37	0.61	P.J.Burgos	123.94318663887299,10.327099440742616	"{\\"crisp_weather_condition\\": 6.114330596754931, \\"crisp_urban_density\\": 0.18361414455388986, \\"crisp_sidewalk_capacity\\": 7.273486859300061, \\"crisp_safety_risk\\": 92.01737289682201, \\"raw_accessibility\\": 1}"
166	{"zone": "City Core Commercial", "hazard": 2, "weight": null, "population": 2980, "nearestStreet": "P. Gomez", "nearPlacesFrequency": {"food": 20, "lodging": 1, "restaurant": 20, "establishment": 20, "meal_delivery": 1, "meal_takeaway": 6, "point_of_interest": 20}}	f	167	166	0.73	P. Gomez	123.9419001850121,10.327600060884297	"{\\"crisp_weather_condition\\": 2.707395291346796, \\"crisp_urban_density\\": 0.18361414455388986, \\"crisp_sidewalk_capacity\\": 7.273486859300061, \\"crisp_safety_risk\\": 31.00032768554022, \\"raw_accessibility\\": 1}"
93	{"zone": "City Core Commercial", "hazard": 0, "weight": null, "population": 2980, "nearestStreet": "6014 P. Gomez", "nearPlacesFrequency": {"food": 20, "lodging": 1, "restaurant": 20, "establishment": 20, "meal_delivery": 1, "meal_takeaway": 6, "point_of_interest": 20}}	f	94	93	\N	6014 P. Gomez	123.94318663887299,10.327099440742616	\N
181	{"zone": "City Core Commercial", "hazard": 2, "weight": null, "population": 2980, "nearestStreet": "125 S.B. Cabahug", "nearPlacesFrequency": {"food": 20, "lodging": 1, "restaurant": 20, "establishment": 20, "meal_delivery": 1, "meal_takeaway": 6, "point_of_interest": 20}}	f	182	181	0.75	125 S.B. Cabahug	123.94318663887299,10.327099440742616	"{\\"crisp_weather_condition\\": 2.707395291346796, \\"crisp_urban_density\\": 0.18361414455388986, \\"crisp_sidewalk_capacity\\": 1.4050614353882585, \\"crisp_safety_risk\\": 50.339152153694315, \\"raw_accessibility\\": 1}"
32	{"zone": "City Core Commercial", "hazard": 0, "weight": null, "population": 2980, "nearestStreet": "P.J.Burgos", "nearPlacesFrequency": {"food": 20, "lodging": 1, "restaurant": 20, "establishment": 20, "meal_delivery": 1, "meal_takeaway": 7, "point_of_interest": 20}}	f	33	32	0.66	P.J.Burgos	123.94318663887299,10.327099440742616	"{\\"crisp_weather_condition\\": 6.114330596754931, \\"crisp_urban_density\\": 0.18361414455388986, \\"crisp_sidewalk_capacity\\": 7.273486859300061, \\"crisp_safety_risk\\": 100.0, \\"raw_accessibility\\": 1}"
38	{"zone": "City Core Commercial", "hazard": 0, "weight": null, "population": 2980, "nearestStreet": "S.B. Cabahug", "nearPlacesFrequency": {"food": 20, "lodging": 1, "restaurant": 20, "establishment": 20, "meal_delivery": 1, "meal_takeaway": 7, "point_of_interest": 20}}	f	39	38	0.01	S.B. Cabahug	123.94318663887299,10.327099440742616	"{\\"crisp_weather_condition\\": 6.114330596754931, \\"crisp_urban_density\\": 0.18361414455388986, \\"crisp_sidewalk_capacity\\": 50.94967831669451, \\"crisp_safety_risk\\": 99.6676122575258, \\"raw_accessibility\\": 0}"
69	{"zone": "City Core Commercial", "hazard": 0, "weight": null, "population": 2980, "nearestStreet": "210-513 P.J.Burgos", "nearPlacesFrequency": {"food": 20, "lodging": 1, "restaurant": 20, "establishment": 20, "meal_delivery": 1, "meal_takeaway": 7, "point_of_interest": 20}}	f	70	69	0.58	210-513 P.J.Burgos	123.94318663887299,10.327099440742616	"{\\"crisp_weather_condition\\": 6.114330596754931, \\"crisp_urban_density\\": 0.18361414455388986, \\"crisp_sidewalk_capacity\\": 7.273486859300061, \\"crisp_safety_risk\\": 84.25483825148626, \\"raw_accessibility\\": 1}"
31	{"zone": "City Core Commercial", "hazard": 0, "weight": null, "population": 2980, "nearestStreet": "P.J.Burgos", "nearPlacesFrequency": {"food": 20, "lodging": 1, "restaurant": 20, "establishment": 20, "meal_delivery": 1, "meal_takeaway": 7, "point_of_interest": 20}}	f	32	31	0.01	P.J.Burgos	123.94318663887299,10.327099440742616	"{\\"crisp_weather_condition\\": 6.114330596754931, \\"crisp_urban_density\\": 0.18361414455388986, \\"crisp_sidewalk_capacity\\": 41.02450520102818, \\"crisp_safety_risk\\": 100.0, \\"raw_accessibility\\": 0}"
27	{"zone": "City Core Commercial", "hazard": 0, "weight": null, "population": 2980, "nearestStreet": "P.J.Burgos", "nearPlacesFrequency": {"food": 20, "lodging": 1, "restaurant": 20, "establishment": 20, "meal_delivery": 1, "meal_takeaway": 7, "point_of_interest": 20}}	f	28	27	0.72	P.J.Burgos	123.94318663887299,10.327099440742616	"{\\"crisp_weather_condition\\": 6.114330596754931, \\"crisp_urban_density\\": 0.18361414455388986, \\"crisp_sidewalk_capacity\\": 3.1016857634090496, \\"crisp_safety_risk\\": 36.22126983115874, \\"raw_accessibility\\": 1}"
188	{"zone": "City Core Commercial", "hazard": 2, "weight": null, "population": 2980, "nearestStreet": "127 S.B. Cabahug", "nearPlacesFrequency": {"food": 20, "lodging": 1, "restaurant": 20, "establishment": 20, "meal_delivery": 1, "meal_takeaway": 6, "point_of_interest": 20}}	f	189	188	0.75	127 S.B. Cabahug	123.94318663887299,10.327099440742616	"{\\"crisp_weather_condition\\": 2.707395291346796, \\"crisp_urban_density\\": 0.18361414455388986, \\"crisp_sidewalk_capacity\\": 1.4050614353882585, \\"crisp_safety_risk\\": 50.339152153694315, \\"raw_accessibility\\": 1}"
198	{"zone": "City Core Commercial", "hazard": 2, "weight": null, "population": 2980, "nearestStreet": "S.B. Cabahug", "nearPlacesFrequency": {"food": 20, "lodging": 1, "restaurant": 20, "establishment": 20, "meal_delivery": 1, "meal_takeaway": 7, "point_of_interest": 20}}	f	199	198	0.78	S.B. Cabahug	123.94318663887299,10.327099440742616	"{\\"crisp_weather_condition\\": 2.707395291346796, \\"crisp_urban_density\\": 0.18361414455388986, \\"crisp_sidewalk_capacity\\": 1.4050614353882585, \\"crisp_safety_risk\\": 25.673794699908548, \\"raw_accessibility\\": 1}"
510	{"zone": "City Core Commercial", "hazard": 2, "weight": null, "population": 2980, "nearestStreet": "221-17 A. Del Rosario St", "nearPlacesFrequency": {"food": 20, "lodging": 1, "restaurant": 20, "establishment": 20, "meal_delivery": 1, "meal_takeaway": 8, "point_of_interest": 20}}	f	513	512	0.59	221-17 A. Del Rosario St	123.94220321636607,10.328668797875494	"{\\"crisp_weather_condition\\": 2.707395291346796, \\"crisp_urban_density\\": 0.18361414455388986, \\"crisp_sidewalk_capacity\\": 100.0, \\"crisp_safety_risk\\": 48.30250104103022, \\"raw_accessibility\\": 1}"
492	{"zone": "City Core Commercial", "hazard": 0, "weight": null, "population": 2980, "nearestStreet": "S.B. Cabahug", "nearPlacesFrequency": {"food": 20, "lodging": 1, "restaurant": 20, "establishment": 20, "meal_delivery": 1, "meal_takeaway": 9, "point_of_interest": 20}}	f	495	494	0.74	S.B. Cabahug	123.94220321636607,10.328668797875494	"{\\"crisp_weather_condition\\": 6.114330596754931, \\"crisp_urban_density\\": 0.18361414455388986, \\"crisp_sidewalk_capacity\\": 41.02450520102818, \\"crisp_safety_risk\\": 12.144947219341152, \\"raw_accessibility\\": 1}"
500	{"zone": "City Core Commercial", "hazard": 2, "weight": null, "population": 2980, "nearestStreet": "S.B. Cabahug", "nearPlacesFrequency": {"food": 20, "lodging": 1, "restaurant": 20, "establishment": 20, "meal_delivery": 1, "meal_takeaway": 9, "point_of_interest": 20}}	f	503	502	0.71	S.B. Cabahug	123.94220321636607,10.328668797875494	"{\\"crisp_weather_condition\\": 2.707395291346796, \\"crisp_urban_density\\": 0.18361414455388986, \\"crisp_sidewalk_capacity\\": 27.43686612585806, \\"crisp_safety_risk\\": 25.673794699908548, \\"raw_accessibility\\": 1}"
7	{"zone": "City Core Commercial", "hazard": 0, "weight": null, "population": 2980, "nearestStreet": "Zamora Street", "nearPlacesFrequency": {"food": 20, "lodging": 1, "restaurant": 20, "establishment": 20, "meal_delivery": 1, "meal_takeaway": 7, "point_of_interest": 20}}	f	8	7	0.00	Zamora Street	123.94318663887299,10.327099440742616	\N
10	{"zone": "City Core Commercial", "hazard": 0, "weight": null, "population": 2980, "nearestStreet": "Zamora Street", "nearPlacesFrequency": {"food": 20, "lodging": 1, "restaurant": 20, "establishment": 20, "meal_delivery": 1, "meal_takeaway": 7, "point_of_interest": 20}}	f	11	10	0.00	Zamora Street	123.94318663887299,10.327099440742616	\N
1	{"zone": "City Core Commercial", "hazard": 2, "weight": null, "population": 2980, "nearestStreet": "Zamora Street", "nearPlacesFrequency": {"food": 20, "lodging": 1, "restaurant": 20, "establishment": 20, "meal_delivery": 1, "meal_takeaway": 7, "point_of_interest": 20}}	f	2	1	\N	Zamora Street	123.94351254051777,10.328185054214456	\N
2	{"zone": "City Core Commercial", "hazard": 2, "weight": null, "population": 2980, "nearestStreet": "Zamora Street", "nearPlacesFrequency": {"food": 20, "lodging": 1, "restaurant": 20, "establishment": 20, "meal_delivery": 1, "meal_takeaway": 7, "point_of_interest": 20}}	f	3	2	\N	Zamora Street	123.94351254051777,10.328185054214456	\N
3	{"zone": "City Core Commercial", "hazard": 2, "weight": null, "population": 2980, "nearestStreet": "Zamora Street", "nearPlacesFrequency": {"food": 20, "lodging": 1, "restaurant": 20, "establishment": 20, "meal_delivery": 1, "meal_takeaway": 7, "point_of_interest": 20}}	f	4	3	\N	Zamora Street	123.94351254051777,10.328185054214456	\N
4	{"zone": "City Core Commercial", "hazard": 2, "weight": null, "population": 2980, "nearestStreet": "Zamora Street", "nearPlacesFrequency": {"food": 20, "lodging": 1, "restaurant": 20, "establishment": 20, "meal_delivery": 1, "meal_takeaway": 7, "point_of_interest": 20}}	f	5	4	\N	Zamora Street	123.94318663887299,10.327099440742616	\N
11	{"zone": "City Core Commercial", "hazard": 0, "weight": null, "population": 2980, "nearestStreet": "Zamora Street", "nearPlacesFrequency": {"food": 20, "lodging": 1, "restaurant": 20, "establishment": 20, "meal_delivery": 1, "meal_takeaway": 7, "point_of_interest": 20}}	f	12	11	0.00	Zamora Street	123.94318663887299,10.327099440742616	\N
5	{"zone": "City Core Commercial", "hazard": 2, "weight": null, "population": 2980, "nearestStreet": "Zamora Street", "nearPlacesFrequency": {"food": 20, "lodging": 1, "restaurant": 20, "establishment": 20, "meal_delivery": 1, "meal_takeaway": 7, "point_of_interest": 20}}	f	6	5	0.00	Zamora Street	123.94318663887299,10.327099440742616	\N
6	{"zone": "City Core Commercial", "hazard": 0, "weight": null, "population": 2980, "nearestStreet": "Zamora Street", "nearPlacesFrequency": {"food": 20, "lodging": 1, "restaurant": 20, "establishment": 20, "meal_delivery": 1, "meal_takeaway": 7, "point_of_interest": 20}}	f	7	6	0.00	Zamora Street	123.94318663887299,10.327099440742616	\N
9	{"zone": "City Core Commercial", "hazard": 0, "weight": null, "population": 2980, "nearestStreet": "Zamora Street", "nearPlacesFrequency": {"food": 20, "lodging": 1, "restaurant": 20, "establishment": 20, "meal_delivery": 1, "meal_takeaway": 7, "point_of_interest": 20}}	f	10	9	0.00	Zamora Street	123.94318663887299,10.327099440742616	\N
8	{"zone": "City Core Commercial", "hazard": 0, "weight": null, "population": 2980, "nearestStreet": "Zamora Street", "nearPlacesFrequency": {"food": 20, "lodging": 1, "restaurant": 20, "establishment": 20, "meal_delivery": 1, "meal_takeaway": 7, "point_of_interest": 20}}	f	9	8	0.00	Zamora Street	123.94318663887299,10.327099440742616	\N
36	{"zone": "City Core Commercial", "hazard": 0, "weight": null, "population": 2980, "nearestStreet": "P.J.Burgos", "nearPlacesFrequency": {"food": 20, "lodging": 1, "restaurant": 20, "establishment": 20, "meal_delivery": 1, "meal_takeaway": 7, "point_of_interest": 20}}	f	37	36	0.43	P.J.Burgos	123.94318663887299,10.327099440742616	"{\\"crisp_weather_condition\\": 6.114330596754931, \\"crisp_urban_density\\": 0.18361414455388986, \\"crisp_sidewalk_capacity\\": 15.3616797160852, \\"crisp_safety_risk\\": 99.08509025219224, \\"raw_accessibility\\": 1}"
21	{"zone": "City Core Commercial", "hazard": 0, "weight": null, "population": 2980, "nearestStreet": "381 P.J.Burgos", "nearPlacesFrequency": {"food": 20, "lodging": 1, "restaurant": 20, "establishment": 20, "meal_delivery": 1, "meal_takeaway": 8, "point_of_interest": 20}}	f	22	21	0.69	381 P.J.Burgos	123.94318663887299,10.327099440742616	"{\\"crisp_weather_condition\\": 6.114330596754931, \\"crisp_urban_density\\": 0.18361414455388986, \\"crisp_sidewalk_capacity\\": 7.273486859300061, \\"crisp_safety_risk\\": 39.10003387485944, \\"raw_accessibility\\": 1}"
25	{"zone": "City Core Commercial", "hazard": 0, "weight": null, "population": 2980, "nearestStreet": "P.J.Burgos", "nearPlacesFrequency": {"food": 20, "lodging": 1, "restaurant": 20, "establishment": 20, "meal_delivery": 1, "meal_takeaway": 7, "point_of_interest": 20}}	f	26	25	0.71	P.J.Burgos	123.94318663887299,10.327099440742616	"{\\"crisp_weather_condition\\": 6.114330596754931, \\"crisp_urban_density\\": 0.18361414455388986, \\"crisp_sidewalk_capacity\\": 3.1016857634090496, \\"crisp_safety_risk\\": 39.10003387485944, \\"raw_accessibility\\": 1}"
16	{"zone": "City Core Commercial", "hazard": 0, "weight": null, "population": 2980, "nearestStreet": "608-612 Zamora St", "nearPlacesFrequency": {"food": 20, "lodging": 1, "restaurant": 20, "establishment": 20, "meal_delivery": 1, "meal_takeaway": 8, "point_of_interest": 20}}	f	17	16	\N	608-612 Zamora St	123.94318663887299,10.327099440742616	\N
18	{"zone": "City Core Commercial", "hazard": 0, "weight": null, "population": 2980, "nearestStreet": "608-612 Zamora St", "nearPlacesFrequency": {"food": 20, "lodging": 1, "restaurant": 20, "establishment": 20, "meal_delivery": 1, "meal_takeaway": 8, "point_of_interest": 20}}	f	19	18	\N	608-612 Zamora St	123.94318663887299,10.327099440742616	\N
19	{"zone": "City Core Commercial", "hazard": 0, "weight": null, "population": 2980, "nearestStreet": "608-612 Zamora St", "nearPlacesFrequency": {"food": 20, "lodging": 1, "restaurant": 20, "establishment": 20, "meal_delivery": 1, "meal_takeaway": 8, "point_of_interest": 20}}	f	20	19	\N	608-612 Zamora St	123.94318663887299,10.327099440742616	\N
26	{"zone": "City Core Commercial", "hazard": 0, "weight": null, "population": 2980, "nearestStreet": "P.J.Burgos", "nearPlacesFrequency": {"food": 20, "lodging": 1, "restaurant": 20, "establishment": 20, "meal_delivery": 1, "meal_takeaway": 7, "point_of_interest": 20}}	f	27	26	0.73	P.J.Burgos	123.94318663887299,10.327099440742616	"{\\"crisp_weather_condition\\": 6.114330596754931, \\"crisp_urban_density\\": 0.18361414455388986, \\"crisp_sidewalk_capacity\\": 1.4050614353882585, \\"crisp_safety_risk\\": 36.22126983115874, \\"raw_accessibility\\": 1}"
20	{"zone": "City Core Commercial", "hazard": 0, "weight": null, "population": 2980, "nearestStreet": "608-612 Zamora St", "nearPlacesFrequency": {"food": 20, "lodging": 1, "restaurant": 20, "establishment": 20, "meal_delivery": 1, "meal_takeaway": 8, "point_of_interest": 20}}	f	21	20	\N	608-612 Zamora St	123.94318663887299,10.327099440742616	\N
35	{"zone": "City Core Commercial", "hazard": 0, "weight": null, "population": 2980, "nearestStreet": "P.J.Burgos", "nearPlacesFrequency": {"food": 20, "lodging": 1, "restaurant": 20, "establishment": 20, "meal_delivery": 1, "meal_takeaway": 7, "point_of_interest": 20}}	f	36	35	0.76	P.J.Burgos	123.94318663887299,10.327099440742616	"{\\"crisp_weather_condition\\": 6.114330596754931, \\"crisp_urban_density\\": 0.18361414455388986, \\"crisp_sidewalk_capacity\\": 1.4050614353882585, \\"crisp_safety_risk\\": 93.21725341153571, \\"raw_accessibility\\": 1}"
29	{"zone": "City Core Commercial", "hazard": 0, "weight": null, "population": 2980, "nearestStreet": "P.J.Burgos", "nearPlacesFrequency": {"food": 20, "lodging": 1, "restaurant": 20, "establishment": 20, "meal_delivery": 1, "meal_takeaway": 7, "point_of_interest": 20}}	f	30	29	0.71	P.J.Burgos	123.94318663887299,10.327099440742616	"{\\"crisp_weather_condition\\": 6.114330596754931, \\"crisp_urban_density\\": 0.18361414455388986, \\"crisp_sidewalk_capacity\\": 3.1016857634090496, \\"crisp_safety_risk\\": 39.10003387485944, \\"raw_accessibility\\": 1}"
33	{"zone": "City Core Commercial", "hazard": 0, "weight": null, "population": 2980, "nearestStreet": "P.J.Burgos", "nearPlacesFrequency": {"food": 20, "lodging": 1, "restaurant": 20, "establishment": 20, "meal_delivery": 1, "meal_takeaway": 7, "point_of_interest": 20}}	f	34	33	0.43	P.J.Burgos	123.94318663887299,10.327099440742616	"{\\"crisp_weather_condition\\": 6.114330596754931, \\"crisp_urban_density\\": 0.18361414455388986, \\"crisp_sidewalk_capacity\\": 27.43686612585806, \\"crisp_safety_risk\\": 62.43342614429062, \\"raw_accessibility\\": 1}"
14	{"zone": "City Core Commercial", "hazard": 0, "weight": null, "population": 2980, "nearestStreet": "608-612 Zamora St", "nearPlacesFrequency": {"food": 20, "lodging": 1, "restaurant": 20, "establishment": 20, "meal_delivery": 1, "meal_takeaway": 7, "point_of_interest": 20}}	f	15	14	\N	608-612 Zamora St	123.94318663887299,10.327099440742616	\N
50	{"zone": "City Core Commercial", "hazard": 2, "weight": null, "population": 2980, "nearestStreet": "S.B. Cabahug", "nearPlacesFrequency": {"food": 20, "lodging": 1, "restaurant": 20, "establishment": 20, "meal_delivery": 1, "meal_takeaway": 7, "point_of_interest": 20}}	f	51	50	0.59	S.B. Cabahug	123.94318663887299,10.327099440742616	"{\\"crisp_weather_condition\\": 2.707395291346796, \\"crisp_urban_density\\": 0.18361414455388986, \\"crisp_sidewalk_capacity\\": 92.41418199787567, \\"crisp_safety_risk\\": 48.30250104103022, \\"raw_accessibility\\": 1}"
58	{"zone": "City Core Commercial", "hazard": 2, "weight": null, "population": 2980, "nearestStreet": "S.B. Cabahug", "nearPlacesFrequency": {"food": 20, "lodging": 1, "restaurant": 20, "establishment": 20, "meal_delivery": 1, "meal_takeaway": 7, "point_of_interest": 20}}	f	59	58	0.56	S.B. Cabahug	123.94318663887299,10.327099440742616	"{\\"crisp_weather_condition\\": 2.707395291346796, \\"crisp_urban_density\\": 0.18361414455388986, \\"crisp_sidewalk_capacity\\": 94.84207306137615, \\"crisp_safety_risk\\": 50.339152153694315, \\"raw_accessibility\\": 1}"
39	{"zone": "City Core Commercial", "hazard": 0, "weight": null, "population": 2980, "nearestStreet": "S.B. Cabahug", "nearPlacesFrequency": {"food": 20, "lodging": 1, "restaurant": 20, "establishment": 20, "meal_delivery": 1, "meal_takeaway": 7, "point_of_interest": 20}}	f	40	39	0.01	S.B. Cabahug	123.94318663887299,10.327099440742616	"{\\"crisp_weather_condition\\": 6.114330596754931, \\"crisp_urban_density\\": 0.18361414455388986, \\"crisp_sidewalk_capacity\\": 50.94967831669451, \\"crisp_safety_risk\\": 99.6676122575258, \\"raw_accessibility\\": 0}"
56	{"zone": "City Core Commercial", "hazard": 2, "weight": null, "population": 2980, "nearestStreet": "S.B. Cabahug", "nearPlacesFrequency": {"food": 20, "lodging": 1, "restaurant": 20, "establishment": 20, "meal_delivery": 1, "meal_takeaway": 7, "point_of_interest": 20}}	f	57	56	0.57	S.B. Cabahug	123.94318663887299,10.327099440742616	"{\\"crisp_weather_condition\\": 2.707395291346796, \\"crisp_urban_density\\": 0.18361414455388986, \\"crisp_sidewalk_capacity\\": 94.84207306137615, \\"crisp_safety_risk\\": 49.681201075696016, \\"raw_accessibility\\": 1}"
41	{"zone": "City Core Commercial", "hazard": 0, "weight": null, "population": 2980, "nearestStreet": "S.B. Cabahug", "nearPlacesFrequency": {"food": 20, "lodging": 1, "restaurant": 20, "establishment": 20, "meal_delivery": 1, "meal_takeaway": 7, "point_of_interest": 20}}	f	42	41	\N	S.B. Cabahug	123.94318663887299,10.327099440742616	\N
43	{"zone": "City Core Commercial", "hazard": 2, "weight": null, "population": 2980, "nearestStreet": "S.B. Cabahug", "nearPlacesFrequency": {"food": 20, "lodging": 1, "restaurant": 20, "establishment": 20, "meal_delivery": 1, "meal_takeaway": 7, "point_of_interest": 20}}	f	44	43	\N	S.B. Cabahug	123.94318663887299,10.327099440742616	\N
44	{"zone": "City Core Commercial", "hazard": 2, "weight": null, "population": 2980, "nearestStreet": "S.B. Cabahug", "nearPlacesFrequency": {"food": 20, "lodging": 1, "restaurant": 20, "establishment": 20, "meal_delivery": 1, "meal_takeaway": 7, "point_of_interest": 20}}	f	45	44	\N	S.B. Cabahug	123.94318663887299,10.327099440742616	\N
45	{"zone": "City Core Commercial", "hazard": 2, "weight": null, "population": 2980, "nearestStreet": "S.B. Cabahug", "nearPlacesFrequency": {"food": 20, "lodging": 1, "restaurant": 20, "establishment": 20, "meal_delivery": 1, "meal_takeaway": 7, "point_of_interest": 20}}	f	46	45	\N	S.B. Cabahug	123.94318663887299,10.327099440742616	\N
48	{"zone": "City Core Commercial", "hazard": 2, "weight": null, "population": 2980, "nearestStreet": "S.B. Cabahug", "nearPlacesFrequency": {"food": 20, "lodging": 1, "restaurant": 20, "establishment": 20, "meal_delivery": 1, "meal_takeaway": 7, "point_of_interest": 20}}	f	49	48	\N	S.B. Cabahug	123.94318663887299,10.327099440742616	\N
49	{"zone": "City Core Commercial", "hazard": 2, "weight": null, "population": 2980, "nearestStreet": "S.B. Cabahug", "nearPlacesFrequency": {"food": 20, "lodging": 1, "restaurant": 20, "establishment": 20, "meal_delivery": 1, "meal_takeaway": 7, "point_of_interest": 20}}	f	50	49	\N	S.B. Cabahug	123.94318663887299,10.327099440742616	\N
53	{"zone": "City Core Commercial", "hazard": 2, "weight": null, "population": 2980, "nearestStreet": "S.B. Cabahug", "nearPlacesFrequency": {"food": 20, "lodging": 1, "restaurant": 20, "establishment": 20, "meal_delivery": 1, "meal_takeaway": 7, "point_of_interest": 20}}	f	54	53	\N	S.B. Cabahug	123.94318663887299,10.327099440742616	\N
55	{"zone": "City Core Commercial", "hazard": 2, "weight": null, "population": 2980, "nearestStreet": "S.B. Cabahug", "nearPlacesFrequency": {"food": 20, "lodging": 1, "restaurant": 20, "establishment": 20, "meal_delivery": 1, "meal_takeaway": 7, "point_of_interest": 20}}	f	56	55	\N	S.B. Cabahug	123.94318663887299,10.327099440742616	\N
51	{"zone": "City Core Commercial", "hazard": 2, "weight": null, "population": 2980, "nearestStreet": "S.B. Cabahug", "nearPlacesFrequency": {"food": 20, "lodging": 1, "restaurant": 20, "establishment": 20, "meal_delivery": 1, "meal_takeaway": 7, "point_of_interest": 20}}	f	52	51	0.57	S.B. Cabahug	123.94318663887299,10.327099440742616	"{\\"crisp_weather_condition\\": 2.707395291346796, \\"crisp_urban_density\\": 0.18361414455388986, \\"crisp_sidewalk_capacity\\": 92.41418199787567, \\"crisp_safety_risk\\": 49.681201075696016, \\"raw_accessibility\\": 1}"
61	{"zone": "City Core Commercial", "hazard": 2, "weight": null, "population": 2980, "nearestStreet": "S.B. Cabahug", "nearPlacesFrequency": {"food": 20, "lodging": 1, "restaurant": 20, "establishment": 20, "meal_delivery": 1, "meal_takeaway": 7, "point_of_interest": 20}}	f	62	61	\N	S.B. Cabahug	123.94318663887299,10.327099440742616	\N
63	{"zone": "City Core Commercial", "hazard": 0, "weight": null, "population": 2980, "nearestStreet": "S.B. Cabahug", "nearPlacesFrequency": {"food": 20, "lodging": 1, "restaurant": 20, "establishment": 20, "meal_delivery": 1, "meal_takeaway": 7, "point_of_interest": 20}}	f	64	63	\N	S.B. Cabahug	123.94318663887299,10.327099440742616	\N
73	{"zone": "City Core Commercial", "hazard": 0, "weight": null, "population": 2980, "nearestStreet": "210-513 P.J.Burgos", "nearPlacesFrequency": {"food": 20, "lodging": 1, "restaurant": 20, "establishment": 20, "meal_delivery": 1, "meal_takeaway": 7, "point_of_interest": 20}}	f	74	73	\N	210-513 P.J.Burgos	123.94318663887299,10.327099440742616	\N
64	{"zone": "City Core Commercial", "hazard": 0, "weight": null, "population": 2980, "nearestStreet": "S.B. Cabahug", "nearPlacesFrequency": {"food": 20, "lodging": 1, "restaurant": 20, "establishment": 20, "meal_delivery": 1, "meal_takeaway": 7, "point_of_interest": 20}}	f	65	64	\N	S.B. Cabahug	123.94318663887299,10.327099440742616	\N
65	{"zone": "City Core Commercial", "hazard": 0, "weight": null, "population": 2980, "nearestStreet": "S.B. Cabahug", "nearPlacesFrequency": {"food": 20, "lodging": 1, "restaurant": 20, "establishment": 20, "meal_delivery": 1, "meal_takeaway": 7, "point_of_interest": 20}}	f	66	65	0.51	S.B. Cabahug	123.94318663887299,10.327099440742616	"{\\"crisp_weather_condition\\": 6.114330596754931, \\"crisp_urban_density\\": 0.18361414455388986, \\"crisp_sidewalk_capacity\\": 50.94967831669451, \\"crisp_safety_risk\\": 50.334642546214255, \\"raw_accessibility\\": 1}"
66	{"zone": "City Core Commercial", "hazard": 0, "weight": null, "population": 2980, "nearestStreet": "S.B. Cabahug", "nearPlacesFrequency": {"food": 20, "lodging": 1, "restaurant": 20, "establishment": 20, "meal_delivery": 1, "meal_takeaway": 7, "point_of_interest": 20}}	f	67	66	\N	S.B. Cabahug	123.94318663887299,10.327099440742616	\N
70	{"zone": "City Core Commercial", "hazard": 0, "weight": null, "population": 2980, "nearestStreet": "210-513 P.J.Burgos", "nearPlacesFrequency": {"food": 20, "lodging": 1, "restaurant": 20, "establishment": 20, "meal_delivery": 1, "meal_takeaway": 7, "point_of_interest": 20}}	f	71	70	\N	210-513 P.J.Burgos	123.94318663887299,10.327099440742616	\N
71	{"zone": "City Core Commercial", "hazard": 0, "weight": null, "population": 2980, "nearestStreet": "210-513 P.J.Burgos", "nearPlacesFrequency": {"food": 20, "lodging": 1, "restaurant": 20, "establishment": 20, "meal_delivery": 1, "meal_takeaway": 7, "point_of_interest": 20}}	f	72	71	\N	210-513 P.J.Burgos	123.94318663887299,10.327099440742616	\N
74	{"zone": "City Core Commercial", "hazard": 0, "weight": null, "population": 2980, "nearestStreet": "210-513 P.J.Burgos", "nearPlacesFrequency": {"food": 20, "lodging": 1, "restaurant": 20, "establishment": 20, "meal_delivery": 1, "meal_takeaway": 7, "point_of_interest": 20}}	f	75	74	\N	210-513 P.J.Burgos	123.94318663887299,10.327099440742616	\N
76	{"zone": "City Core Commercial", "hazard": 0, "weight": null, "population": 2980, "nearestStreet": "210-513 P.J.Burgos", "nearPlacesFrequency": {"food": 20, "lodging": 1, "restaurant": 20, "establishment": 20, "meal_delivery": 1, "meal_takeaway": 7, "point_of_interest": 20}}	f	77	76	\N	210-513 P.J.Burgos	123.94318663887299,10.327099440742616	\N
78	{"zone": "City Core Commercial", "hazard": 0, "weight": null, "population": 2980, "nearestStreet": "210-513 P.J.Burgos", "nearPlacesFrequency": {"food": 20, "lodging": 1, "restaurant": 20, "establishment": 20, "meal_delivery": 1, "meal_takeaway": 7, "point_of_interest": 20}}	f	79	78	\N	210-513 P.J.Burgos	123.94318663887299,10.327099440742616	\N
79	{"zone": "City Core Commercial", "hazard": 0, "weight": null, "population": 2980, "nearestStreet": "210-513 P.J.Burgos", "nearPlacesFrequency": {"food": 20, "lodging": 1, "restaurant": 20, "establishment": 20, "meal_delivery": 1, "meal_takeaway": 7, "point_of_interest": 20}}	f	80	79	\N	210-513 P.J.Burgos	123.94318663887299,10.327099440742616	\N
80	{"zone": "City Core Commercial", "hazard": 0, "weight": null, "population": 2980, "nearestStreet": "210-513 P.J.Burgos", "nearPlacesFrequency": {"food": 20, "lodging": 1, "restaurant": 20, "establishment": 20, "meal_delivery": 1, "meal_takeaway": 7, "point_of_interest": 20}}	f	81	80	\N	210-513 P.J.Burgos	123.94318663887299,10.327099440742616	\N
84	{"zone": "City Core Commercial", "hazard": 0, "weight": null, "population": 2980, "nearestStreet": "224 P. Gomez", "nearPlacesFrequency": {"food": 20, "lodging": 1, "restaurant": 20, "establishment": 20, "meal_delivery": 1, "meal_takeaway": 7, "point_of_interest": 20}}	f	85	84	\N	224 P. Gomez	123.94318663887299,10.327099440742616	\N
86	{"zone": "City Core Commercial", "hazard": 0, "weight": null, "population": 2980, "nearestStreet": "224 P. Gomez", "nearPlacesFrequency": {"food": 20, "lodging": 1, "restaurant": 20, "establishment": 20, "meal_delivery": 1, "meal_takeaway": 7, "point_of_interest": 20}}	f	87	86	\N	224 P. Gomez	123.94318663887299,10.327099440742616	\N
88	{"zone": "City Core Commercial", "hazard": 0, "weight": null, "population": 2980, "nearestStreet": "224 P. Gomez", "nearPlacesFrequency": {"food": 20, "lodging": 1, "restaurant": 20, "establishment": 20, "meal_delivery": 1, "meal_takeaway": 7, "point_of_interest": 20}}	f	89	88	\N	224 P. Gomez	123.94318663887299,10.327099440742616	\N
89	{"zone": "City Core Commercial", "hazard": 0, "weight": null, "population": 2980, "nearestStreet": "224 P. Gomez", "nearPlacesFrequency": {"food": 20, "lodging": 1, "restaurant": 20, "establishment": 20, "meal_delivery": 1, "meal_takeaway": 6, "point_of_interest": 20}}	f	90	89	\N	224 P. Gomez	123.94318663887299,10.327099440742616	\N
90	{"zone": "City Core Commercial", "hazard": 0, "weight": null, "population": 2980, "nearestStreet": "224 P. Gomez", "nearPlacesFrequency": {"food": 20, "lodging": 1, "restaurant": 20, "establishment": 20, "meal_delivery": 1, "meal_takeaway": 6, "point_of_interest": 20}}	f	91	90	\N	224 P. Gomez	123.94318663887299,10.327099440742616	\N
91	{"zone": "City Core Commercial", "hazard": 0, "weight": null, "population": 2980, "nearestStreet": "6014 P. Gomez", "nearPlacesFrequency": {"food": 20, "lodging": 1, "restaurant": 20, "establishment": 20, "meal_delivery": 1, "meal_takeaway": 6, "point_of_interest": 20}}	f	92	91	\N	6014 P. Gomez	123.94318663887299,10.327099440742616	\N
94	{"zone": "City Core Commercial", "hazard": 0, "weight": null, "population": 2980, "nearestStreet": "6014 P. Gomez", "nearPlacesFrequency": {"food": 20, "lodging": 1, "restaurant": 20, "establishment": 20, "meal_delivery": 1, "meal_takeaway": 6, "point_of_interest": 20}}	f	95	94	\N	6014 P. Gomez	123.94318663887299,10.327099440742616	\N
95	{"zone": "City Core Commercial", "hazard": 2, "weight": null, "population": 2980, "nearestStreet": "6014 P. Gomez", "nearPlacesFrequency": {"food": 20, "lodging": 1, "restaurant": 20, "establishment": 20, "meal_delivery": 1, "meal_takeaway": 6, "point_of_interest": 20}}	f	96	95	\N	6014 P. Gomez	123.94318663887299,10.327099440742616	\N
96	{"zone": "City Core Commercial", "hazard": 2, "weight": null, "population": 2980, "nearestStreet": "P. Gomez", "nearPlacesFrequency": {"food": 20, "lodging": 1, "restaurant": 20, "establishment": 20, "meal_delivery": 1, "meal_takeaway": 6, "point_of_interest": 20}}	f	97	96	\N	P. Gomez	123.94318663887299,10.327099440742616	\N
98	{"zone": "City Core Commercial", "hazard": 2, "weight": null, "population": 2980, "nearestStreet": "P. Gomez", "nearPlacesFrequency": {"food": 20, "lodging": 1, "restaurant": 20, "establishment": 20, "meal_delivery": 1, "meal_takeaway": 6, "point_of_interest": 20}}	f	99	98	\N	P. Gomez	123.94318663887299,10.327099440742616	\N
100	{"zone": "City Core Commercial", "hazard": 2, "weight": null, "population": 2980, "nearestStreet": "P. Gomez", "nearPlacesFrequency": {"food": 20, "lodging": 1, "restaurant": 20, "establishment": 20, "meal_delivery": 1, "meal_takeaway": 6, "point_of_interest": 20}}	f	101	100	\N	P. Gomez	123.94318663887299,10.327099440742616	\N
101	{"zone": "City Core Commercial", "hazard": 2, "weight": null, "population": 2980, "nearestStreet": "P. Gomez", "nearPlacesFrequency": {"food": 20, "lodging": 1, "restaurant": 20, "establishment": 20, "meal_delivery": 1, "meal_takeaway": 6, "point_of_interest": 20}}	f	102	101	\N	P. Gomez	123.94318663887299,10.327099440742616	\N
103	{"zone": "City Core Commercial", "hazard": 2, "weight": null, "population": 2980, "nearestStreet": "125 S.B. Cabahug", "nearPlacesFrequency": {"food": 20, "lodging": 1, "restaurant": 20, "establishment": 20, "meal_delivery": 1, "meal_takeaway": 6, "point_of_interest": 20}}	f	104	103	\N	125 S.B. Cabahug	123.94318663887299,10.327099440742616	\N
83	{"zone": "City Core Commercial", "hazard": 0, "weight": null, "population": 2980, "nearestStreet": "210-513 P.J.Burgos", "nearPlacesFrequency": {"food": 20, "lodging": 1, "restaurant": 20, "establishment": 20, "meal_delivery": 1, "meal_takeaway": 7, "point_of_interest": 20}}	f	84	83	\N	210-513 P.J.Burgos	123.94318663887299,10.327099440742616	\N
107	{"zone": "City Core Commercial", "hazard": 2, "weight": null, "population": 2980, "nearestStreet": "125 S.B. Cabahug", "nearPlacesFrequency": {"food": 20, "lodging": 1, "restaurant": 20, "establishment": 20, "meal_delivery": 1, "meal_takeaway": 6, "point_of_interest": 20}}	f	108	107	\N	125 S.B. Cabahug	123.94318663887299,10.327099440742616	\N
125	{"zone": "City Core Commercial", "hazard": 2, "weight": null, "population": 2980, "nearestStreet": "644 Zamora St", "nearPlacesFrequency": {"food": 20, "lodging": 1, "restaurant": 20, "establishment": 20, "meal_delivery": 1, "meal_takeaway": 6, "point_of_interest": 20}}	f	126	125	\N	644 Zamora St	123.9419001850121,10.327600060884297	\N
109	{"zone": "City Core Commercial", "hazard": 2, "weight": null, "population": 2980, "nearestStreet": "127 S.B. Cabahug", "nearPlacesFrequency": {"food": 20, "lodging": 1, "restaurant": 20, "establishment": 20, "meal_delivery": 1, "meal_takeaway": 6, "point_of_interest": 20}}	f	110	109	\N	127 S.B. Cabahug	123.94318663887299,10.327099440742616	\N
110	{"zone": "City Core Commercial", "hazard": 2, "weight": null, "population": 2980, "nearestStreet": "127 S.B. Cabahug", "nearPlacesFrequency": {"food": 20, "lodging": 1, "restaurant": 20, "establishment": 20, "meal_delivery": 1, "meal_takeaway": 6, "point_of_interest": 20}}	f	111	110	\N	127 S.B. Cabahug	123.94318663887299,10.327099440742616	\N
111	{"zone": "City Core Commercial", "hazard": 2, "weight": null, "population": 2980, "nearestStreet": "127 S.B. Cabahug", "nearPlacesFrequency": {"food": 20, "lodging": 1, "restaurant": 20, "establishment": 20, "meal_delivery": 1, "meal_takeaway": 6, "point_of_interest": 20}}	f	112	111	\N	127 S.B. Cabahug	123.94318663887299,10.327099440742616	\N
112	{"zone": "City Core Commercial", "hazard": 2, "weight": null, "population": 2980, "nearestStreet": "127 S.B. Cabahug", "nearPlacesFrequency": {"food": 20, "lodging": 1, "restaurant": 20, "establishment": 20, "meal_delivery": 1, "meal_takeaway": 6, "point_of_interest": 20}}	f	113	112	\N	127 S.B. Cabahug	123.94318663887299,10.327099440742616	\N
115	{"zone": "City Core Commercial", "hazard": 2, "weight": null, "population": 2980, "nearestStreet": "644 Zamora St", "nearPlacesFrequency": {"food": 20, "lodging": 1, "restaurant": 20, "establishment": 20, "meal_delivery": 1, "meal_takeaway": 7, "point_of_interest": 20}}	f	116	115	\N	644 Zamora St	123.9419001850121,10.327600060884297	\N
116	{"zone": "City Core Commercial", "hazard": 2, "weight": null, "population": 2980, "nearestStreet": "644 Zamora St", "nearPlacesFrequency": {"food": 20, "lodging": 1, "restaurant": 20, "establishment": 20, "meal_delivery": 1, "meal_takeaway": 7, "point_of_interest": 20}}	f	117	116	\N	644 Zamora St	123.9419001850121,10.327600060884297	\N
117	{"zone": "City Core Commercial", "hazard": 2, "weight": null, "population": 2980, "nearestStreet": "644 Zamora St", "nearPlacesFrequency": {"food": 20, "lodging": 1, "restaurant": 20, "establishment": 20, "meal_delivery": 1, "meal_takeaway": 7, "point_of_interest": 20}}	f	118	117	\N	644 Zamora St	123.9419001850121,10.327600060884297	\N
119	{"zone": "City Core Commercial", "hazard": 2, "weight": null, "population": 2980, "nearestStreet": "644 Zamora St", "nearPlacesFrequency": {"food": 20, "lodging": 1, "restaurant": 20, "establishment": 20, "meal_delivery": 1, "meal_takeaway": 6, "point_of_interest": 20}}	f	120	119	\N	644 Zamora St	123.9419001850121,10.327600060884297	\N
120	{"zone": "City Core Commercial", "hazard": 2, "weight": null, "population": 2980, "nearestStreet": "644 Zamora St", "nearPlacesFrequency": {"food": 20, "lodging": 1, "restaurant": 20, "establishment": 20, "meal_delivery": 1, "meal_takeaway": 6, "point_of_interest": 20}}	f	121	120	\N	644 Zamora St	123.9419001850121,10.327600060884297	\N
122	{"zone": "City Core Commercial", "hazard": 2, "weight": null, "population": 2980, "nearestStreet": "644 Zamora St", "nearPlacesFrequency": {"food": 20, "lodging": 1, "restaurant": 20, "establishment": 20, "meal_delivery": 1, "meal_takeaway": 6, "point_of_interest": 20}}	f	123	122	\N	644 Zamora St	123.9419001850121,10.327600060884297	\N
124	{"zone": "City Core Commercial", "hazard": 2, "weight": null, "population": 2980, "nearestStreet": "644 Zamora St", "nearPlacesFrequency": {"food": 20, "lodging": 1, "restaurant": 20, "establishment": 20, "meal_delivery": 1, "meal_takeaway": 6, "point_of_interest": 20}}	f	125	124	\N	644 Zamora St	123.9419001850121,10.327600060884297	\N
105	{"zone": "City Core Commercial", "hazard": 2, "weight": null, "population": 2980, "nearestStreet": "125 S.B. Cabahug", "nearPlacesFrequency": {"food": 20, "lodging": 1, "restaurant": 20, "establishment": 20, "meal_delivery": 1, "meal_takeaway": 6, "point_of_interest": 20}}	f	106	105	\N	125 S.B. Cabahug	123.94318663887299,10.327099440742616	\N
132	{"zone": "City Core Commercial", "hazard": 2, "weight": null, "population": 2980, "nearestStreet": "644 Zamora St", "nearPlacesFrequency": {"food": 20, "lodging": 1, "restaurant": 20, "establishment": 20, "meal_delivery": 1, "meal_takeaway": 6, "point_of_interest": 20}}	f	133	132	\N	644 Zamora St	123.94220321636607,10.328668797875494	\N
134	{"zone": "City Core Commercial", "hazard": 2, "weight": null, "population": 2980, "nearestStreet": "644 Zamora St", "nearPlacesFrequency": {"food": 20, "lodging": 1, "restaurant": 20, "establishment": 20, "meal_delivery": 1, "meal_takeaway": 6, "point_of_interest": 20}}	f	135	134	\N	644 Zamora St	123.94220321636607,10.328668797875494	\N
135	{"zone": "City Core Commercial", "hazard": 2, "weight": null, "population": 2980, "nearestStreet": "644 Zamora St", "nearPlacesFrequency": {"food": 20, "lodging": 1, "restaurant": 20, "establishment": 20, "meal_delivery": 1, "meal_takeaway": 6, "point_of_interest": 20}}	f	136	135	\N	644 Zamora St	123.94220321636607,10.328668797875494	\N
140	{"zone": "City Core Commercial", "hazard": 2, "weight": null, "population": 2980, "nearestStreet": "B. Ceniza", "nearPlacesFrequency": {"food": 20, "lodging": 1, "restaurant": 20, "establishment": 20, "meal_delivery": 1, "meal_takeaway": 6, "point_of_interest": 20}}	f	141	140	0.00	B. Ceniza	123.9419001850121,10.327600060884297	\N
148	{"zone": "City Core Commercial", "hazard": 0, "weight": null, "population": 2980, "nearestStreet": "B. Ceniza", "nearPlacesFrequency": {"food": 20, "lodging": 1, "restaurant": 20, "establishment": 20, "meal_delivery": 1, "meal_takeaway": 7, "point_of_interest": 20}}	f	149	148	0.00	B. Ceniza	123.9419001850121,10.327600060884297	\N
146	{"zone": "City Core Commercial", "hazard": 2, "weight": null, "population": 2980, "nearestStreet": "B. Ceniza", "nearPlacesFrequency": {"food": 20, "lodging": 1, "restaurant": 20, "establishment": 20, "meal_delivery": 1, "meal_takeaway": 7, "point_of_interest": 20}}	f	147	146	0.00	B. Ceniza	123.9419001850121,10.327600060884297	\N
142	{"zone": "City Core Commercial", "hazard": 2, "weight": null, "population": 2980, "nearestStreet": "B. Ceniza", "nearPlacesFrequency": {"food": 20, "lodging": 1, "restaurant": 20, "establishment": 20, "meal_delivery": 1, "meal_takeaway": 6, "point_of_interest": 20}}	f	143	142	0.00	B. Ceniza	123.9419001850121,10.327600060884297	\N
145	{"zone": "City Core Commercial", "hazard": 2, "weight": null, "population": 2980, "nearestStreet": "B. Ceniza", "nearPlacesFrequency": {"food": 20, "lodging": 1, "restaurant": 20, "establishment": 20, "meal_delivery": 1, "meal_takeaway": 7, "point_of_interest": 20}}	f	146	145	0.00	B. Ceniza	123.9419001850121,10.327600060884297	\N
129	{"zone": "City Core Commercial", "hazard": 2, "weight": null, "population": 2980, "nearestStreet": "644 Zamora St", "nearPlacesFrequency": {"food": 20, "lodging": 1, "restaurant": 20, "establishment": 20, "meal_delivery": 1, "meal_takeaway": 6, "point_of_interest": 20}}	f	130	129	\N	644 Zamora St	123.94220321636607,10.328668797875494	\N
137	{"zone": "City Core Commercial", "hazard": 2, "weight": null, "population": 2980, "nearestStreet": "B. Ceniza", "nearPlacesFrequency": {"food": 20, "lodging": 1, "restaurant": 20, "establishment": 20, "meal_delivery": 1, "meal_takeaway": 6, "point_of_interest": 20}}	f	138	137	0.00	B. Ceniza	123.94220321636607,10.328668797875494	\N
139	{"zone": "City Core Commercial", "hazard": 2, "weight": null, "population": 2980, "nearestStreet": "B. Ceniza", "nearPlacesFrequency": {"food": 20, "lodging": 1, "restaurant": 20, "establishment": 20, "meal_delivery": 1, "meal_takeaway": 6, "point_of_interest": 20}}	f	140	139	0.00	B. Ceniza	123.9419001850121,10.327600060884297	\N
131	{"zone": "City Core Commercial", "hazard": 2, "weight": null, "population": 2980, "nearestStreet": "644 Zamora St", "nearPlacesFrequency": {"food": 20, "lodging": 1, "restaurant": 20, "establishment": 20, "meal_delivery": 1, "meal_takeaway": 6, "point_of_interest": 20}}	f	132	131	\N	644 Zamora St	123.94220321636607,10.328668797875494	\N
141	{"zone": "City Core Commercial", "hazard": 2, "weight": null, "population": 2980, "nearestStreet": "B. Ceniza", "nearPlacesFrequency": {"food": 20, "lodging": 1, "restaurant": 20, "establishment": 20, "meal_delivery": 1, "meal_takeaway": 6, "point_of_interest": 20}}	f	142	141	0.00	B. Ceniza	123.9419001850121,10.327600060884297	\N
128	{"zone": "City Core Commercial", "hazard": 2, "weight": null, "population": 2980, "nearestStreet": "644 Zamora St", "nearPlacesFrequency": {"food": 20, "lodging": 1, "restaurant": 20, "establishment": 20, "meal_delivery": 1, "meal_takeaway": 6, "point_of_interest": 20}}	f	129	128	\N	644 Zamora St	123.94220321636607,10.328668797875494	\N
152	{"zone": "City Core Commercial", "hazard": 0, "weight": null, "population": 2980, "nearestStreet": "B. Ceniza", "nearPlacesFrequency": {"food": 20, "lodging": 1, "restaurant": 20, "establishment": 20, "meal_delivery": 1, "meal_takeaway": 6, "point_of_interest": 20}}	f	153	152	0.00	B. Ceniza	123.9419001850121,10.327600060884297	\N
164	{"zone": "City Core Commercial", "hazard": 2, "weight": null, "population": 2980, "nearestStreet": "P. Gomez", "nearPlacesFrequency": {"food": 20, "lodging": 1, "restaurant": 20, "establishment": 20, "meal_delivery": 1, "meal_takeaway": 6, "point_of_interest": 20}}	f	165	164	0.47	P. Gomez	123.9419001850121,10.327600060884297	"{\\"crisp_weather_condition\\": 2.707395291346796, \\"crisp_urban_density\\": 0.18361414455388986, \\"crisp_sidewalk_capacity\\": 100.0, \\"crisp_safety_risk\\": 62.43342614429062, \\"raw_accessibility\\": 1}"
155	{"zone": "City Core Commercial", "hazard": 0, "weight": null, "population": 2980, "nearestStreet": "P. Gomez", "nearPlacesFrequency": {"food": 20, "lodging": 1, "restaurant": 20, "establishment": 20, "meal_delivery": 1, "meal_takeaway": 6, "point_of_interest": 20}}	f	156	155	0.02	P. Gomez	123.9419001850121,10.327600060884297	"{\\"crisp_weather_condition\\": 6.114330596754931, \\"crisp_urban_density\\": 0.18361414455388986, \\"crisp_sidewalk_capacity\\": 41.02450520102818, \\"crisp_safety_risk\\": 97.67494318852765, \\"raw_accessibility\\": 0}"
154	{"zone": "City Core Commercial", "hazard": 0, "weight": null, "population": 2980, "nearestStreet": "P. Gomez", "nearPlacesFrequency": {"food": 20, "lodging": 1, "restaurant": 20, "establishment": 20, "meal_delivery": 1, "meal_takeaway": 6, "point_of_interest": 20}}	f	155	154	0.00	P. Gomez	123.9419001850121,10.327600060884297	\N
158	{"zone": "City Core Commercial", "hazard": 0, "weight": null, "population": 2980, "nearestStreet": "P. Gomez", "nearPlacesFrequency": {"food": 20, "lodging": 1, "restaurant": 20, "establishment": 20, "meal_delivery": 1, "meal_takeaway": 7, "point_of_interest": 20}}	f	159	158	\N	P. Gomez	123.9419001850121,10.327600060884297	\N
153	{"zone": "City Core Commercial", "hazard": 0, "weight": null, "population": 2980, "nearestStreet": "B. Ceniza", "nearPlacesFrequency": {"food": 20, "lodging": 1, "restaurant": 20, "establishment": 20, "meal_delivery": 1, "meal_takeaway": 6, "point_of_interest": 20}}	f	154	153	0.00	B. Ceniza	123.9419001850121,10.327600060884297	\N
159	{"zone": "City Core Commercial", "hazard": 0, "weight": null, "population": 2980, "nearestStreet": "P. Gomez", "nearPlacesFrequency": {"food": 20, "lodging": 1, "restaurant": 20, "establishment": 20, "meal_delivery": 1, "meal_takeaway": 7, "point_of_interest": 20}}	f	160	159	\N	P. Gomez	123.9419001850121,10.327600060884297	\N
160	{"zone": "City Core Commercial", "hazard": 2, "weight": null, "population": 2980, "nearestStreet": "P. Gomez", "nearPlacesFrequency": {"food": 20, "lodging": 1, "restaurant": 20, "establishment": 20, "meal_delivery": 1, "meal_takeaway": 7, "point_of_interest": 20}}	f	161	160	\N	P. Gomez	123.9419001850121,10.327600060884297	\N
162	{"zone": "City Core Commercial", "hazard": 2, "weight": null, "population": 2980, "nearestStreet": "P. Gomez", "nearPlacesFrequency": {"food": 20, "lodging": 1, "restaurant": 20, "establishment": 20, "meal_delivery": 1, "meal_takeaway": 6, "point_of_interest": 20}}	f	163	162	\N	P. Gomez	123.9419001850121,10.327600060884297	\N
165	{"zone": "City Core Commercial", "hazard": 2, "weight": null, "population": 2980, "nearestStreet": "P. Gomez", "nearPlacesFrequency": {"food": 20, "lodging": 1, "restaurant": 20, "establishment": 20, "meal_delivery": 1, "meal_takeaway": 6, "point_of_interest": 20}}	f	166	165	\N	P. Gomez	123.9419001850121,10.327600060884297	\N
167	{"zone": "City Core Commercial", "hazard": 2, "weight": null, "population": 2980, "nearestStreet": "P. Gomez", "nearPlacesFrequency": {"food": 20, "lodging": 1, "restaurant": 20, "establishment": 20, "meal_delivery": 1, "meal_takeaway": 6, "point_of_interest": 20}}	f	168	167	\N	P. Gomez	123.9419001850121,10.327600060884297	\N
168	{"zone": "City Core Commercial", "hazard": 2, "weight": null, "population": 2980, "nearestStreet": "P. Gomez", "nearPlacesFrequency": {"food": 20, "lodging": 1, "restaurant": 20, "establishment": 20, "meal_delivery": 1, "meal_takeaway": 6, "point_of_interest": 20}}	f	169	168	\N	P. Gomez	123.9419001850121,10.327600060884297	\N
169	{"zone": "City Core Commercial", "hazard": 2, "weight": null, "population": 2980, "nearestStreet": "P. Gomez", "nearPlacesFrequency": {"food": 20, "lodging": 1, "restaurant": 20, "establishment": 20, "meal_delivery": 1, "meal_takeaway": 6, "point_of_interest": 20}}	f	170	169	\N	P. Gomez	123.9419001850121,10.327600060884297	\N
171	{"zone": "City Core Commercial", "hazard": 2, "weight": null, "population": 2980, "nearestStreet": "P. Gomez", "nearPlacesFrequency": {"food": 20, "lodging": 1, "restaurant": 20, "establishment": 20, "meal_delivery": 1, "meal_takeaway": 6, "point_of_interest": 20}}	f	172	171	\N	P. Gomez	123.9419001850121,10.327600060884297	\N
174	{"zone": "City Core Commercial", "hazard": 2, "weight": null, "population": 2980, "nearestStreet": "P. Gomez", "nearPlacesFrequency": {"food": 20, "lodging": 1, "restaurant": 20, "establishment": 20, "meal_delivery": 1, "meal_takeaway": 6, "point_of_interest": 20}}	f	175	174	0.75	P. Gomez	123.9419001850121,10.327600060884297	"{\\"crisp_weather_condition\\": 2.707395291346796, \\"crisp_urban_density\\": 0.18361414455388986, \\"crisp_sidewalk_capacity\\": 1.4050614353882585, \\"crisp_safety_risk\\": 49.34394502106525, \\"raw_accessibility\\": 1}"
193	{"zone": "City Core Commercial", "hazard": 2, "weight": null, "population": 2980, "nearestStreet": "S.B. Cabahug", "nearPlacesFrequency": {"food": 20, "lodging": 1, "restaurant": 20, "establishment": 20, "meal_delivery": 1, "meal_takeaway": 7, "point_of_interest": 20}}	f	194	193	0.81	S.B. Cabahug	123.94318663887299,10.327099440742616	"{\\"crisp_weather_condition\\": 2.707395291346796, \\"crisp_urban_density\\": 0.18361414455388986, \\"crisp_sidewalk_capacity\\": 1.4050614353882585, \\"crisp_safety_risk\\": 100.0, \\"raw_accessibility\\": 1}"
173	{"zone": "City Core Commercial", "hazard": 2, "weight": null, "population": 2980, "nearestStreet": "P. Gomez", "nearPlacesFrequency": {"food": 20, "lodging": 1, "restaurant": 20, "establishment": 20, "meal_delivery": 1, "meal_takeaway": 6, "point_of_interest": 20}}	f	174	173	\N	P. Gomez	123.9419001850121,10.327600060884297	\N
178	{"zone": "City Core Commercial", "hazard": 2, "weight": null, "population": 2980, "nearestStreet": "125 S.B. Cabahug", "nearPlacesFrequency": {"food": 20, "lodging": 1, "restaurant": 20, "establishment": 20, "meal_delivery": 1, "meal_takeaway": 6, "point_of_interest": 20}}	f	179	178	\N	125 S.B. Cabahug	123.94318663887299,10.327099440742616	\N
177	{"zone": "City Core Commercial", "hazard": 2, "weight": null, "population": 2980, "nearestStreet": "125 S.B. Cabahug", "nearPlacesFrequency": {"food": 20, "lodging": 1, "restaurant": 20, "establishment": 20, "meal_delivery": 1, "meal_takeaway": 6, "point_of_interest": 20}}	f	178	177	0.59	125 S.B. Cabahug	123.9419001850121,10.327600060884297	"{\\"crisp_weather_condition\\": 2.707395291346796, \\"crisp_urban_density\\": 0.18361414455388986, \\"crisp_sidewalk_capacity\\": 41.02450520102818, \\"crisp_safety_risk\\": 50.339152153694315, \\"raw_accessibility\\": 1}"
179	{"zone": "City Core Commercial", "hazard": 2, "weight": null, "population": 2980, "nearestStreet": "125 S.B. Cabahug", "nearPlacesFrequency": {"food": 20, "lodging": 1, "restaurant": 20, "establishment": 20, "meal_delivery": 1, "meal_takeaway": 6, "point_of_interest": 20}}	f	180	179	\N	125 S.B. Cabahug	123.94318663887299,10.327099440742616	\N
187	{"zone": "City Core Commercial", "hazard": 2, "weight": null, "population": 2980, "nearestStreet": "127 S.B. Cabahug", "nearPlacesFrequency": {"food": 20, "lodging": 1, "restaurant": 20, "establishment": 20, "meal_delivery": 1, "meal_takeaway": 6, "point_of_interest": 20}}	f	188	187	0.75	127 S.B. Cabahug	123.94318663887299,10.327099440742616	"{\\"crisp_weather_condition\\": 2.707395291346796, \\"crisp_urban_density\\": 0.18361414455388986, \\"crisp_sidewalk_capacity\\": 1.4050614353882585, \\"crisp_safety_risk\\": 49.34394502106525, \\"raw_accessibility\\": 1}"
180	{"zone": "City Core Commercial", "hazard": 2, "weight": null, "population": 2980, "nearestStreet": "125 S.B. Cabahug", "nearPlacesFrequency": {"food": 20, "lodging": 1, "restaurant": 20, "establishment": 20, "meal_delivery": 1, "meal_takeaway": 6, "point_of_interest": 20}}	f	181	180	\N	125 S.B. Cabahug	123.94318663887299,10.327099440742616	\N
183	{"zone": "City Core Commercial", "hazard": 2, "weight": null, "population": 2980, "nearestStreet": "Unnamed Road", "nearPlacesFrequency": {"food": 20, "lodging": 1, "restaurant": 20, "establishment": 20, "meal_delivery": 1, "meal_takeaway": 6, "point_of_interest": 20}}	f	184	183	\N	Unnamed Road	123.94318663887299,10.327099440742616	\N
184	{"zone": "City Core Commercial", "hazard": 2, "weight": null, "population": 2980, "nearestStreet": "127 S.B. Cabahug", "nearPlacesFrequency": {"food": 20, "lodging": 1, "restaurant": 20, "establishment": 20, "meal_delivery": 1, "meal_takeaway": 6, "point_of_interest": 20}}	f	185	184	\N	127 S.B. Cabahug	123.94318663887299,10.327099440742616	\N
185	{"zone": "City Core Commercial", "hazard": 2, "weight": null, "population": 2980, "nearestStreet": "127 S.B. Cabahug", "nearPlacesFrequency": {"food": 20, "lodging": 1, "restaurant": 20, "establishment": 20, "meal_delivery": 1, "meal_takeaway": 6, "point_of_interest": 20}}	f	186	185	\N	127 S.B. Cabahug	123.94318663887299,10.327099440742616	\N
190	{"zone": "City Core Commercial", "hazard": 2, "weight": null, "population": 2980, "nearestStreet": "S.B. Cabahug", "nearPlacesFrequency": {"food": 20, "lodging": 1, "restaurant": 20, "establishment": 20, "meal_delivery": 1, "meal_takeaway": 6, "point_of_interest": 20}}	f	191	190	\N	S.B. Cabahug	123.94318663887299,10.327099440742616	\N
191	{"zone": "City Core Commercial", "hazard": 2, "weight": null, "population": 2980, "nearestStreet": "S.B. Cabahug", "nearPlacesFrequency": {"food": 20, "lodging": 1, "restaurant": 20, "establishment": 20, "meal_delivery": 1, "meal_takeaway": 6, "point_of_interest": 20}}	f	192	191	\N	S.B. Cabahug	123.94318663887299,10.327099440742616	\N
196	{"zone": "City Core Commercial", "hazard": 2, "weight": null, "population": 2980, "nearestStreet": "S.B. Cabahug", "nearPlacesFrequency": {"food": 20, "lodging": 1, "restaurant": 20, "establishment": 20, "meal_delivery": 1, "meal_takeaway": 7, "point_of_interest": 20}}	f	197	196	0.75	S.B. Cabahug	123.94318663887299,10.327099440742616	"{\\"crisp_weather_condition\\": 2.707395291346796, \\"crisp_urban_density\\": 0.18361414455388986, \\"crisp_sidewalk_capacity\\": 1.4050614353882585, \\"crisp_safety_risk\\": 50.339152153694315, \\"raw_accessibility\\": 1}"
201	{"zone": "City Core Commercial", "hazard": 2, "weight": null, "population": 2980, "nearestStreet": "S.B. Cabahug", "nearPlacesFrequency": {"food": 20, "lodging": 1, "restaurant": 20, "establishment": 20, "meal_delivery": 1, "meal_takeaway": 7, "point_of_interest": 20}}	f	114	201	0.00	S.B. Cabahug	123.9419001850121,10.327600060884297	\N
200	{"zone": "City Core Commercial", "hazard": 2, "weight": null, "population": 2980, "nearestStreet": "S.B. Cabahug", "nearPlacesFrequency": {"food": 20, "lodging": 1, "restaurant": 20, "establishment": 20, "meal_delivery": 1, "meal_takeaway": 7, "point_of_interest": 20}}	f	201	200	\N	S.B. Cabahug	123.9419001850121,10.327600060884297	\N
202	{"zone": "City Core Commercial", "hazard": 2, "weight": null, "population": 2980, "nearestStreet": "S.B. Cabahug", "nearPlacesFrequency": {"food": 20, "lodging": 1, "restaurant": 20, "establishment": 20, "meal_delivery": 1, "meal_takeaway": 7, "point_of_interest": 20}}	f	203	202	\N	S.B. Cabahug	123.94351254051777,10.328185054214456	\N
203	{"zone": "City Core Commercial", "hazard": 2, "weight": null, "population": 2980, "nearestStreet": "S.B. Cabahug", "nearPlacesFrequency": {"food": 20, "lodging": 1, "restaurant": 20, "establishment": 20, "meal_delivery": 1, "meal_takeaway": 7, "point_of_interest": 20}}	f	204	203	\N	S.B. Cabahug	123.94351254051777,10.328185054214456	\N
206	{"zone": "City Core Commercial", "hazard": 2, "weight": null, "population": 2980, "nearestStreet": "S.B. Cabahug", "nearPlacesFrequency": {"food": 20, "lodging": 1, "restaurant": 20, "establishment": 20, "meal_delivery": 1, "meal_takeaway": 8, "point_of_interest": 20}}	f	207	206	\N	S.B. Cabahug	123.94351254051777,10.328185054214456	\N
207	{"zone": "City Core Commercial", "hazard": 2, "weight": null, "population": 2980, "nearestStreet": "S.B. Cabahug", "nearPlacesFrequency": {"food": 20, "lodging": 1, "restaurant": 20, "establishment": 20, "meal_delivery": 1, "meal_takeaway": 8, "point_of_interest": 20}}	f	208	207	\N	S.B. Cabahug	123.94351254051777,10.328185054214456	\N
208	{"zone": "City Core Commercial", "hazard": 2, "weight": null, "population": 2980, "nearestStreet": "S.B. Cabahug", "nearPlacesFrequency": {"food": 20, "lodging": 1, "restaurant": 20, "establishment": 20, "meal_delivery": 1, "meal_takeaway": 8, "point_of_interest": 20}}	f	209	208	\N	S.B. Cabahug	123.94351254051777,10.328185054214456	\N
210	{"zone": "City Core Commercial", "hazard": 2, "weight": null, "population": 2980, "nearestStreet": "S.B. Cabahug", "nearPlacesFrequency": {"food": 20, "lodging": 1, "restaurant": 20, "establishment": 20, "meal_delivery": 1, "meal_takeaway": 9, "point_of_interest": 20}}	f	211	210	\N	S.B. Cabahug	123.94351254051777,10.328185054214456	\N
212	{"zone": "City Core Commercial", "hazard": 0, "weight": null, "population": 2980, "nearestStreet": "S.B. Cabahug", "nearPlacesFrequency": {"food": 20, "lodging": 1, "restaurant": 20, "establishment": 20, "meal_delivery": 1, "meal_takeaway": 9, "point_of_interest": 20}}	f	213	212	\N	S.B. Cabahug	123.94351254051777,10.328185054214456	\N
213	{"zone": "City Core Commercial", "hazard": 0, "weight": null, "population": 2980, "nearestStreet": "S.B. Cabahug", "nearPlacesFrequency": {"food": 20, "lodging": 1, "restaurant": 20, "establishment": 20, "meal_delivery": 1, "meal_takeaway": 9, "point_of_interest": 20}}	f	214	213	\N	S.B. Cabahug	123.94351254051777,10.328185054214456	\N
215	{"zone": "City Core Commercial", "hazard": 0, "weight": null, "population": 2980, "nearestStreet": "S.B. Cabahug", "nearPlacesFrequency": {"food": 20, "lodging": 1, "restaurant": 20, "establishment": 20, "meal_delivery": 1, "meal_takeaway": 9, "point_of_interest": 20}}	f	216	215	\N	S.B. Cabahug	123.94351254051777,10.328185054214456	\N
195	{"zone": "City Core Commercial", "hazard": 2, "weight": null, "population": 2980, "nearestStreet": "S.B. Cabahug", "nearPlacesFrequency": {"food": 20, "lodging": 1, "restaurant": 20, "establishment": 20, "meal_delivery": 1, "meal_takeaway": 7, "point_of_interest": 20}}	f	196	195	\N	S.B. Cabahug	123.94318663887299,10.327099440742616	\N
220	{"zone": "City Core Commercial", "hazard": 0, "weight": null, "population": 2980, "nearestStreet": "263 U.M. Seno St", "nearPlacesFrequency": {"food": 20, "lodging": 1, "restaurant": 20, "establishment": 20, "meal_delivery": 1, "meal_takeaway": 9, "point_of_interest": 20}}	f	221	220	\N	263 U.M. Seno St	123.94351254051777,10.328185054214456	\N
221	{"zone": "City Core Commercial", "hazard": 0, "weight": null, "population": 2980, "nearestStreet": "263 U.M. Seno St", "nearPlacesFrequency": {"food": 20, "lodging": 1, "restaurant": 20, "establishment": 20, "meal_delivery": 1, "meal_takeaway": 9, "point_of_interest": 20}}	f	222	221	\N	263 U.M. Seno St	123.94351254051777,10.328185054214456	\N
223	{"zone": "City Core Commercial", "hazard": 0, "weight": null, "population": 2980, "nearestStreet": "263 U.M. Seno St", "nearPlacesFrequency": {"food": 20, "lodging": 1, "restaurant": 20, "establishment": 20, "meal_delivery": 1, "meal_takeaway": 9, "point_of_interest": 20}}	f	224	223	\N	263 U.M. Seno St	123.94351254051777,10.328185054214456	\N
225	{"zone": "City Core Commercial", "hazard": 0, "weight": null, "population": 2980, "nearestStreet": "263 U.M. Seno St", "nearPlacesFrequency": {"food": 20, "lodging": 1, "restaurant": 20, "establishment": 20, "meal_delivery": 1, "meal_takeaway": 9, "point_of_interest": 20}}	f	226	225	\N	263 U.M. Seno St	123.94351254051777,10.328185054214456	\N
227	{"zone": "City Core Commercial", "hazard": 0, "weight": null, "population": 2980, "nearestStreet": "263 U.M. Seno St", "nearPlacesFrequency": {"food": 20, "lodging": 1, "restaurant": 20, "establishment": 20, "meal_delivery": 1, "meal_takeaway": 9, "point_of_interest": 20}}	f	228	227	\N	263 U.M. Seno St	123.94351254051777,10.328185054214456	\N
231	{"zone": "City Core Commercial", "hazard": 0, "weight": null, "population": 2980, "nearestStreet": "263 U.M. Seno St", "nearPlacesFrequency": {"food": 20, "lodging": 1, "restaurant": 20, "establishment": 20, "meal_delivery": 1, "meal_takeaway": 9, "point_of_interest": 20}}	f	232	231	\N	263 U.M. Seno St	123.94351254051777,10.328185054214456	\N
232	{"zone": "City Core Commercial", "hazard": 0, "weight": null, "population": 2980, "nearestStreet": "263 U.M. Seno St", "nearPlacesFrequency": {"food": 20, "lodging": 1, "restaurant": 20, "establishment": 20, "meal_delivery": 1, "meal_takeaway": 9, "point_of_interest": 20}}	f	233	232	\N	263 U.M. Seno St	123.94351254051777,10.328185054214456	\N
217	{"zone": "City Core Commercial", "hazard": 0, "weight": null, "population": 2980, "nearestStreet": "S.B. Cabahug", "nearPlacesFrequency": {"food": 20, "lodging": 1, "restaurant": 20, "establishment": 20, "meal_delivery": 1, "meal_takeaway": 9, "point_of_interest": 20}}	f	218	217	\N	S.B. Cabahug	123.94351254051777,10.328185054214456	\N
222	{"zone": "City Core Commercial", "hazard": 0, "weight": null, "population": 2980, "nearestStreet": "263 U.M. Seno St", "nearPlacesFrequency": {"food": 20, "lodging": 1, "restaurant": 20, "establishment": 20, "meal_delivery": 1, "meal_takeaway": 9, "point_of_interest": 20}}	f	223	222	\N	263 U.M. Seno St	123.94351254051777,10.328185054214456	\N
235	{"zone": "City Core Commercial", "hazard": 0, "weight": null, "population": 2980, "nearestStreet": "263 U.M. Seno St", "nearPlacesFrequency": {"food": 20, "lodging": 1, "restaurant": 20, "establishment": 20, "meal_delivery": 1, "meal_takeaway": 9, "point_of_interest": 20}}	f	236	235	\N	263 U.M. Seno St	123.94351254051777,10.328185054214456	\N
236	{"zone": "City Core Commercial", "hazard": 0, "weight": null, "population": 2980, "nearestStreet": "263 U.M. Seno St", "nearPlacesFrequency": {"food": 20, "lodging": 1, "restaurant": 20, "establishment": 20, "meal_delivery": 1, "meal_takeaway": 9, "point_of_interest": 20}}	f	237	236	\N	263 U.M. Seno St	123.94351254051777,10.328185054214456	\N
237	{"zone": "City Core Commercial", "hazard": 0, "weight": null, "population": 2980, "nearestStreet": "263 U.M. Seno St", "nearPlacesFrequency": {"food": 20, "lodging": 1, "restaurant": 20, "establishment": 20, "meal_delivery": 1, "meal_takeaway": 9, "point_of_interest": 20}}	f	238	237	\N	263 U.M. Seno St	123.94351254051777,10.328185054214456	\N
228	{"zone": "City Core Commercial", "hazard": 0, "weight": null, "population": 2980, "nearestStreet": "263 U.M. Seno St", "nearPlacesFrequency": {"food": 20, "lodging": 1, "restaurant": 20, "establishment": 20, "meal_delivery": 1, "meal_takeaway": 9, "point_of_interest": 20}}	f	229	228	\N	263 U.M. Seno St	123.94351254051777,10.328185054214456	\N
242	{"zone": "City Core Commercial", "hazard": 0, "weight": null, "population": 2980, "nearestStreet": "345-405 P.J.Burgos", "nearPlacesFrequency": {"food": 20, "lodging": 1, "restaurant": 20, "establishment": 20, "meal_delivery": 1, "meal_takeaway": 9, "point_of_interest": 20}}	f	243	242	\N	345-405 P.J.Burgos	123.94351254051777,10.328185054214456	\N
243	{"zone": "City Core Commercial", "hazard": 0, "weight": null, "population": 2980, "nearestStreet": "345-405 P.J.Burgos", "nearPlacesFrequency": {"food": 20, "lodging": 1, "restaurant": 20, "establishment": 20, "meal_delivery": 1, "meal_takeaway": 9, "point_of_interest": 20}}	f	244	243	\N	345-405 P.J.Burgos	123.94351254051777,10.328185054214456	\N
244	{"zone": "City Core Commercial", "hazard": 0, "weight": null, "population": 2980, "nearestStreet": "345-405 P.J.Burgos", "nearPlacesFrequency": {"food": 20, "lodging": 1, "restaurant": 20, "establishment": 20, "meal_delivery": 1, "meal_takeaway": 9, "point_of_interest": 20}}	f	245	244	\N	345-405 P.J.Burgos	123.94351254051777,10.328185054214456	\N
247	{"zone": "City Core Commercial", "hazard": 0, "weight": null, "population": 2980, "nearestStreet": "345-405 P.J.Burgos", "nearPlacesFrequency": {"food": 20, "lodging": 1, "restaurant": 20, "establishment": 20, "meal_delivery": 1, "meal_takeaway": 9, "point_of_interest": 20}}	f	248	247	\N	345-405 P.J.Burgos	123.94351254051777,10.328185054214456	\N
248	{"zone": "City Core Commercial", "hazard": 0, "weight": null, "population": 2980, "nearestStreet": "345-405 P.J.Burgos", "nearPlacesFrequency": {"food": 20, "lodging": 1, "restaurant": 20, "establishment": 20, "meal_delivery": 1, "meal_takeaway": 8, "point_of_interest": 20}}	f	249	248	\N	345-405 P.J.Burgos	123.94351254051777,10.328185054214456	\N
249	{"zone": "City Core Commercial", "hazard": 0, "weight": null, "population": 2980, "nearestStreet": "345-405 P.J.Burgos", "nearPlacesFrequency": {"food": 20, "lodging": 1, "restaurant": 20, "establishment": 20, "meal_delivery": 1, "meal_takeaway": 8, "point_of_interest": 20}}	f	250	249	\N	345-405 P.J.Burgos	123.94351254051777,10.328185054214456	\N
251	{"zone": "City Core Commercial", "hazard": 0, "weight": null, "population": 2980, "nearestStreet": "345-405 P.J.Burgos", "nearPlacesFrequency": {"food": 20, "lodging": 1, "restaurant": 20, "establishment": 20, "meal_delivery": 1, "meal_takeaway": 8, "point_of_interest": 20}}	f	252	251	\N	345-405 P.J.Burgos	123.94351254051777,10.328185054214456	\N
252	{"zone": "City Core Commercial", "hazard": 0, "weight": null, "population": 2980, "nearestStreet": "345-405 P.J.Burgos", "nearPlacesFrequency": {"food": 20, "lodging": 1, "restaurant": 20, "establishment": 20, "meal_delivery": 1, "meal_takeaway": 8, "point_of_interest": 20}}	f	253	252	\N	345-405 P.J.Burgos	123.94351254051777,10.328185054214456	\N
254	{"zone": "City Core Commercial", "hazard": 0, "weight": null, "population": 2980, "nearestStreet": "381 P.J.Burgos", "nearPlacesFrequency": {"food": 20, "lodging": 1, "restaurant": 20, "establishment": 20, "meal_delivery": 1, "meal_takeaway": 8, "point_of_interest": 20}}	f	255	254	\N	381 P.J.Burgos	123.94351254051777,10.328185054214456	\N
255	{"zone": "City Core Commercial", "hazard": 0, "weight": null, "population": 2980, "nearestStreet": "381 P.J.Burgos", "nearPlacesFrequency": {"food": 20, "lodging": 1, "restaurant": 20, "establishment": 20, "meal_delivery": 1, "meal_takeaway": 8, "point_of_interest": 20}}	f	256	255	\N	381 P.J.Burgos	123.94351254051777,10.328185054214456	\N
257	{"zone": "City Core Commercial", "hazard": 0, "weight": null, "population": 2980, "nearestStreet": "608-612 Zamora St", "nearPlacesFrequency": {"food": 20, "lodging": 1, "restaurant": 20, "establishment": 20, "meal_delivery": 1, "meal_takeaway": 8, "point_of_interest": 20}}	f	258	257	\N	608-612 Zamora St	123.94318663887299,10.327099440742616	\N
258	{"zone": "City Core Commercial", "hazard": 0, "weight": null, "population": 2980, "nearestStreet": "608-612 Zamora St", "nearPlacesFrequency": {"food": 20, "lodging": 1, "restaurant": 20, "establishment": 20, "meal_delivery": 1, "meal_takeaway": 8, "point_of_interest": 20}}	f	259	258	\N	608-612 Zamora St	123.94318663887299,10.327099440742616	\N
259	{"zone": "City Core Commercial", "hazard": 0, "weight": null, "population": 2980, "nearestStreet": "608-612 Zamora St", "nearPlacesFrequency": {"food": 20, "lodging": 1, "restaurant": 20, "establishment": 20, "meal_delivery": 1, "meal_takeaway": 8, "point_of_interest": 20}}	f	260	259	\N	608-612 Zamora St	123.94351254051777,10.328185054214456	\N
240	{"zone": "City Core Commercial", "hazard": 0, "weight": null, "population": 2980, "nearestStreet": "345-405 P.J.Burgos", "nearPlacesFrequency": {"food": 20, "lodging": 1, "restaurant": 20, "establishment": 20, "meal_delivery": 1, "meal_takeaway": 10, "point_of_interest": 20}}	f	241	240	\N	345-405 P.J.Burgos	123.94351254051777,10.328185054214456	\N
263	{"zone": "City Core Commercial", "hazard": 0, "weight": null, "population": 2980, "nearestStreet": "608-612 Zamora St", "nearPlacesFrequency": {"food": 20, "lodging": 1, "restaurant": 20, "establishment": 20, "meal_delivery": 1, "meal_takeaway": 8, "point_of_interest": 20}}	f	264	263	\N	608-612 Zamora St	123.94351254051777,10.328185054214456	\N
265	{"zone": "City Core Commercial", "hazard": 0, "weight": null, "population": 2980, "nearestStreet": "Zamora Street", "nearPlacesFrequency": {"food": 20, "lodging": 1, "restaurant": 20, "establishment": 20, "meal_delivery": 1, "meal_takeaway": 8, "point_of_interest": 20}}	f	266	265	\N	Zamora Street	123.94351254051777,10.328185054214456	\N
266	{"zone": "City Core Commercial", "hazard": 0, "weight": null, "population": 2980, "nearestStreet": "Zamora Street", "nearPlacesFrequency": {"food": 20, "lodging": 1, "restaurant": 20, "establishment": 20, "meal_delivery": 1, "meal_takeaway": 8, "point_of_interest": 20}}	f	267	266	\N	Zamora Street	123.94351254051777,10.328185054214456	\N
267	{"zone": "City Core Commercial", "hazard": 0, "weight": null, "population": 2980, "nearestStreet": "Zamora Street", "nearPlacesFrequency": {"food": 20, "lodging": 1, "restaurant": 20, "establishment": 20, "meal_delivery": 1, "meal_takeaway": 7, "point_of_interest": 20}}	f	268	267	\N	Zamora Street	123.94351254051777,10.328185054214456	\N
269	{"zone": "City Core Commercial", "hazard": 0, "weight": null, "population": 2980, "nearestStreet": "Zamora Street", "nearPlacesFrequency": {"food": 20, "lodging": 1, "restaurant": 20, "establishment": 20, "meal_delivery": 1, "meal_takeaway": 7, "point_of_interest": 20}}	f	270	269	\N	Zamora Street	123.94351254051777,10.328185054214456	\N
273	{"zone": "City Core Commercial", "hazard": 2, "weight": null, "population": 2980, "nearestStreet": "Zamora Street", "nearPlacesFrequency": {"food": 20, "lodging": 1, "restaurant": 20, "establishment": 20, "meal_delivery": 1, "meal_takeaway": 7, "point_of_interest": 20}}	f	274	273	\N	Zamora Street	123.94351254051777,10.328185054214456	\N
274	{"zone": "City Core Commercial", "hazard": 2, "weight": null, "population": 2980, "nearestStreet": "Zamora Street", "nearPlacesFrequency": {"food": 20, "lodging": 1, "restaurant": 20, "establishment": 20, "meal_delivery": 1, "meal_takeaway": 7, "point_of_interest": 20}}	f	275	274	\N	Zamora Street	123.94351254051777,10.328185054214456	\N
276	{"zone": "City Core Commercial", "hazard": 2, "weight": null, "population": 2980, "nearestStreet": "644 Zamora St", "nearPlacesFrequency": {"food": 20, "lodging": 1, "restaurant": 20, "establishment": 20, "meal_delivery": 1, "meal_takeaway": 7, "point_of_interest": 20}}	f	277	276	\N	644 Zamora St	123.9419001850121,10.327600060884297	\N
278	{"zone": "City Core Commercial", "hazard": 2, "weight": null, "population": 2980, "nearestStreet": "644 Zamora St", "nearPlacesFrequency": {"food": 20, "lodging": 1, "restaurant": 20, "establishment": 20, "meal_delivery": 1, "meal_takeaway": 7, "point_of_interest": 20}}	f	279	278	\N	644 Zamora St	123.94220321636607,10.328668797875494	\N
279	{"zone": "City Core Commercial", "hazard": 2, "weight": null, "population": 2980, "nearestStreet": "644 Zamora St", "nearPlacesFrequency": {"food": 20, "lodging": 1, "restaurant": 20, "establishment": 20, "meal_delivery": 1, "meal_takeaway": 7, "point_of_interest": 20}}	f	280	279	\N	644 Zamora St	123.94220321636607,10.328668797875494	\N
281	{"zone": "City Core Commercial", "hazard": 2, "weight": null, "population": 2980, "nearestStreet": "644 Zamora St", "nearPlacesFrequency": {"food": 20, "lodging": 1, "restaurant": 20, "establishment": 20, "meal_delivery": 1, "meal_takeaway": 6, "point_of_interest": 20}}	f	282	281	\N	644 Zamora St	123.94220321636607,10.328668797875494	\N
282	{"zone": "City Core Commercial", "hazard": 2, "weight": null, "population": 2980, "nearestStreet": "644 Zamora St", "nearPlacesFrequency": {"food": 20, "lodging": 1, "restaurant": 20, "establishment": 20, "meal_delivery": 1, "meal_takeaway": 6, "point_of_interest": 20}}	f	283	282	\N	644 Zamora St	123.94220321636607,10.328668797875494	\N
284	{"zone": "City Core Commercial", "hazard": 2, "weight": null, "population": 2980, "nearestStreet": "644 Zamora St", "nearPlacesFrequency": {"food": 20, "lodging": 1, "restaurant": 20, "establishment": 20, "meal_delivery": 1, "meal_takeaway": 6, "point_of_interest": 20}}	f	285	284	\N	644 Zamora St	123.94220321636607,10.328668797875494	\N
261	{"zone": "City Core Commercial", "hazard": 0, "weight": null, "population": 2980, "nearestStreet": "608-612 Zamora St", "nearPlacesFrequency": {"food": 20, "lodging": 1, "restaurant": 20, "establishment": 20, "meal_delivery": 1, "meal_takeaway": 8, "point_of_interest": 20}}	f	262	261	\N	608-612 Zamora St	123.94351254051777,10.328185054214456	\N
301	{"zone": "City Core Commercial", "hazard": 2, "weight": null, "population": 2980, "nearestStreet": "B. Ceniza", "nearPlacesFrequency": {"food": 20, "lodging": 1, "restaurant": 20, "establishment": 20, "meal_delivery": 1, "meal_takeaway": 6, "point_of_interest": 20}}	f	302	301	0.71	B. Ceniza	123.94220321636607,10.328668797875494	"{\\"crisp_weather_condition\\": 2.707395291346796, \\"crisp_urban_density\\": 0.18361414455388986, \\"crisp_sidewalk_capacity\\": 41.02450520102818, \\"crisp_safety_risk\\": 25.669285092428485, \\"raw_accessibility\\": 1}"
286	{"zone": "City Core Commercial", "hazard": 2, "weight": null, "population": 2980, "nearestStreet": "644 Zamora St", "nearPlacesFrequency": {"food": 20, "lodging": 1, "restaurant": 20, "establishment": 20, "meal_delivery": 1, "meal_takeaway": 6, "point_of_interest": 20}}	f	287	286	\N	644 Zamora St	123.94220321636607,10.328668797875494	\N
288	{"zone": "City Core Commercial", "hazard": 2, "weight": null, "population": 2980, "nearestStreet": "644 Zamora St", "nearPlacesFrequency": {"food": 20, "lodging": 1, "restaurant": 20, "establishment": 20, "meal_delivery": 1, "meal_takeaway": 6, "point_of_interest": 20}}	f	289	288	\N	644 Zamora St	123.94220321636607,10.328668797875494	\N
291	{"zone": "City Core Commercial", "hazard": 2, "weight": null, "population": 2980, "nearestStreet": "644 Zamora St", "nearPlacesFrequency": {"food": 20, "lodging": 1, "restaurant": 20, "establishment": 20, "meal_delivery": 1, "meal_takeaway": 6, "point_of_interest": 20}}	f	292	291	\N	644 Zamora St	123.94220321636607,10.328668797875494	\N
292	{"zone": "City Core Commercial", "hazard": 2, "weight": null, "population": 2980, "nearestStreet": "644 Zamora St", "nearPlacesFrequency": {"food": 20, "lodging": 1, "restaurant": 20, "establishment": 20, "meal_delivery": 1, "meal_takeaway": 6, "point_of_interest": 20}}	f	293	292	\N	644 Zamora St	123.94220321636607,10.328668797875494	\N
293	{"zone": "City Core Commercial", "hazard": 2, "weight": null, "population": 2980, "nearestStreet": "644 Zamora St", "nearPlacesFrequency": {"food": 20, "lodging": 1, "restaurant": 20, "establishment": 20, "meal_delivery": 1, "meal_takeaway": 6, "point_of_interest": 20}}	f	294	293	\N	644 Zamora St	123.94220321636607,10.328668797875494	\N
296	{"zone": "City Core Commercial", "hazard": 2, "weight": null, "population": 2980, "nearestStreet": "644 Zamora St", "nearPlacesFrequency": {"food": 20, "lodging": 1, "restaurant": 20, "establishment": 20, "meal_delivery": 1, "meal_takeaway": 6, "point_of_interest": 20}}	f	297	296	\N	644 Zamora St	123.94220321636607,10.328668797875494	\N
297	{"zone": "City Core Commercial", "hazard": 2, "weight": null, "population": 2980, "nearestStreet": "644 Zamora St", "nearPlacesFrequency": {"food": 20, "lodging": 1, "restaurant": 20, "establishment": 20, "meal_delivery": 1, "meal_takeaway": 6, "point_of_interest": 20}}	f	298	297	\N	644 Zamora St	123.94220321636607,10.328668797875494	\N
298	{"zone": "City Core Commercial", "hazard": 2, "weight": null, "population": 2980, "nearestStreet": "644 Zamora St", "nearPlacesFrequency": {"food": 20, "lodging": 1, "restaurant": 20, "establishment": 20, "meal_delivery": 1, "meal_takeaway": 6, "point_of_interest": 20}}	f	299	298	\N	644 Zamora St	123.94220321636607,10.328668797875494	\N
299	{"zone": "City Core Commercial", "hazard": 2, "weight": null, "population": 2980, "nearestStreet": "B. Ceniza", "nearPlacesFrequency": {"food": 20, "lodging": 1, "restaurant": 20, "establishment": 20, "meal_delivery": 1, "meal_takeaway": 6, "point_of_interest": 20}}	f	300	299	\N	B. Ceniza	123.94220321636607,10.328668797875494	\N
285	{"zone": "City Core Commercial", "hazard": 2, "weight": null, "population": 2980, "nearestStreet": "644 Zamora St", "nearPlacesFrequency": {"food": 20, "lodging": 1, "restaurant": 20, "establishment": 20, "meal_delivery": 1, "meal_takeaway": 6, "point_of_interest": 20}}	f	286	285	\N	644 Zamora St	123.94220321636607,10.328668797875494	\N
304	{"zone": "City Core Commercial", "hazard": 2, "weight": null, "population": 2980, "nearestStreet": "B. Ceniza", "nearPlacesFrequency": {"food": 20, "lodging": 1, "restaurant": 20, "establishment": 20, "meal_delivery": 1, "meal_takeaway": 7, "point_of_interest": 20}}	f	305	304	\N	B. Ceniza	123.94220321636607,10.328668797875494	\N
306	{"zone": "City Core Commercial", "hazard": 2, "weight": null, "population": 2980, "nearestStreet": "223 A. Del Rosario St", "nearPlacesFrequency": {"food": 20, "lodging": 1, "restaurant": 20, "establishment": 20, "meal_delivery": 1, "meal_takeaway": 7, "point_of_interest": 20}}	f	307	306	\N	223 A. Del Rosario St	123.94220321636607,10.328668797875494	\N
303	{"zone": "City Core Commercial", "hazard": 2, "weight": null, "population": 2980, "nearestStreet": "B. Ceniza", "nearPlacesFrequency": {"food": 20, "lodging": 1, "restaurant": 20, "establishment": 20, "meal_delivery": 1, "meal_takeaway": 7, "point_of_interest": 20}}	f	304	303	\N	B. Ceniza	123.94220321636607,10.328668797875494	\N
309	{"zone": "City Core Commercial", "hazard": 2, "weight": null, "population": 2980, "nearestStreet": "221-17 A. Del Rosario St", "nearPlacesFrequency": {"food": 20, "lodging": 1, "restaurant": 20, "establishment": 20, "meal_delivery": 1, "meal_takeaway": 7, "point_of_interest": 20}}	f	310	309	0.06	221-17 A. Del Rosario St	123.94220321636607,10.328668797875494	"{\\"crisp_weather_condition\\": 2.707395291346796, \\"crisp_urban_density\\": 0.18361414455388986, \\"crisp_sidewalk_capacity\\": 41.02450520102818, \\"crisp_safety_risk\\": 75.0, \\"raw_accessibility\\": 0}"
310	{"zone": "City Core Commercial", "hazard": 2, "weight": null, "population": 2980, "nearestStreet": "221-17 A. Del Rosario St", "nearPlacesFrequency": {"food": 20, "lodging": 1, "restaurant": 20, "establishment": 20, "meal_delivery": 1, "meal_takeaway": 6, "point_of_interest": 20}}	f	311	310	\N	221-17 A. Del Rosario St	123.94220321636607,10.328668797875494	\N
323	{"zone": "City Core Commercial", "hazard": 2, "weight": null, "population": 2980, "nearestStreet": "221-17 A. Del Rosario St", "nearPlacesFrequency": {"food": 20, "lodging": 1, "restaurant": 20, "establishment": 20, "meal_delivery": 1, "meal_takeaway": 7, "point_of_interest": 20}}	f	324	323	0.52	221-17 A. Del Rosario St	123.94220321636607,10.328668797875494	"{\\"crisp_weather_condition\\": 2.707395291346796, \\"crisp_urban_density\\": 0.18361414455388986, \\"crisp_sidewalk_capacity\\": 92.45058962483013, \\"crisp_safety_risk\\": 53.90504973749961, \\"raw_accessibility\\": 1}"
316	{"zone": "City Core Commercial", "hazard": 2, "weight": null, "population": 2980, "nearestStreet": "221-17 A. Del Rosario St", "nearPlacesFrequency": {"food": 20, "lodging": 1, "restaurant": 20, "establishment": 20, "meal_delivery": 1, "meal_takeaway": 6, "point_of_interest": 20}}	f	317	316	\N	221-17 A. Del Rosario St	123.94220321636607,10.328668797875494	\N
315	{"zone": "City Core Commercial", "hazard": 2, "weight": null, "population": 2980, "nearestStreet": "221-17 A. Del Rosario St", "nearPlacesFrequency": {"food": 20, "lodging": 1, "restaurant": 20, "establishment": 20, "meal_delivery": 1, "meal_takeaway": 6, "point_of_interest": 20}}	f	316	315	0.06	221-17 A. Del Rosario St	123.94220321636607,10.328668797875494	"{\\"crisp_weather_condition\\": 2.707395291346796, \\"crisp_urban_density\\": 0.18361414455388986, \\"crisp_sidewalk_capacity\\": 41.02450520102818, \\"crisp_safety_risk\\": 75.0, \\"raw_accessibility\\": 0}"
308	{"zone": "City Core Commercial", "hazard": 2, "weight": null, "population": 2980, "nearestStreet": "221-17 A. Del Rosario St", "nearPlacesFrequency": {"food": 20, "lodging": 1, "restaurant": 20, "establishment": 20, "meal_delivery": 1, "meal_takeaway": 7, "point_of_interest": 20}}	f	309	308	\N	221-17 A. Del Rosario St	123.94220321636607,10.328668797875494	\N
317	{"zone": "City Core Commercial", "hazard": 2, "weight": null, "population": 2980, "nearestStreet": "221-17 A. Del Rosario St", "nearPlacesFrequency": {"food": 20, "lodging": 1, "restaurant": 20, "establishment": 20, "meal_delivery": 1, "meal_takeaway": 6, "point_of_interest": 20}}	f	318	317	0.71	221-17 A. Del Rosario St	123.94220321636607,10.328668797875494	"{\\"crisp_weather_condition\\": 2.707395291346796, \\"crisp_urban_density\\": 0.18361414455388986, \\"crisp_sidewalk_capacity\\": 41.02450520102818, \\"crisp_safety_risk\\": 25.673794699908548, \\"raw_accessibility\\": 1}"
319	{"zone": "City Core Commercial", "hazard": 2, "weight": null, "population": 2980, "nearestStreet": "221-17 A. Del Rosario St", "nearPlacesFrequency": {"food": 20, "lodging": 1, "restaurant": 20, "establishment": 20, "meal_delivery": 1, "meal_takeaway": 6, "point_of_interest": 20}}	f	320	319	\N	221-17 A. Del Rosario St	123.94220321636607,10.328668797875494	\N
321	{"zone": "City Core Commercial", "hazard": 2, "weight": null, "population": 2980, "nearestStreet": "221-17 A. Del Rosario St", "nearPlacesFrequency": {"food": 20, "lodging": 1, "restaurant": 20, "establishment": 20, "meal_delivery": 1, "meal_takeaway": 7, "point_of_interest": 20}}	f	322	321	\N	221-17 A. Del Rosario St	123.94220321636607,10.328668797875494	\N
324	{"zone": "City Core Commercial", "hazard": 2, "weight": null, "population": 2980, "nearestStreet": "221-17 A. Del Rosario St", "nearPlacesFrequency": {"food": 20, "lodging": 1, "restaurant": 20, "establishment": 20, "meal_delivery": 1, "meal_takeaway": 7, "point_of_interest": 20}}	f	325	324	\N	221-17 A. Del Rosario St	123.94220321636607,10.328668797875494	\N
327	{"zone": "City Core Commercial", "hazard": 2, "weight": null, "population": 2980, "nearestStreet": "221-17 A. Del Rosario St", "nearPlacesFrequency": {"food": 20, "lodging": 1, "restaurant": 20, "establishment": 20, "meal_delivery": 1, "meal_takeaway": 8, "point_of_interest": 20}}	f	328	327	\N	221-17 A. Del Rosario St	123.94351254051777,10.328185054214456	\N
328	{"zone": "City Core Commercial", "hazard": 2, "weight": null, "population": 2980, "nearestStreet": "S.B. Cabahug", "nearPlacesFrequency": {"food": 20, "lodging": 1, "restaurant": 20, "establishment": 20, "meal_delivery": 1, "meal_takeaway": 7, "point_of_interest": 20}}	f	329	328	\N	S.B. Cabahug	123.94351254051777,10.328185054214456	\N
329	{"zone": "City Core Commercial", "hazard": 2, "weight": null, "population": 2980, "nearestStreet": "S.B. Cabahug", "nearPlacesFrequency": {"food": 20, "lodging": 1, "restaurant": 20, "establishment": 20, "meal_delivery": 1, "meal_takeaway": 7, "point_of_interest": 20}}	f	330	329	\N	S.B. Cabahug	123.94351254051777,10.328185054214456	\N
334	{"zone": "City Core Commercial", "hazard": 0, "weight": null, "population": 2980, "nearestStreet": "P.J.Burgos", "nearPlacesFrequency": {"food": 20, "lodging": 1, "restaurant": 20, "establishment": 20, "meal_delivery": 1, "meal_takeaway": 7, "point_of_interest": 20}}	f	335	334	\N	P.J.Burgos	123.94318663887299,10.327099440742616	\N
336	{"zone": "City Core Commercial", "hazard": 0, "weight": null, "population": 2980, "nearestStreet": "P.J.Burgos", "nearPlacesFrequency": {"food": 20, "lodging": 1, "restaurant": 20, "establishment": 20, "meal_delivery": 1, "meal_takeaway": 7, "point_of_interest": 20}}	f	337	336	\N	P.J.Burgos	123.94318663887299,10.327099440742616	\N
338	{"zone": "City Core Commercial", "hazard": 0, "weight": null, "population": 2980, "nearestStreet": "Unnamed Road", "nearPlacesFrequency": {"food": 20, "lodging": 1, "restaurant": 20, "establishment": 20, "meal_delivery": 1, "meal_takeaway": 8, "point_of_interest": 20}}	f	339	338	\N	Unnamed Road	123.94445022244315,10.326536945241577	\N
339	{"zone": "City Core Commercial", "hazard": 0, "weight": null, "population": 2980, "nearestStreet": "Unnamed Road", "nearPlacesFrequency": {"food": 20, "lodging": 1, "restaurant": 20, "establishment": 20, "meal_delivery": 1, "meal_takeaway": 8, "point_of_interest": 20}}	f	340	339	\N	Unnamed Road	123.94445022244315,10.326536945241577	\N
340	{"zone": "City Core Commercial", "hazard": 0, "weight": null, "population": 2980, "nearestStreet": "Unnamed Road", "nearPlacesFrequency": {"food": 20, "lodging": 1, "restaurant": 20, "establishment": 20, "meal_delivery": 1, "meal_takeaway": 9, "point_of_interest": 20}}	f	341	340	\N	Unnamed Road	123.94445022244315,10.326536945241577	\N
341	{"zone": "City Core Commercial", "hazard": 0, "weight": null, "population": 2980, "nearestStreet": "Unnamed Road", "nearPlacesFrequency": {"food": 20, "lodging": 1, "restaurant": 20, "establishment": 20, "meal_delivery": 1, "meal_takeaway": 9, "point_of_interest": 20}}	f	342	341	\N	Unnamed Road	123.94445022244315,10.326536945241577	\N
344	{"zone": "City Core Commercial", "hazard": 0, "weight": null, "population": 2980, "nearestStreet": "Unnamed Road", "nearPlacesFrequency": {"food": 20, "lodging": 1, "restaurant": 20, "establishment": 20, "meal_delivery": 1, "meal_takeaway": 9, "point_of_interest": 20}}	f	345	344	\N	Unnamed Road	123.94445022244315,10.326536945241577	\N
345	{"zone": "City Core Commercial", "hazard": 0, "weight": null, "population": 2980, "nearestStreet": "Unnamed Road", "nearPlacesFrequency": {"food": 20, "lodging": 1, "restaurant": 20, "establishment": 20, "meal_delivery": 1, "meal_takeaway": 9, "point_of_interest": 20}}	f	346	345	\N	Unnamed Road	123.94445022244315,10.326536945241577	\N
346	{"zone": "City Core Commercial", "hazard": 0, "weight": null, "population": 2980, "nearestStreet": "Unnamed Road", "nearPlacesFrequency": {"food": 20, "lodging": 1, "restaurant": 20, "establishment": 20, "meal_delivery": 1, "meal_takeaway": 9, "point_of_interest": 20}}	f	347	346	\N	Unnamed Road	123.94445022244315,10.326536945241577	\N
348	{"zone": "City Core Commercial", "hazard": 0, "weight": null, "population": 2980, "nearestStreet": "Unnamed Road", "nearPlacesFrequency": {"food": 20, "lodging": 1, "restaurant": 20, "establishment": 20, "meal_delivery": 1, "meal_takeaway": 9, "point_of_interest": 20}}	f	349	348	\N	Unnamed Road	123.94445022244315,10.326536945241577	\N
350	{"zone": "City Core Commercial", "hazard": 0, "weight": null, "population": 2980, "nearestStreet": "Unnamed Road", "nearPlacesFrequency": {"food": 20, "lodging": 1, "restaurant": 20, "establishment": 20, "meal_delivery": 1, "meal_takeaway": 9, "point_of_interest": 20}}	f	351	350	\N	Unnamed Road	123.94445022244315,10.326536945241577	\N
351	{"zone": "City Core Commercial", "hazard": 0, "weight": null, "population": 2980, "nearestStreet": "Unnamed Road", "nearPlacesFrequency": {"food": 20, "lodging": 1, "restaurant": 20, "establishment": 20, "meal_delivery": 1, "meal_takeaway": 9, "point_of_interest": 20}}	f	352	351	\N	Unnamed Road	123.94445022244315,10.326536945241577	\N
353	{"zone": "City Core Commercial", "hazard": 0, "weight": null, "population": 2980, "nearestStreet": "Unnamed Road", "nearPlacesFrequency": {"food": 20, "lodging": 1, "restaurant": 20, "establishment": 20, "meal_delivery": 1, "meal_takeaway": 9, "point_of_interest": 20}}	f	354	353	\N	Unnamed Road	123.94445022244315,10.326536945241577	\N
333	{"zone": "City Core Commercial", "hazard": 0, "weight": null, "population": 2980, "nearestStreet": "P.J.Burgos", "nearPlacesFrequency": {"food": 20, "lodging": 1, "restaurant": 20, "establishment": 20, "meal_delivery": 1, "meal_takeaway": 7, "point_of_interest": 20}}	f	334	333	\N	P.J.Burgos	123.94318663887299,10.327099440742616	\N
356	{"zone": "City Core Commercial", "hazard": 0, "weight": null, "population": 2980, "nearestStreet": "Unnamed Road", "nearPlacesFrequency": {"food": 20, "lodging": 1, "restaurant": 20, "establishment": 20, "meal_delivery": 1, "meal_takeaway": 9, "point_of_interest": 20}}	f	357	356	\N	Unnamed Road	123.94445022244315,10.326536945241577	\N
359	{"zone": "City Core Commercial", "hazard": 0, "weight": null, "population": 2980, "nearestStreet": "Unnamed Road", "nearPlacesFrequency": {"food": 20, "lodging": 1, "restaurant": 20, "establishment": 20, "meal_delivery": 1, "meal_takeaway": 9, "point_of_interest": 20}}	f	360	359	\N	Unnamed Road	123.94445022244315,10.326536945241577	\N
360	{"zone": "City Core Commercial", "hazard": 0, "weight": null, "population": 2980, "nearestStreet": "Unnamed Road", "nearPlacesFrequency": {"food": 20, "lodging": 1, "restaurant": 20, "establishment": 20, "meal_delivery": 1, "meal_takeaway": 9, "point_of_interest": 20}}	f	361	360	\N	Unnamed Road	123.94445022244315,10.326536945241577	\N
361	{"zone": "City Core Commercial", "hazard": 0, "weight": null, "population": 2980, "nearestStreet": "Mandaue Causeway", "nearPlacesFrequency": {"food": 20, "lodging": 1, "restaurant": 20, "establishment": 20, "meal_delivery": 1, "meal_takeaway": 9, "point_of_interest": 20}}	f	362	361	\N	Mandaue Causeway	123.94445022244315,10.326536945241577	\N
362	{"zone": "City Core Commercial", "hazard": 0, "weight": null, "population": 2980, "nearestStreet": "Mandaue Causeway", "nearPlacesFrequency": {"food": 20, "lodging": 1, "restaurant": 20, "establishment": 20, "meal_delivery": 1, "meal_takeaway": 9, "point_of_interest": 20}}	f	363	362	\N	Mandaue Causeway	123.94445022244315,10.326536945241577	\N
365	{"zone": "City Core Commercial", "hazard": 0, "weight": null, "population": 2980, "nearestStreet": "C. Ouano Street", "nearPlacesFrequency": {"food": 20, "lodging": 1, "restaurant": 20, "establishment": 20, "meal_delivery": 1, "meal_takeaway": 9, "point_of_interest": 20}}	f	366	365	\N	C. Ouano Street	123.94445022244315,10.326536945241577	\N
366	{"zone": "City Core Commercial", "hazard": 0, "weight": null, "population": 2980, "nearestStreet": "C. Ouano Street", "nearPlacesFrequency": {"food": 20, "lodging": 1, "restaurant": 20, "establishment": 20, "meal_delivery": 1, "meal_takeaway": 9, "point_of_interest": 20}}	f	367	366	\N	C. Ouano Street	123.94445022244315,10.326536945241577	\N
367	{"zone": "City Core Commercial", "hazard": 0, "weight": null, "population": 2980, "nearestStreet": "C. Ouano Street", "nearPlacesFrequency": {"food": 20, "lodging": 1, "restaurant": 20, "establishment": 20, "meal_delivery": 1, "meal_takeaway": 9, "point_of_interest": 20}}	f	368	367	\N	C. Ouano Street	123.94445022244315,10.326536945241577	\N
368	{"zone": "City Core Commercial", "hazard": 0, "weight": null, "population": 2980, "nearestStreet": "C. Ouano Street", "nearPlacesFrequency": {"food": 20, "lodging": 1, "restaurant": 20, "establishment": 20, "meal_delivery": 1, "meal_takeaway": 9, "point_of_interest": 20}}	f	369	368	\N	C. Ouano Street	123.94445022244315,10.326536945241577	\N
370	{"zone": "City Core Commercial", "hazard": 0, "weight": null, "population": 2980, "nearestStreet": "C. Ouano Street", "nearPlacesFrequency": {"food": 20, "lodging": 1, "restaurant": 20, "establishment": 20, "meal_delivery": 1, "meal_takeaway": 9, "point_of_interest": 20}}	f	371	370	\N	C. Ouano Street	123.94445022244315,10.326536945241577	\N
372	{"zone": "City Core Commercial", "hazard": 0, "weight": null, "population": 2980, "nearestStreet": "C. Ouano Street", "nearPlacesFrequency": {"food": 20, "lodging": 1, "restaurant": 20, "establishment": 20, "meal_delivery": 1, "meal_takeaway": 9, "point_of_interest": 20}}	f	373	372	\N	C. Ouano Street	123.94445022244315,10.326536945241577	\N
373	{"zone": "City Core Commercial", "hazard": 0, "weight": null, "population": 2980, "nearestStreet": "C. Ouano Street", "nearPlacesFrequency": {"food": 20, "lodging": 1, "restaurant": 20, "establishment": 20, "meal_delivery": 1, "meal_takeaway": 9, "point_of_interest": 20}}	f	374	373	\N	C. Ouano Street	123.94445022244315,10.326536945241577	\N
375	{"zone": "City Core Commercial", "hazard": 0, "weight": null, "population": 2980, "nearestStreet": "C. Ouano Street", "nearPlacesFrequency": {"food": 20, "lodging": 1, "restaurant": 20, "establishment": 20, "meal_delivery": 1, "meal_takeaway": 9, "point_of_interest": 20}}	f	376	375	\N	C. Ouano Street	123.94445022244315,10.326536945241577	\N
355	{"zone": "City Core Commercial", "hazard": 0, "weight": null, "population": 2980, "nearestStreet": "Unnamed Road", "nearPlacesFrequency": {"food": 20, "lodging": 1, "restaurant": 20, "establishment": 20, "meal_delivery": 1, "meal_takeaway": 9, "point_of_interest": 20}}	f	356	355	\N	Unnamed Road	123.94445022244315,10.326536945241577	\N
379	{"zone": "City Core Commercial", "hazard": 0, "weight": null, "population": 2980, "nearestStreet": "5-8 C. Ouano St", "nearPlacesFrequency": {"food": 20, "lodging": 1, "restaurant": 20, "establishment": 20, "meal_delivery": 1, "meal_takeaway": 9, "point_of_interest": 20}}	f	380	379	\N	5-8 C. Ouano St	123.94445022244315,10.326536945241577	\N
381	{"zone": "City Core Commercial", "hazard": 0, "weight": null, "population": 2980, "nearestStreet": "5-8 C. Ouano St", "nearPlacesFrequency": {"food": 20, "lodging": 1, "restaurant": 20, "establishment": 20, "meal_delivery": 1, "meal_takeaway": 9, "point_of_interest": 20}}	f	382	381	\N	5-8 C. Ouano St	123.94445022244315,10.326536945241577	\N
382	{"zone": "City Core Commercial", "hazard": 0, "weight": null, "population": 2980, "nearestStreet": "5-8 C. Ouano St", "nearPlacesFrequency": {"food": 20, "lodging": 1, "restaurant": 20, "establishment": 20, "meal_delivery": 1, "meal_takeaway": 9, "point_of_interest": 20}}	f	383	382	\N	5-8 C. Ouano St	123.94445022244315,10.326536945241577	\N
383	{"zone": "City Core Commercial", "hazard": 0, "weight": null, "population": 2980, "nearestStreet": "5-8 C. Ouano St", "nearPlacesFrequency": {"food": 20, "lodging": 1, "restaurant": 20, "establishment": 20, "meal_delivery": 1, "meal_takeaway": 8, "point_of_interest": 20}}	f	384	383	\N	5-8 C. Ouano St	123.94445022244315,10.326536945241577	\N
386	{"zone": "City Core Commercial", "hazard": 0, "weight": null, "population": 2980, "nearestStreet": "5-8 C. Ouano St", "nearPlacesFrequency": {"food": 20, "lodging": 1, "restaurant": 20, "establishment": 20, "meal_delivery": 1, "meal_takeaway": 7, "point_of_interest": 20}}	f	387	386	\N	5-8 C. Ouano St	123.94445022244315,10.326536945241577	\N
387	{"zone": "City Core Commercial", "hazard": 0, "weight": null, "population": 2980, "nearestStreet": "5-8 C. Ouano St", "nearPlacesFrequency": {"food": 20, "lodging": 1, "restaurant": 20, "establishment": 20, "meal_delivery": 1, "meal_takeaway": 7, "point_of_interest": 20}}	f	331	387	\N	5-8 C. Ouano St	123.94445022244315,10.326536945241577	\N
388	{"zone": "City Core Commercial", "hazard": 0, "weight": null, "population": 2980, "nearestStreet": "210-513 P.J.Burgos", "nearPlacesFrequency": {"food": 20, "lodging": 1, "restaurant": 20, "establishment": 20, "meal_delivery": 1, "meal_takeaway": 7, "point_of_interest": 20}}	f	389	388	\N	210-513 P.J.Burgos	123.94445022244315,10.326536945241577	\N
389	{"zone": "City Core Commercial", "hazard": 0, "weight": null, "population": 2980, "nearestStreet": "210-513 P.J.Burgos", "nearPlacesFrequency": {"food": 20, "lodging": 1, "restaurant": 20, "establishment": 20, "meal_delivery": 1, "meal_takeaway": 7, "point_of_interest": 20}}	f	390	389	\N	210-513 P.J.Burgos	123.94445022244315,10.326536945241577	\N
391	{"zone": "City Core Commercial", "hazard": 0, "weight": null, "population": 2980, "nearestStreet": "210-513 P.J.Burgos", "nearPlacesFrequency": {"food": 20, "lodging": 1, "restaurant": 20, "establishment": 20, "meal_delivery": 1, "meal_takeaway": 7, "point_of_interest": 20}}	f	392	391	\N	210-513 P.J.Burgos	123.94445022244315,10.326536945241577	\N
393	{"zone": "City Core Commercial", "hazard": 0, "weight": null, "population": 2980, "nearestStreet": "210-513 P.J.Burgos", "nearPlacesFrequency": {"food": 20, "lodging": 1, "restaurant": 20, "establishment": 20, "meal_delivery": 1, "meal_takeaway": 7, "point_of_interest": 20}}	f	394	393	\N	210-513 P.J.Burgos	123.94445022244315,10.326536945241577	\N
394	{"zone": "City Core Commercial", "hazard": 0, "weight": null, "population": 2980, "nearestStreet": "210-513 P.J.Burgos", "nearPlacesFrequency": {"food": 20, "lodging": 1, "restaurant": 20, "establishment": 20, "meal_delivery": 1, "meal_takeaway": 7, "point_of_interest": 20}}	f	395	394	\N	210-513 P.J.Burgos	123.94445022244315,10.326536945241577	\N
396	{"zone": "City Core Commercial", "hazard": 0, "weight": null, "population": 2980, "nearestStreet": "210-513 P.J.Burgos", "nearPlacesFrequency": {"food": 20, "lodging": 1, "restaurant": 20, "establishment": 20, "meal_delivery": 1, "meal_takeaway": 7, "point_of_interest": 20}}	f	397	396	\N	210-513 P.J.Burgos	123.94318663887299,10.327099440742616	\N
397	{"zone": "City Core Commercial", "hazard": 0, "weight": null, "population": 2980, "nearestStreet": "5-8 C. Ouano St", "nearPlacesFrequency": {"food": 20, "lodging": 1, "restaurant": 20, "establishment": 20, "meal_delivery": 1, "meal_takeaway": 7, "point_of_interest": 20}}	f	398	397	\N	5-8 C. Ouano St	123.94445022244315,10.326536945241577	\N
377	{"zone": "City Core Commercial", "hazard": 0, "weight": null, "population": 2980, "nearestStreet": "5-8 C. Ouano St", "nearPlacesFrequency": {"food": 20, "lodging": 1, "restaurant": 20, "establishment": 20, "meal_delivery": 1, "meal_takeaway": 9, "point_of_interest": 20}}	f	378	377	\N	5-8 C. Ouano St	123.94445022244315,10.326536945241577	\N
400	{"zone": "City Core Commercial", "hazard": 0, "weight": null, "population": 2980, "nearestStreet": "5-8 C. Ouano St", "nearPlacesFrequency": {"food": 20, "lodging": 1, "restaurant": 20, "establishment": 20, "meal_delivery": 1, "meal_takeaway": 8, "point_of_interest": 20}}	f	401	400	\N	5-8 C. Ouano St	123.94445022244315,10.326536945241577	\N
403	{"zone": "City Core Commercial", "hazard": 0, "weight": null, "population": 2980, "nearestStreet": "5-8 C. Ouano St", "nearPlacesFrequency": {"food": 20, "lodging": 1, "restaurant": 20, "establishment": 20, "meal_delivery": 1, "meal_takeaway": 9, "point_of_interest": 20}}	f	404	403	\N	5-8 C. Ouano St	123.94445022244315,10.326536945241577	\N
404	{"zone": "City Core Commercial", "hazard": 0, "weight": null, "population": 2980, "nearestStreet": "5-8 C. Ouano St", "nearPlacesFrequency": {"food": 20, "lodging": 1, "restaurant": 20, "establishment": 20, "meal_delivery": 1, "meal_takeaway": 9, "point_of_interest": 20}}	f	405	404	\N	5-8 C. Ouano St	123.94445022244315,10.326536945241577	\N
405	{"zone": "City Core Commercial", "hazard": 0, "weight": null, "population": 2980, "nearestStreet": "5-8 C. Ouano St", "nearPlacesFrequency": {"food": 20, "lodging": 1, "restaurant": 20, "establishment": 20, "meal_delivery": 1, "meal_takeaway": 9, "point_of_interest": 20}}	f	406	405	\N	5-8 C. Ouano St	123.94445022244315,10.326536945241577	\N
406	{"zone": "City Core Commercial", "hazard": 0, "weight": null, "population": 2980, "nearestStreet": "5-8 C. Ouano St", "nearPlacesFrequency": {"food": 20, "lodging": 1, "restaurant": 20, "establishment": 20, "meal_delivery": 1, "meal_takeaway": 9, "point_of_interest": 20}}	f	407	406	\N	5-8 C. Ouano St	123.94445022244315,10.326536945241577	\N
409	{"zone": "City Core Commercial", "hazard": 0, "weight": null, "population": 2980, "nearestStreet": "C. Ouano Street", "nearPlacesFrequency": {"food": 20, "lodging": 1, "restaurant": 20, "establishment": 20, "meal_delivery": 1, "meal_takeaway": 9, "point_of_interest": 20}}	f	410	409	\N	C. Ouano Street	123.94445022244315,10.326536945241577	\N
410	{"zone": "City Core Commercial", "hazard": 0, "weight": null, "population": 2980, "nearestStreet": "C. Ouano Street", "nearPlacesFrequency": {"food": 20, "lodging": 1, "restaurant": 20, "establishment": 20, "meal_delivery": 1, "meal_takeaway": 9, "point_of_interest": 20}}	f	411	410	\N	C. Ouano Street	123.94445022244315,10.326536945241577	\N
411	{"zone": "City Core Commercial", "hazard": 0, "weight": null, "population": 2980, "nearestStreet": "C. Ouano Street", "nearPlacesFrequency": {"food": 20, "lodging": 1, "restaurant": 20, "establishment": 20, "meal_delivery": 1, "meal_takeaway": 9, "point_of_interest": 20}}	f	412	411	\N	C. Ouano Street	123.94445022244315,10.326536945241577	\N
412	{"zone": "City Core Commercial", "hazard": 0, "weight": null, "population": 2980, "nearestStreet": "C. Ouano Street", "nearPlacesFrequency": {"food": 20, "lodging": 1, "restaurant": 20, "establishment": 20, "meal_delivery": 1, "meal_takeaway": 9, "point_of_interest": 20}}	f	413	412	\N	C. Ouano Street	123.94445022244315,10.326536945241577	\N
414	{"zone": "City Core Commercial", "hazard": 0, "weight": null, "population": 2980, "nearestStreet": "C. Ouano Street", "nearPlacesFrequency": {"food": 20, "lodging": 1, "restaurant": 20, "establishment": 20, "meal_delivery": 1, "meal_takeaway": 9, "point_of_interest": 20}}	f	415	414	\N	C. Ouano Street	123.94445022244315,10.326536945241577	\N
416	{"zone": "City Core Commercial", "hazard": 0, "weight": null, "population": 2980, "nearestStreet": "C. Ouano Street", "nearPlacesFrequency": {"food": 20, "lodging": 1, "restaurant": 20, "establishment": 20, "meal_delivery": 1, "meal_takeaway": 9, "point_of_interest": 20}}	f	417	416	\N	C. Ouano Street	123.94445022244315,10.326536945241577	\N
417	{"zone": "City Core Commercial", "hazard": 0, "weight": null, "population": 2980, "nearestStreet": "C. Ouano Street", "nearPlacesFrequency": {"food": 20, "lodging": 1, "restaurant": 20, "establishment": 20, "meal_delivery": 1, "meal_takeaway": 9, "point_of_interest": 20}}	f	418	417	\N	C. Ouano Street	123.94445022244315,10.326536945241577	\N
419	{"zone": "City Core Commercial", "hazard": 0, "weight": null, "population": 2980, "nearestStreet": "Mandaue Causeway", "nearPlacesFrequency": {"food": 20, "lodging": 1, "restaurant": 20, "establishment": 20, "meal_delivery": 1, "meal_takeaway": 9, "point_of_interest": 20}}	f	420	419	\N	Mandaue Causeway	123.94445022244315,10.326536945241577	\N
399	{"zone": "City Core Commercial", "hazard": 0, "weight": null, "population": 2980, "nearestStreet": "5-8 C. Ouano St", "nearPlacesFrequency": {"food": 20, "lodging": 1, "restaurant": 20, "establishment": 20, "meal_delivery": 1, "meal_takeaway": 7, "point_of_interest": 20}}	f	400	399	\N	5-8 C. Ouano St	123.94445022244315,10.326536945241577	\N
424	{"zone": "City Core Commercial", "hazard": 0, "weight": null, "population": 2980, "nearestStreet": "Mandaue Causeway", "nearPlacesFrequency": {"food": 20, "lodging": 1, "restaurant": 20, "establishment": 20, "meal_delivery": 1, "meal_takeaway": 9, "point_of_interest": 20}}	f	425	424	\N	Mandaue Causeway	123.94445022244315,10.326536945241577	\N
425	{"zone": "City Core Commercial", "hazard": 0, "weight": null, "population": 2980, "nearestStreet": "Mandaue Causeway", "nearPlacesFrequency": {"food": 20, "lodging": 1, "restaurant": 20, "establishment": 20, "meal_delivery": 1, "meal_takeaway": 9, "point_of_interest": 20}}	f	426	425	\N	Mandaue Causeway	123.94445022244315,10.326536945241577	\N
426	{"zone": "City Core Commercial", "hazard": 0, "weight": null, "population": 2980, "nearestStreet": "Mandaue Causeway", "nearPlacesFrequency": {"food": 20, "lodging": 1, "restaurant": 20, "establishment": 20, "meal_delivery": 1, "meal_takeaway": 9, "point_of_interest": 20}}	f	427	426	\N	Mandaue Causeway	123.94445022244315,10.326536945241577	\N
427	{"zone": "City Core Commercial", "hazard": 0, "weight": null, "population": 2980, "nearestStreet": "Mandaue Causeway", "nearPlacesFrequency": {"food": 20, "lodging": 1, "restaurant": 20, "establishment": 20, "meal_delivery": 1, "meal_takeaway": 9, "point_of_interest": 20}}	f	428	427	\N	Mandaue Causeway	123.94445022244315,10.326536945241577	\N
430	{"zone": "City Core Commercial", "hazard": 0, "weight": null, "population": 2980, "nearestStreet": "345-405 P.J.Burgos", "nearPlacesFrequency": {"food": 20, "lodging": 1, "restaurant": 20, "establishment": 20, "meal_delivery": 1, "meal_takeaway": 10, "point_of_interest": 20}}	f	432	431	\N	345-405 P.J.Burgos	123.94351254051777,10.328185054214456	\N
431	{"zone": "City Core Commercial", "hazard": 0, "weight": null, "population": 2980, "nearestStreet": "345-405 P.J.Burgos", "nearPlacesFrequency": {"food": 20, "lodging": 1, "restaurant": 20, "establishment": 20, "meal_delivery": 1, "meal_takeaway": 10, "point_of_interest": 20}}	f	433	432	\N	345-405 P.J.Burgos	123.94351254051777,10.328185054214456	\N
432	{"zone": "City Core Commercial", "hazard": 0, "weight": null, "population": 2980, "nearestStreet": "345-405 P.J.Burgos", "nearPlacesFrequency": {"food": 20, "lodging": 1, "restaurant": 20, "establishment": 20, "meal_delivery": 1, "meal_takeaway": 9, "point_of_interest": 20}}	f	434	433	\N	345-405 P.J.Burgos	123.94351254051777,10.328185054214456	\N
434	{"zone": "City Core Commercial", "hazard": 0, "weight": null, "population": 2980, "nearestStreet": "345-405 P.J.Burgos", "nearPlacesFrequency": {"food": 20, "lodging": 1, "restaurant": 20, "establishment": 20, "meal_delivery": 1, "meal_takeaway": 9, "point_of_interest": 20}}	f	436	435	\N	345-405 P.J.Burgos	123.94351254051777,10.328185054214456	\N
435	{"zone": "City Core Commercial", "hazard": 0, "weight": null, "population": 2980, "nearestStreet": "345-405 P.J.Burgos", "nearPlacesFrequency": {"food": 20, "lodging": 1, "restaurant": 20, "establishment": 20, "meal_delivery": 1, "meal_takeaway": 9, "point_of_interest": 20}}	f	437	436	\N	345-405 P.J.Burgos	123.94351254051777,10.328185054214456	\N
437	{"zone": "City Core Commercial", "hazard": 0, "weight": null, "population": 2980, "nearestStreet": "345-405 P.J.Burgos", "nearPlacesFrequency": {"food": 20, "lodging": 1, "restaurant": 20, "establishment": 20, "meal_delivery": 1, "meal_takeaway": 9, "point_of_interest": 20}}	f	439	438	\N	345-405 P.J.Burgos	123.94351254051777,10.328185054214456	\N
439	{"zone": "City Core Commercial", "hazard": 0, "weight": null, "population": 2980, "nearestStreet": "345-405 P.J.Burgos", "nearPlacesFrequency": {"food": 20, "lodging": 1, "restaurant": 20, "establishment": 20, "meal_delivery": 1, "meal_takeaway": 9, "point_of_interest": 20}}	f	441	440	\N	345-405 P.J.Burgos	123.94351254051777,10.328185054214456	\N
440	{"zone": "City Core Commercial", "hazard": 0, "weight": null, "population": 2980, "nearestStreet": "345-405 P.J.Burgos", "nearPlacesFrequency": {"food": 20, "lodging": 1, "restaurant": 20, "establishment": 20, "meal_delivery": 1, "meal_takeaway": 9, "point_of_interest": 20}}	f	442	441	\N	345-405 P.J.Burgos	123.94351254051777,10.328185054214456	\N
441	{"zone": "City Core Commercial", "hazard": 0, "weight": null, "population": 2980, "nearestStreet": "Unnamed Road", "nearPlacesFrequency": {"food": 20, "lodging": 1, "restaurant": 20, "establishment": 20, "meal_delivery": 1, "meal_takeaway": 9, "point_of_interest": 20}}	f	443	442	\N	Unnamed Road	123.94351254051777,10.328185054214456	\N
422	{"zone": "City Core Commercial", "hazard": 0, "weight": null, "population": 2980, "nearestStreet": "Mandaue Causeway", "nearPlacesFrequency": {"food": 20, "lodging": 1, "restaurant": 20, "establishment": 20, "meal_delivery": 1, "meal_takeaway": 9, "point_of_interest": 20}}	f	423	422	\N	Mandaue Causeway	123.94445022244315,10.326536945241577	\N
444	{"zone": "City Core Commercial", "hazard": 0, "weight": null, "population": 2980, "nearestStreet": "381 P.J.Burgos", "nearPlacesFrequency": {"food": 20, "lodging": 1, "restaurant": 20, "establishment": 20, "meal_delivery": 1, "meal_takeaway": 8, "point_of_interest": 20}}	f	446	445	\N	381 P.J.Burgos	123.94318663887299,10.327099440742616	\N
446	{"zone": "City Core Commercial", "hazard": 0, "weight": null, "population": 2980, "nearestStreet": "381 P.J.Burgos", "nearPlacesFrequency": {"food": 20, "lodging": 1, "restaurant": 20, "establishment": 20, "meal_delivery": 1, "meal_takeaway": 8, "point_of_interest": 20}}	f	448	447	\N	381 P.J.Burgos	123.94318663887299,10.327099440742616	\N
448	{"zone": "City Core Commercial", "hazard": 0, "weight": null, "population": 2980, "nearestStreet": "Unnamed Road", "nearPlacesFrequency": {"food": 20, "lodging": 1, "restaurant": 20, "establishment": 20, "meal_delivery": 1, "meal_takeaway": 8, "point_of_interest": 20}}	f	450	449	\N	Unnamed Road	123.94445022244315,10.326536945241577	\N
449	{"zone": "City Core Commercial", "hazard": 0, "weight": null, "population": 2980, "nearestStreet": "Unnamed Road", "nearPlacesFrequency": {"food": 20, "lodging": 1, "restaurant": 20, "establishment": 20, "meal_delivery": 1, "meal_takeaway": 8, "point_of_interest": 20}}	f	451	450	\N	Unnamed Road	123.94445022244315,10.326536945241577	\N
450	{"zone": "City Core Commercial", "hazard": 0, "weight": null, "population": 2980, "nearestStreet": "Unnamed Road", "nearPlacesFrequency": {"food": 20, "lodging": 1, "restaurant": 20, "establishment": 20, "meal_delivery": 1, "meal_takeaway": 9, "point_of_interest": 20}}	f	452	451	\N	Unnamed Road	123.94445022244315,10.326536945241577	\N
453	{"zone": "City Core Commercial", "hazard": 0, "weight": null, "population": 2980, "nearestStreet": "Unnamed Road", "nearPlacesFrequency": {"food": 20, "lodging": 1, "restaurant": 20, "establishment": 20, "meal_delivery": 1, "meal_takeaway": 9, "point_of_interest": 20}}	f	455	454	\N	Unnamed Road	123.94445022244315,10.326536945241577	\N
454	{"zone": "City Core Commercial", "hazard": 0, "weight": null, "population": 2980, "nearestStreet": "Unnamed Road", "nearPlacesFrequency": {"food": 20, "lodging": 1, "restaurant": 20, "establishment": 20, "meal_delivery": 1, "meal_takeaway": 9, "point_of_interest": 20}}	f	456	455	\N	Unnamed Road	123.94445022244315,10.326536945241577	\N
455	{"zone": "City Core Commercial", "hazard": 0, "weight": null, "population": 2980, "nearestStreet": "Unnamed Road", "nearPlacesFrequency": {"food": 20, "lodging": 1, "restaurant": 20, "establishment": 20, "meal_delivery": 1, "meal_takeaway": 9, "point_of_interest": 20}}	f	457	456	\N	Unnamed Road	123.94445022244315,10.326536945241577	\N
456	{"zone": "City Core Commercial", "hazard": 0, "weight": null, "population": 2980, "nearestStreet": "Unnamed Road", "nearPlacesFrequency": {"food": 20, "lodging": 1, "restaurant": 20, "establishment": 20, "meal_delivery": 1, "meal_takeaway": 9, "point_of_interest": 20}}	f	458	457	\N	Unnamed Road	123.94445022244315,10.326536945241577	\N
458	{"zone": "City Core Commercial", "hazard": 0, "weight": null, "population": 2980, "nearestStreet": "Unnamed Road", "nearPlacesFrequency": {"food": 20, "lodging": 1, "restaurant": 20, "establishment": 20, "meal_delivery": 1, "meal_takeaway": 9, "point_of_interest": 20}}	f	460	459	\N	Unnamed Road	123.94445022244315,10.326536945241577	\N
460	{"zone": "City Core Commercial", "hazard": 0, "weight": null, "population": 2980, "nearestStreet": "Unnamed Road", "nearPlacesFrequency": {"food": 20, "lodging": 1, "restaurant": 20, "establishment": 20, "meal_delivery": 1, "meal_takeaway": 9, "point_of_interest": 20}}	f	462	461	\N	Unnamed Road	123.94445022244315,10.326536945241577	\N
461	{"zone": "City Core Commercial", "hazard": 0, "weight": null, "population": 2980, "nearestStreet": "Unnamed Road", "nearPlacesFrequency": {"food": 20, "lodging": 1, "restaurant": 20, "establishment": 20, "meal_delivery": 1, "meal_takeaway": 9, "point_of_interest": 20}}	f	463	462	\N	Unnamed Road	123.94445022244315,10.326536945241577	\N
463	{"zone": "City Core Commercial", "hazard": 0, "weight": null, "population": 2980, "nearestStreet": "Unnamed Road", "nearPlacesFrequency": {"food": 20, "lodging": 1, "restaurant": 20, "establishment": 20, "meal_delivery": 1, "meal_takeaway": 9, "point_of_interest": 20}}	f	465	464	\N	Unnamed Road	123.94445022244315,10.326536945241577	\N
443	{"zone": "City Core Commercial", "hazard": 0, "weight": null, "population": 2980, "nearestStreet": "381 P.J.Burgos", "nearPlacesFrequency": {"food": 20, "lodging": 1, "restaurant": 20, "establishment": 20, "meal_delivery": 1, "meal_takeaway": 8, "point_of_interest": 20}}	f	445	444	\N	381 P.J.Burgos	123.94351254051777,10.328185054214456	\N
468	{"zone": "City Core Commercial", "hazard": 0, "weight": null, "population": 2980, "nearestStreet": "Unnamed Road", "nearPlacesFrequency": {"food": 20, "lodging": 1, "restaurant": 20, "establishment": 20, "meal_delivery": 1, "meal_takeaway": 9, "point_of_interest": 20}}	f	470	469	\N	Unnamed Road	123.94445022244315,10.326536945241577	\N
469	{"zone": "City Core Commercial", "hazard": 0, "weight": null, "population": 2980, "nearestStreet": "Unnamed Road", "nearPlacesFrequency": {"food": 20, "lodging": 1, "restaurant": 20, "establishment": 20, "meal_delivery": 1, "meal_takeaway": 9, "point_of_interest": 20}}	f	471	470	\N	Unnamed Road	123.94445022244315,10.326536945241577	\N
470	{"zone": "City Core Commercial", "hazard": 0, "weight": null, "population": 2980, "nearestStreet": "Unnamed Road", "nearPlacesFrequency": {"food": 20, "lodging": 1, "restaurant": 20, "establishment": 20, "meal_delivery": 1, "meal_takeaway": 9, "point_of_interest": 20}}	f	472	471	\N	Unnamed Road	123.94445022244315,10.326536945241577	\N
471	{"zone": "City Core Commercial", "hazard": 0, "weight": null, "population": 2980, "nearestStreet": "Unnamed Road", "nearPlacesFrequency": {"food": 20, "lodging": 1, "restaurant": 20, "establishment": 20, "meal_delivery": 1, "meal_takeaway": 9, "point_of_interest": 20}}	f	473	472	\N	Unnamed Road	123.94445022244315,10.326536945241577	\N
472	{"zone": "City Core Commercial", "hazard": 0, "weight": null, "population": 2980, "nearestStreet": "Mandaue Causeway", "nearPlacesFrequency": {"food": 20, "lodging": 1, "restaurant": 20, "establishment": 20, "meal_delivery": 1, "meal_takeaway": 9, "point_of_interest": 20}}	f	474	473	\N	Mandaue Causeway	123.94445022244315,10.326536945241577	\N
475	{"zone": "City Core Commercial", "hazard": 0, "weight": null, "population": 2980, "nearestStreet": "Mandaue Causeway", "nearPlacesFrequency": {"food": 20, "lodging": 1, "restaurant": 20, "establishment": 20, "meal_delivery": 1, "meal_takeaway": 9, "point_of_interest": 20}}	f	477	476	\N	Mandaue Causeway	123.94495908641485,10.32757193618587	\N
476	{"zone": "City Core Commercial", "hazard": 0, "weight": null, "population": 2980, "nearestStreet": "Mandaue Causeway", "nearPlacesFrequency": {"food": 20, "lodging": 1, "restaurant": 20, "establishment": 20, "meal_delivery": 1, "meal_takeaway": 10, "point_of_interest": 20}}	f	478	477	\N	Mandaue Causeway	123.94495908641485,10.32757193618587	\N
477	{"zone": "City Core Commercial", "hazard": 0, "weight": null, "population": 2980, "nearestStreet": "Mandaue Causeway", "nearPlacesFrequency": {"food": 20, "lodging": 1, "restaurant": 20, "establishment": 20, "meal_delivery": 1, "meal_takeaway": 10, "point_of_interest": 20}}	f	479	478	\N	Mandaue Causeway	123.94495908641485,10.32757193618587	\N
479	{"zone": "City Core Commercial", "hazard": 0, "weight": null, "population": 2980, "nearestStreet": "Mandaue Causeway", "nearPlacesFrequency": {"food": 20, "lodging": 1, "restaurant": 20, "establishment": 20, "meal_delivery": 1, "meal_takeaway": 10, "point_of_interest": 20}}	f	481	480	\N	Mandaue Causeway	123.94495908641485,10.32757193618587	\N
480	{"zone": "City Core Commercial", "hazard": 0, "weight": null, "population": 2980, "nearestStreet": "Mandaue Causeway", "nearPlacesFrequency": {"food": 20, "lodging": 1, "restaurant": 20, "establishment": 20, "meal_delivery": 1, "meal_takeaway": 10, "point_of_interest": 20}}	f	482	481	\N	Mandaue Causeway	123.94495908641485,10.32757193618587	\N
482	{"zone": "City Core Commercial", "hazard": 0, "weight": null, "population": 2980, "nearestStreet": "Unnamed Road", "nearPlacesFrequency": {"food": 20, "lodging": 1, "restaurant": 20, "establishment": 20, "meal_delivery": 1, "meal_takeaway": 10, "point_of_interest": 20}}	f	484	483	\N	Unnamed Road	123.94495908641485,10.32757193618587	\N
484	{"zone": "City Core Commercial", "hazard": 0, "weight": null, "population": 2980, "nearestStreet": "Mandaue Causeway", "nearPlacesFrequency": {"food": 20, "lodging": 1, "restaurant": 20, "establishment": 20, "meal_delivery": 1, "meal_takeaway": 10, "point_of_interest": 20}}	f	486	485	\N	Mandaue Causeway	123.94495908641485,10.32757193618587	\N
485	{"zone": "City Core Commercial", "hazard": 0, "weight": null, "population": 2980, "nearestStreet": "Unnamed Road", "nearPlacesFrequency": {"food": 20, "lodging": 1, "restaurant": 20, "establishment": 20, "meal_delivery": 1, "meal_takeaway": 9, "point_of_interest": 20}}	f	487	486	\N	Unnamed Road	123.94495908641485,10.32757193618587	\N
465	{"zone": "City Core Commercial", "hazard": 0, "weight": null, "population": 2980, "nearestStreet": "Unnamed Road", "nearPlacesFrequency": {"food": 20, "lodging": 1, "restaurant": 20, "establishment": 20, "meal_delivery": 1, "meal_takeaway": 9, "point_of_interest": 20}}	f	467	466	\N	Unnamed Road	123.94445022244315,10.326536945241577	\N
503	{"zone": "City Core Commercial", "hazard": 2, "weight": null, "population": 2980, "nearestStreet": "S.B. Cabahug", "nearPlacesFrequency": {"food": 20, "lodging": 1, "restaurant": 20, "establishment": 20, "meal_delivery": 1, "meal_takeaway": 8, "point_of_interest": 20}}	f	506	505	0.71	S.B. Cabahug	123.94351254051777,10.328185054214456	"{\\"crisp_weather_condition\\": 2.707395291346796, \\"crisp_urban_density\\": 0.18361414455388986, \\"crisp_sidewalk_capacity\\": 41.02450520102818, \\"crisp_safety_risk\\": 25.673794699908548, \\"raw_accessibility\\": 1}"
501	{"zone": "City Core Commercial", "hazard": 2, "weight": null, "population": 2980, "nearestStreet": "S.B. Cabahug", "nearPlacesFrequency": {"food": 20, "lodging": 1, "restaurant": 20, "establishment": 20, "meal_delivery": 1, "meal_takeaway": 8, "point_of_interest": 20}}	f	504	503	0.63	S.B. Cabahug	123.94220321636607,10.328668797875494	"{\\"crisp_weather_condition\\": 2.707395291346796, \\"crisp_urban_density\\": 0.18361414455388986, \\"crisp_sidewalk_capacity\\": 41.02450520102818, \\"crisp_safety_risk\\": 47.525126897058726, \\"raw_accessibility\\": 1}"
506	{"zone": "City Core Commercial", "hazard": 2, "weight": null, "population": 2980, "nearestStreet": "221-17 A. Del Rosario St", "nearPlacesFrequency": {"food": 20, "lodging": 1, "restaurant": 20, "establishment": 20, "meal_delivery": 1, "meal_takeaway": 8, "point_of_interest": 20}}	f	509	508	0.73	221-17 A. Del Rosario St	123.94220321636607,10.328668797875494	"{\\"crisp_weather_condition\\": 2.707395291346796, \\"crisp_urban_density\\": 0.18361414455388986, \\"crisp_sidewalk_capacity\\": 100.0, \\"crisp_safety_risk\\": 25.673794699908548, \\"raw_accessibility\\": 1}"
491	{"zone": "City Core Commercial", "hazard": 0, "weight": null, "population": 2980, "nearestStreet": "S.B. Cabahug", "nearPlacesFrequency": {"food": 20, "lodging": 1, "restaurant": 20, "establishment": 20, "meal_delivery": 1, "meal_takeaway": 9, "point_of_interest": 20}}	f	494	493	0.50	S.B. Cabahug	123.94220321636607,10.328668797875494	"{\\"crisp_weather_condition\\": 6.114330596754931, \\"crisp_urban_density\\": 0.18361414455388986, \\"crisp_sidewalk_capacity\\": 41.02450520102818, \\"crisp_safety_risk\\": 53.90504973749961, \\"raw_accessibility\\": 1}"
493	{"zone": "City Core Commercial", "hazard": 0, "weight": null, "population": 2980, "nearestStreet": "S.B. Cabahug", "nearPlacesFrequency": {"food": 20, "lodging": 1, "restaurant": 20, "establishment": 20, "meal_delivery": 1, "meal_takeaway": 9, "point_of_interest": 20}}	f	496	495	0.58	S.B. Cabahug	123.94220321636607,10.328668797875494	"{\\"crisp_weather_condition\\": 6.114330596754931, \\"crisp_urban_density\\": 0.18361414455388986, \\"crisp_sidewalk_capacity\\": 7.273486859300061, \\"crisp_safety_risk\\": 78.49731016408487, \\"raw_accessibility\\": 1}"
495	{"zone": "City Core Commercial", "hazard": 2, "weight": null, "population": 2980, "nearestStreet": "S.B. Cabahug", "nearPlacesFrequency": {"food": 20, "lodging": 1, "restaurant": 20, "establishment": 20, "meal_delivery": 1, "meal_takeaway": 9, "point_of_interest": 20}}	f	498	497	0.63	S.B. Cabahug	123.94220321636607,10.328668797875494	"{\\"crisp_weather_condition\\": 2.707395291346796, \\"crisp_urban_density\\": 0.18361414455388986, \\"crisp_sidewalk_capacity\\": 7.273486859300061, \\"crisp_safety_risk\\": 71.43184761245466, \\"raw_accessibility\\": 1}"
498	{"zone": "City Core Commercial", "hazard": 2, "weight": null, "population": 2980, "nearestStreet": "S.B. Cabahug", "nearPlacesFrequency": {"food": 20, "lodging": 1, "restaurant": 20, "establishment": 20, "meal_delivery": 1, "meal_takeaway": 9, "point_of_interest": 20}}	f	501	500	0.69	S.B. Cabahug	123.94220321636607,10.328668797875494	"{\\"crisp_weather_condition\\": 2.707395291346796, \\"crisp_urban_density\\": 0.18361414455388986, \\"crisp_sidewalk_capacity\\": 7.273486859300061, \\"crisp_safety_risk\\": 50.33689734995427, \\"raw_accessibility\\": 1}"
507	{"zone": "City Core Commercial", "hazard": 2, "weight": null, "population": 2980, "nearestStreet": "221-17 A. Del Rosario St", "nearPlacesFrequency": {"food": 20, "lodging": 1, "restaurant": 20, "establishment": 20, "meal_delivery": 1, "meal_takeaway": 8, "point_of_interest": 20}}	f	510	509	0.68	221-17 A. Del Rosario St	123.94220321636607,10.328668797875494	"{\\"crisp_weather_condition\\": 2.707395291346796, \\"crisp_urban_density\\": 0.18361414455388986, \\"crisp_sidewalk_capacity\\": 100.0, \\"crisp_safety_risk\\": 41.55251850959073, \\"raw_accessibility\\": 1}"
497	{"zone": "City Core Commercial", "hazard": 2, "weight": null, "population": 2980, "nearestStreet": "S.B. Cabahug", "nearPlacesFrequency": {"food": 20, "lodging": 1, "restaurant": 20, "establishment": 20, "meal_delivery": 1, "meal_takeaway": 9, "point_of_interest": 20}}	f	500	499	0.73	S.B. Cabahug	123.94220321636607,10.328668797875494	"{\\"crisp_weather_condition\\": 2.707395291346796, \\"crisp_urban_density\\": 0.18361414455388986, \\"crisp_sidewalk_capacity\\": 7.273486859300061, \\"crisp_safety_risk\\": 100.0, \\"raw_accessibility\\": 1}"
490	{"zone": "City Core Commercial", "hazard": 0, "weight": null, "population": 2980, "nearestStreet": "744-752 Mandaue Cswy", "nearPlacesFrequency": {"food": 20, "lodging": 1, "restaurant": 20, "establishment": 20, "meal_delivery": 1, "meal_takeaway": 9, "point_of_interest": 20}}	f	492	491	0.00	744-752 Mandaue Cswy	123.94495908641485,10.32757193618587	\N
487	{"zone": "City Core Commercial", "hazard": 0, "weight": null, "population": 2980, "nearestStreet": "Unnamed Road", "nearPlacesFrequency": {"food": 20, "lodging": 1, "restaurant": 20, "establishment": 20, "meal_delivery": 1, "meal_takeaway": 10, "point_of_interest": 20}}	f	489	488	\N	Unnamed Road	123.94495908641485,10.32757193618587	\N
514	{"zone": "City Core Commercial", "hazard": 2, "weight": null, "population": 2980, "nearestStreet": "221-17 A. Del Rosario St", "nearPlacesFrequency": {"food": 20, "lodging": 1, "restaurant": 20, "establishment": 20, "meal_delivery": 1, "meal_takeaway": 6, "point_of_interest": 20}}	f	517	516	0.59	221-17 A. Del Rosario St	123.94220321636607,10.328668797875494	"{\\"crisp_weather_condition\\": 2.707395291346796, \\"crisp_urban_density\\": 0.18361414455388986, \\"crisp_sidewalk_capacity\\": 100.0, \\"crisp_safety_risk\\": 48.30250104103022, \\"raw_accessibility\\": 1}"
512	{"zone": "City Core Commercial", "hazard": 2, "weight": null, "population": 2980, "nearestStreet": "221-17 A. Del Rosario St", "nearPlacesFrequency": {"food": 20, "lodging": 1, "restaurant": 20, "establishment": 20, "meal_delivery": 1, "meal_takeaway": 7, "point_of_interest": 20}}	f	515	514	0.59	221-17 A. Del Rosario St	123.94220321636607,10.328668797875494	"{\\"crisp_weather_condition\\": 2.707395291346796, \\"crisp_urban_density\\": 0.18361414455388986, \\"crisp_sidewalk_capacity\\": 100.0, \\"crisp_safety_risk\\": 48.30250104103022, \\"raw_accessibility\\": 1}"
529	{"zone": "City Core Commercial", "hazard": 2, "weight": null, "population": 2980, "nearestStreet": "711-709 Suson", "nearPlacesFrequency": {"food": 20, "lodging": 1, "restaurant": 20, "establishment": 20, "meal_delivery": 1, "meal_takeaway": 8, "point_of_interest": 20}}	f	532	531	0.00	711-709 Suson	123.94220321636607,10.328668797875494	\N
530	{"zone": "City Core Commercial", "hazard": 0, "weight": null, "population": 2980, "nearestStreet": "711-709 Suson", "nearPlacesFrequency": {"food": 20, "lodging": 1, "restaurant": 20, "establishment": 20, "meal_delivery": 1, "meal_takeaway": 8, "point_of_interest": 20}}	f	533	532	0.00	711-709 Suson	123.94220321636607,10.328668797875494	\N
531	{"zone": "City Core Commercial", "hazard": 0, "weight": null, "population": 2980, "nearestStreet": "711-709 Suson", "nearPlacesFrequency": {"food": 20, "lodging": 1, "restaurant": 20, "establishment": 20, "meal_delivery": 1, "meal_takeaway": 8, "point_of_interest": 20}}	f	534	533	0.00	711-709 Suson	123.94220321636607,10.328668797875494	\N
532	{"zone": "City Core Commercial", "hazard": 0, "weight": null, "population": 2980, "nearestStreet": "711-709 Suson", "nearPlacesFrequency": {"food": 20, "lodging": 1, "restaurant": 20, "establishment": 20, "meal_delivery": 1, "meal_takeaway": 8, "point_of_interest": 20}}	f	535	534	0.00	711-709 Suson	123.94220321636607,10.328668797875494	\N
523	{"zone": "City Core Commercial", "hazard": 2, "weight": null, "population": 2980, "nearestStreet": "221-17 A. Del Rosario St", "nearPlacesFrequency": {"food": 20, "lodging": 1, "restaurant": 20, "establishment": 20, "meal_delivery": 1, "meal_takeaway": 7, "point_of_interest": 20}}	f	526	525	0.59	221-17 A. Del Rosario St	123.94220321636607,10.328668797875494	"{\\"crisp_weather_condition\\": 2.707395291346796, \\"crisp_urban_density\\": 0.18361414455388986, \\"crisp_sidewalk_capacity\\": 100.0, \\"crisp_safety_risk\\": 48.30250104103022, \\"raw_accessibility\\": 1}"
519	{"zone": "City Core Commercial", "hazard": 2, "weight": null, "population": 2980, "nearestStreet": "221-17 A. Del Rosario St", "nearPlacesFrequency": {"food": 20, "lodging": 1, "restaurant": 20, "establishment": 20, "meal_delivery": 1, "meal_takeaway": 7, "point_of_interest": 20}}	f	522	521	0.59	221-17 A. Del Rosario St	123.94220321636607,10.328668797875494	"{\\"crisp_weather_condition\\": 2.707395291346796, \\"crisp_urban_density\\": 0.18361414455388986, \\"crisp_sidewalk_capacity\\": 100.0, \\"crisp_safety_risk\\": 48.30250104103022, \\"raw_accessibility\\": 1}"
520	{"zone": "City Core Commercial", "hazard": 2, "weight": null, "population": 2980, "nearestStreet": "221-17 A. Del Rosario St", "nearPlacesFrequency": {"food": 20, "lodging": 1, "restaurant": 20, "establishment": 20, "meal_delivery": 1, "meal_takeaway": 7, "point_of_interest": 20}}	f	523	522	0.57	221-17 A. Del Rosario St	123.94220321636607,10.328668797875494	"{\\"crisp_weather_condition\\": 2.707395291346796, \\"crisp_urban_density\\": 0.18361414455388986, \\"crisp_sidewalk_capacity\\": 100.0, \\"crisp_safety_risk\\": 50.11498476987988, \\"raw_accessibility\\": 1}"
525	{"zone": "City Core Commercial", "hazard": 2, "weight": null, "population": 2980, "nearestStreet": "711-709 Suson", "nearPlacesFrequency": {"food": 20, "lodging": 1, "restaurant": 20, "establishment": 20, "meal_delivery": 1, "meal_takeaway": 7, "point_of_interest": 20}}	f	528	527	0.00	711-709 Suson	123.94220321636607,10.328668797875494	\N
511	{"zone": "City Core Commercial", "hazard": 2, "weight": null, "population": 2980, "nearestStreet": "221-17 A. Del Rosario St", "nearPlacesFrequency": {"food": 20, "lodging": 1, "restaurant": 20, "establishment": 20, "meal_delivery": 1, "meal_takeaway": 8, "point_of_interest": 20}}	f	514	513	0.71	221-17 A. Del Rosario St	123.94220321636607,10.328668797875494	"{\\"crisp_weather_condition\\": 2.707395291346796, \\"crisp_urban_density\\": 0.18361414455388986, \\"crisp_sidewalk_capacity\\": 92.45058962483013, \\"crisp_safety_risk\\": 36.22126983115874, \\"raw_accessibility\\": 1}"
526	{"zone": "City Core Commercial", "hazard": 2, "weight": null, "population": 2980, "nearestStreet": "711-709 Suson", "nearPlacesFrequency": {"food": 20, "lodging": 1, "restaurant": 20, "establishment": 20, "meal_delivery": 1, "meal_takeaway": 8, "point_of_interest": 20}}	f	529	528	0.00	711-709 Suson	123.94220321636607,10.328668797875494	\N
311	{"zone": "City Core Commercial", "hazard": 2, "weight": null, "population": 2980, "nearestStreet": "221-17 A. Del Rosario St", "nearPlacesFrequency": {"food": 20, "lodging": 1, "restaurant": 20, "establishment": 20, "meal_delivery": 1, "meal_takeaway": 6, "point_of_interest": 20}}	f	312	311	\N	221-17 A. Del Rosario St	123.94220321636607,10.328668797875494	\N
524	{"zone": "City Core Commercial", "hazard": 2, "weight": null, "population": 2980, "nearestStreet": "711-709 Suson", "nearPlacesFrequency": {"food": 20, "lodging": 1, "restaurant": 20, "establishment": 20, "meal_delivery": 1, "meal_takeaway": 7, "point_of_interest": 20}}	f	527	526	0.00	711-709 Suson	123.94220321636607,10.328668797875494	\N
30	{"zone": "City Core Commercial", "hazard": 0, "weight": null, "population": 2980, "nearestStreet": "P.J.Burgos", "nearPlacesFrequency": {"food": 20, "lodging": 1, "restaurant": 20, "establishment": 20, "meal_delivery": 1, "meal_takeaway": 7, "point_of_interest": 20}}	f	31	30	\N	P.J.Burgos	123.94318663887299,10.327099440742616	\N
533	{"zone": "City Core Commercial", "hazard": 0, "weight": null, "population": 2980, "nearestStreet": "711-709 Suson", "nearPlacesFrequency": {"food": 20, "lodging": 1, "restaurant": 20, "establishment": 20, "meal_delivery": 1, "meal_takeaway": 8, "point_of_interest": 20}}	f	536	535	0.00	711-709 Suson	123.94220321636607,10.328668797875494	\N
320	{"zone": "City Core Commercial", "hazard": 2, "weight": null, "population": 2980, "nearestStreet": "221-17 A. Del Rosario St", "nearPlacesFrequency": {"food": 20, "lodging": 1, "restaurant": 20, "establishment": 20, "meal_delivery": 1, "meal_takeaway": 7, "point_of_interest": 20}}	f	321	320	\N	221-17 A. Del Rosario St	123.94220321636607,10.328668797875494	\N
517	{"zone": "City Core Commercial", "hazard": 2, "weight": null, "population": 2980, "nearestStreet": "221-17 A. Del Rosario St", "nearPlacesFrequency": {"food": 20, "lodging": 1, "restaurant": 20, "establishment": 20, "meal_delivery": 1, "meal_takeaway": 7, "point_of_interest": 20}}	f	520	519	0.59	221-17 A. Del Rosario St	123.94220321636607,10.328668797875494	"{\\"crisp_weather_condition\\": 2.707395291346796, \\"crisp_urban_density\\": 0.18361414455388986, \\"crisp_sidewalk_capacity\\": 100.0, \\"crisp_safety_risk\\": 48.30250104103022, \\"raw_accessibility\\": 1}"
270	{"zone": "City Core Commercial", "hazard": 0, "weight": null, "population": 2980, "nearestStreet": "Zamora Street", "nearPlacesFrequency": {"food": 20, "lodging": 1, "restaurant": 20, "establishment": 20, "meal_delivery": 1, "meal_takeaway": 7, "point_of_interest": 20}}	f	271	270	\N	Zamora Street	123.94351254051777,10.328185054214456	\N
536	{"zone": "City Core Commercial", "hazard": 0, "weight": null, "population": 2980, "nearestStreet": "711-709 Suson", "nearPlacesFrequency": {"food": 20, "lodging": 1, "restaurant": 20, "establishment": 20, "meal_delivery": 1, "meal_takeaway": 9, "point_of_interest": 20}}	f	539	538	0.00	711-709 Suson	123.94220321636607,10.328668797875494	\N
534	{"zone": "City Core Commercial", "hazard": 0, "weight": null, "population": 2980, "nearestStreet": "711-709 Suson", "nearPlacesFrequency": {"food": 20, "lodging": 1, "restaurant": 20, "establishment": 20, "meal_delivery": 1, "meal_takeaway": 8, "point_of_interest": 20}}	f	537	536	0.00	711-709 Suson	123.94220321636607,10.328668797875494	\N
535	{"zone": "City Core Commercial", "hazard": 0, "weight": null, "population": 2980, "nearestStreet": "711-709 Suson", "nearPlacesFrequency": {"food": 20, "lodging": 1, "restaurant": 20, "establishment": 20, "meal_delivery": 1, "meal_takeaway": 9, "point_of_interest": 20}}	f	538	537	0.00	711-709 Suson	123.94220321636607,10.328668797875494	\N
\.


--
-- Data for Name: auth_group; Type: TABLE DATA; Schema: public; Owner: postgres
--

COPY public.auth_group (id, name) FROM stdin;
\.


--
-- Data for Name: auth_group_permissions; Type: TABLE DATA; Schema: public; Owner: postgres
--

COPY public.auth_group_permissions (id, group_id, permission_id) FROM stdin;
\.


--
-- Data for Name: auth_permission; Type: TABLE DATA; Schema: public; Owner: postgres
--

COPY public.auth_permission (id, name, content_type_id, codename) FROM stdin;
1	Can add log entry	1	add_logentry
2	Can change log entry	1	change_logentry
3	Can delete log entry	1	delete_logentry
4	Can view log entry	1	view_logentry
5	Can add permission	2	add_permission
6	Can change permission	2	change_permission
7	Can delete permission	2	delete_permission
8	Can view permission	2	view_permission
9	Can add group	3	add_group
10	Can change group	3	change_group
11	Can delete group	3	delete_group
12	Can view group	3	view_group
13	Can add content type	4	add_contenttype
14	Can change content type	4	change_contenttype
15	Can delete content type	4	delete_contenttype
16	Can view content type	4	view_contenttype
17	Can add session	5	add_session
18	Can change session	5	change_session
19	Can delete session	5	delete_session
20	Can view session	5	view_session
21	Can add blacklisted token	6	add_blacklistedtoken
22	Can change blacklisted token	6	change_blacklistedtoken
23	Can delete blacklisted token	6	delete_blacklistedtoken
24	Can view blacklisted token	6	view_blacklistedtoken
25	Can add outstanding token	7	add_outstandingtoken
26	Can change outstanding token	7	change_outstandingtoken
27	Can delete outstanding token	7	delete_outstandingtoken
28	Can view outstanding token	7	view_outstandingtoken
29	Can add file	8	add_file
30	Can change file	8	change_file
31	Can delete file	8	delete_file
32	Can view file	8	view_file
33	Can add annotation form	9	add_annotationform
34	Can change annotation form	9	change_annotationform
35	Can delete annotation form	9	delete_annotationform
36	Can view annotation form	9	view_annotationform
37	Can add location	10	add_location
38	Can change location	10	change_location
39	Can delete location	10	delete_location
40	Can view location	10	view_location
41	Can add annotation	11	add_annotation
42	Can change annotation	11	change_annotation
43	Can delete annotation	11	delete_annotation
44	Can view annotation	11	view_annotation
45	Can add annotation image	12	add_annotationimage
46	Can change annotation image	12	change_annotationimage
47	Can delete annotation image	12	delete_annotationimage
48	Can view annotation image	12	view_annotationimage
49	Can add coordinates	13	add_coordinates
50	Can change coordinates	13	change_coordinates
51	Can delete coordinates	13	delete_coordinates
52	Can view coordinates	13	view_coordinates
53	Can add organization	14	add_organization
54	Can change organization	14	change_organization
55	Can delete organization	14	delete_organization
56	Can view organization	14	view_organization
57	Can add user	15	add_customuser
58	Can change user	15	change_customuser
59	Can delete user	15	delete_customuser
60	Can view user	15	view_customuser
\.


--
-- Data for Name: django_admin_log; Type: TABLE DATA; Schema: public; Owner: postgres
--

COPY public.django_admin_log (id, action_time, object_id, object_repr, action_flag, change_message, content_type_id, user_id) FROM stdin;
1	2024-10-24 11:06:07.099614+00	135	MAXELL TEST	3		11	1
2	2024-10-24 11:16:02.361848+00	136	MAXELLTESRFD	3		11	1
3	2024-10-24 11:38:36.079971+00	138	MAOSHIAHS	3		11	1
4	2024-10-24 11:38:36.080229+00	137	tesrdsfdxc	3		11	1
5	2024-10-24 12:26:35.950247+00	142	KJHDKHDSKLUJD	3		11	1
6	2024-10-24 12:26:35.950466+00	141	JHDSIKHDKSHDL	3		11	1
7	2024-10-24 12:26:35.950585+00	140	ISGDIKGSDGH	3		11	1
\.


--
-- Data for Name: django_content_type; Type: TABLE DATA; Schema: public; Owner: postgres
--

COPY public.django_content_type (id, app_label, model) FROM stdin;
1	admin	logentry
2	auth	permission
3	auth	group
4	contenttypes	contenttype
5	sessions	session
6	token_blacklist	blacklistedtoken
7	token_blacklist	outstandingtoken
8	annotation	file
9	annotation	annotationform
10	annotation	location
11	annotation	annotation
12	annotation	annotationimage
13	annotation	coordinates
14	accounts	organization
15	accounts	customuser
\.


--
-- Data for Name: django_migrations; Type: TABLE DATA; Schema: public; Owner: postgres
--

COPY public.django_migrations (id, app, name, applied) FROM stdin;
1	annotation	0001_initial	2024-10-22 10:01:42.302088+00
2	contenttypes	0001_initial	2024-10-22 10:01:43.36745+00
3	contenttypes	0002_remove_content_type_name	2024-10-22 10:01:44.391421+00
4	auth	0001_initial	2024-10-22 10:01:47.873325+00
5	auth	0002_alter_permission_name_max_length	2024-10-22 10:01:48.466879+00
6	auth	0003_alter_user_email_max_length	2024-10-22 10:01:48.905695+00
7	auth	0004_alter_user_username_opts	2024-10-22 10:01:49.518004+00
8	auth	0005_alter_user_last_login_null	2024-10-22 10:01:50.142734+00
9	auth	0006_require_contenttypes_0002	2024-10-22 10:01:50.843495+00
10	auth	0007_alter_validators_add_error_messages	2024-10-22 10:01:51.475303+00
11	auth	0008_alter_user_username_max_length	2024-10-22 10:01:52.171895+00
12	auth	0009_alter_user_last_name_max_length	2024-10-22 10:01:52.808893+00
13	auth	0010_alter_group_name_max_length	2024-10-22 10:01:53.914579+00
14	auth	0011_update_proxy_permissions	2024-10-22 10:01:54.33405+00
15	auth	0012_alter_user_first_name_max_length	2024-10-22 10:01:54.955459+00
16	accounts	0001_initial	2024-10-22 10:02:00.040106+00
17	accounts	0002_organization_profile_picture	2024-10-22 10:02:01.18563+00
18	accounts	0003_customuser_removed_organization_removed	2024-10-22 10:02:02.516708+00
19	admin	0001_initial	2024-10-22 10:02:04.360338+00
20	admin	0002_logentry_remove_auto_add	2024-10-22 10:02:04.577276+00
21	admin	0003_logentry_add_action_flag_choices	2024-10-22 10:02:05.297727+00
22	annotation	0002_annotationform_location_file_removed_annotation_and_more	2024-10-22 10:02:10.094582+00
23	annotation	0003_alter_annotation_options_and_more	2024-10-22 10:02:10.318375+00
24	annotation	0004_coordinates	2024-10-22 10:02:11.426153+00
25	annotation	0005_coordinates_removed	2024-10-22 10:02:12.449585+00
26	annotation	0006_annotation_coordinates_location_end_coordinates_and_more	2024-10-22 10:02:15.400817+00
27	annotation	0007_rename_data_annotationform_form_data_and_more	2024-10-22 10:02:16.443813+00
28	annotation	0008_location_accessibility_score_and_more	2024-10-22 10:02:17.468626+00
29	annotation	0009_alter_coordinates_latitude_and_more	2024-10-22 10:02:18.985942+00
30	sessions	0001_initial	2024-10-22 10:02:20.417154+00
31	token_blacklist	0001_initial	2024-10-22 10:02:22.178255+00
32	token_blacklist	0002_outstandingtoken_jti_hex	2024-10-22 10:02:22.894825+00
33	token_blacklist	0003_auto_20171017_2007	2024-10-22 10:02:23.714274+00
34	token_blacklist	0004_auto_20171017_2013	2024-10-22 10:02:25.045169+00
35	token_blacklist	0005_remove_outstandingtoken_jti	2024-10-22 10:02:25.966857+00
36	token_blacklist	0006_auto_20171017_2113	2024-10-22 10:02:26.867887+00
37	token_blacklist	0007_auto_20171017_2214	2024-10-22 10:02:28.936174+00
38	token_blacklist	0008_migrate_to_bigautofield	2024-10-22 10:02:32.008352+00
39	token_blacklist	0010_fix_migrate_to_bigautofield	2024-10-22 10:02:32.445922+00
40	token_blacklist	0011_linearizes_history	2024-10-22 10:02:33.135277+00
41	token_blacklist	0012_alter_outstandingtoken_user	2024-10-22 10:02:33.790122+00
42	annotation	0010_location_anchor_location_results	2024-10-24 03:45:08.753937+00
43	annotation	0011_alter_location_results	2024-10-24 11:22:37.205913+00
\.


--
-- Data for Name: django_session; Type: TABLE DATA; Schema: public; Owner: postgres
--

COPY public.django_session (session_key, session_data, expire_date) FROM stdin;
6yi2zr80oiknabwbai7hn6mcvgk1mblg	.eJxVjMsOwiAQRf-FtSEDw0Ncuu83EBhAqgaS0q6M_65NutDtPefcF_NhW6vfRl78nNiFCXb63WKgR247SPfQbp1Tb-syR74r_KCDTz3l5_Vw_w5qGPVbU0ZrFMZoJRZQyiqw0gm0JLQGdBalSSJlcoHwjIKiAdAyG01Fgijs_QGunzaf:1t3ryy:kzDrc7J5-L1Q2-trUwXboDN-P0ULNcfu46QMx8iQGQE	2024-11-07 07:10:08.331836+00
njmtgignnw0kgjyajt96y4u4phz216al	.eJxVjMsOwiAQRf-FtSEDw0Ncuu83EBhAqgaS0q6M_65NutDtPefcF_NhW6vfRl78nNiFCXb63WKgR247SPfQbp1Tb-syR74r_KCDTz3l5_Vw_w5qGPVbU0ZrFMZoJRZQyiqw0gm0JLQGdBalSSJlcoHwjIKiAdAyG01Fgijs_QGunzaf:1t3uXu:HUYsEdCvnzJoJw_baItWTmyRKtbKBJJQV-eg15SYAoo	2024-11-07 09:54:22.358945+00
\.


--
-- Data for Name: token_blacklist_blacklistedtoken; Type: TABLE DATA; Schema: public; Owner: postgres
--

COPY public.token_blacklist_blacklistedtoken (id, blacklisted_at, token_id) FROM stdin;
\.


--
-- Data for Name: token_blacklist_outstandingtoken; Type: TABLE DATA; Schema: public; Owner: postgres
--

COPY public.token_blacklist_outstandingtoken (id, token, created_at, expires_at, user_id, jti) FROM stdin;
1	eyJhbGciOiJIUzI1NiIsInR5cCI6IkpXVCJ9.eyJ0b2tlbl90eXBlIjoicmVmcmVzaCIsImV4cCI6MTcyOTY3OTQ4NywiaWF0IjoxNzI5NTkzMDg3LCJqdGkiOiI4OTNlY2Y4Y2U5MTc0N2NiYmY2NGRkYzczMzkzYjBjMSIsInVzZXJfaWQiOjF9.fRrKFoHj8tjE2WqUchAQ02CHVQ5P3q_LVAwU0VqVDWU	2024-10-22 10:31:27.763364+00	2024-10-23 10:31:27+00	1	893ecf8ce91747cbbf64ddc73393b0c1
2	eyJhbGciOiJIUzI1NiIsInR5cCI6IkpXVCJ9.eyJ0b2tlbl90eXBlIjoicmVmcmVzaCIsImV4cCI6MTcyOTY3OTQ4NywiaWF0IjoxNzI5NTkzMDg3LCJqdGkiOiI5ZDM1YjM5MTk5N2M0YzAxOGMwOGYxYWZkOThkNDAxMSIsInVzZXJfaWQiOjF9.H_p94b9GTTLUh9GAbkoA02cz4hIM5yeSIz4Z887J1DI	2024-10-22 10:31:27.779197+00	2024-10-23 10:31:27+00	1	9d35b391997c4c018c08f1afd98d4011
3	eyJhbGciOiJIUzI1NiIsInR5cCI6IkpXVCJ9.eyJ0b2tlbl90eXBlIjoicmVmcmVzaCIsImV4cCI6MTcyOTY4MDA3NywiaWF0IjoxNzI5NTkzNjc3LCJqdGkiOiIxNDIxMmFjOGE4NjY0NmQ0YThhYzJjM2RkMTc4N2EwZCIsInVzZXJfaWQiOjF9.HqGJwcaKEXcvHVfJu4NMltbAK6973taBS27daWJMRkE	2024-10-22 10:41:17.338143+00	2024-10-23 10:41:17+00	1	14212ac8a86646d4a8ac2c3dd1787a0d
4	eyJhbGciOiJIUzI1NiIsInR5cCI6IkpXVCJ9.eyJ0b2tlbl90eXBlIjoicmVmcmVzaCIsImV4cCI6MTcyOTY4MDA3NywiaWF0IjoxNzI5NTkzNjc3LCJqdGkiOiI4MGNlMzhlMTNlMmE0OGFmOTQwMzAzYjkxZmU2NWI3ZiIsInVzZXJfaWQiOjF9.0kInMGwBcyo2Bn3pcTaytWHQv3eQi3nqrw9e7zINKn0	2024-10-22 10:41:17.34394+00	2024-10-23 10:41:17+00	1	80ce38e13e2a48af940303b91fe65b7f
5	eyJhbGciOiJIUzI1NiIsInR5cCI6IkpXVCJ9.eyJ0b2tlbl90eXBlIjoicmVmcmVzaCIsImV4cCI6MTcyOTY5MTAzMCwiaWF0IjoxNzI5NjA0NjMwLCJqdGkiOiJhODM4M2FlMDYxMTQ0NWVjYmZmYWZiNTc2ZGMzMDkxZCIsInVzZXJfaWQiOjF9.91IYoFfwQcpFnhO4tJjF3d3qkEc7QIvInEnpmq9zavk	2024-10-22 13:43:50.618369+00	2024-10-23 13:43:50+00	1	a8383ae0611445ecbffafb576dc3091d
6	eyJhbGciOiJIUzI1NiIsInR5cCI6IkpXVCJ9.eyJ0b2tlbl90eXBlIjoicmVmcmVzaCIsImV4cCI6MTcyOTY5MTAzMCwiaWF0IjoxNzI5NjA0NjMwLCJqdGkiOiI5ZDI4MDRiNmFjMTU0NDQ0ODcyZDFlZGNhOWI5MDUyNSIsInVzZXJfaWQiOjF9.771YmtEqXlqwYXNiBljPA1-olLW_GdinwHTkqIjsfP0	2024-10-22 13:43:50.626152+00	2024-10-23 13:43:50+00	1	9d2804b6ac154444872d1edca9b90525
7	eyJhbGciOiJIUzI1NiIsInR5cCI6IkpXVCJ9.eyJ0b2tlbl90eXBlIjoicmVmcmVzaCIsImV4cCI6MTcyOTY5MjcxMiwiaWF0IjoxNzI5NjA2MzEyLCJqdGkiOiIxYmM4OTIxOWRkZGE0NjAzYTk2ZTJjYTMxZGIwNjRhZSIsInVzZXJfaWQiOjF9.f1FYrlJ3Tt-2mkvmtSwF_iwun1s-mxWcn-e-g9BnpvA	2024-10-22 14:11:52.78787+00	2024-10-23 14:11:52+00	1	1bc89219ddda4603a96e2ca31db064ae
8	eyJhbGciOiJIUzI1NiIsInR5cCI6IkpXVCJ9.eyJ0b2tlbl90eXBlIjoicmVmcmVzaCIsImV4cCI6MTcyOTY5MjcxMiwiaWF0IjoxNzI5NjA2MzEyLCJqdGkiOiI2OTY0NDY4ZmI2NWI0MTk1ODU0Njc3NGIxMWRlOWRjOCIsInVzZXJfaWQiOjF9.me2b-hGJYNA7xpD2MdQ6LXZ2cXYXKrdr1V2pALzUPIY	2024-10-22 14:11:52.972795+00	2024-10-23 14:11:52+00	1	6964468fb65b41958546774b11de9dc8
9	eyJhbGciOiJIUzI1NiIsInR5cCI6IkpXVCJ9.eyJ0b2tlbl90eXBlIjoicmVmcmVzaCIsImV4cCI6MTcyOTcwMDE4OSwiaWF0IjoxNzI5NjEzNzg5LCJqdGkiOiI4MGViNDY5NzdmNTk0ODYzOWZlYmY4YjA5OTk4MzEzNSIsInVzZXJfaWQiOjF9.ygXAob6P1mDrFIj0Aq6yJLHIib9lt8ADefDc_E2F02E	2024-10-22 16:16:29.846143+00	2024-10-23 16:16:29+00	1	80eb46977f5948639febf8b099983135
10	eyJhbGciOiJIUzI1NiIsInR5cCI6IkpXVCJ9.eyJ0b2tlbl90eXBlIjoicmVmcmVzaCIsImV4cCI6MTcyOTcwMDE4OSwiaWF0IjoxNzI5NjEzNzg5LCJqdGkiOiI4ZTA5MmVkMDM1MTc0NzMyYmExM2ExMzJlMGQ0YmI0ZiIsInVzZXJfaWQiOjF9.vYZwuKGE0yBGv3vwQCdGzpGhxaWHgH-Z6DkcLXI4yEc	2024-10-22 16:16:29.854076+00	2024-10-23 16:16:29+00	1	8e092ed035174732ba13a132e0d4bb4f
11	eyJhbGciOiJIUzI1NiIsInR5cCI6IkpXVCJ9.eyJ0b2tlbl90eXBlIjoicmVmcmVzaCIsImV4cCI6MTcyOTcwMDI1MSwiaWF0IjoxNzI5NjEzODUxLCJqdGkiOiI4ZDM2MmNhMDMzZjQ0MzNiODFmMzQ2MmMzMDEyM2U1YiIsInVzZXJfaWQiOjF9.3vjuUeVjzQH14hXKthw0QS27Jlpb93Jw7B85IoXqYY0	2024-10-22 16:17:31.456336+00	2024-10-23 16:17:31+00	1	8d362ca033f4433b81f3462c30123e5b
12	eyJhbGciOiJIUzI1NiIsInR5cCI6IkpXVCJ9.eyJ0b2tlbl90eXBlIjoicmVmcmVzaCIsImV4cCI6MTcyOTcwMDI1MSwiaWF0IjoxNzI5NjEzODUxLCJqdGkiOiIyNzUwYzU5NDIxYWM0Njk3OTQxODc0YmU5Y2RmZjA0MCIsInVzZXJfaWQiOjF9.uO37knBFMwssvUzS8CiF1ZNnV7hf8uvsutG5_nsfqGs	2024-10-22 16:17:31.462436+00	2024-10-23 16:17:31+00	1	2750c59421ac4697941874be9cdff040
13	eyJhbGciOiJIUzI1NiIsInR5cCI6IkpXVCJ9.eyJ0b2tlbl90eXBlIjoicmVmcmVzaCIsImV4cCI6MTcyOTcwMDMzMSwiaWF0IjoxNzI5NjEzOTMxLCJqdGkiOiI2ODg2ODkxYjdhYWI0ZjFkYTMwMDVmYTBmZjY0NjRmMCIsInVzZXJfaWQiOjF9.X9FiFX81u6pxElcBHlgxhiXOuH6QeQE8dIFh2XnkjYo	2024-10-22 16:18:51.380535+00	2024-10-23 16:18:51+00	1	6886891b7aab4f1da3005fa0ff6464f0
14	eyJhbGciOiJIUzI1NiIsInR5cCI6IkpXVCJ9.eyJ0b2tlbl90eXBlIjoicmVmcmVzaCIsImV4cCI6MTcyOTcwMDMzMSwiaWF0IjoxNzI5NjEzOTMxLCJqdGkiOiI1ZWIzMGVjN2JiNWQ0YTY5YTNjNzFlNmE2MTllNThmNyIsInVzZXJfaWQiOjF9.IoE1ThUW9YPiBHK0-YaIeD62VGKMeLXlvTaAtevBfDs	2024-10-22 16:18:51.386366+00	2024-10-23 16:18:51+00	1	5eb30ec7bb5d4a69a3c71e6a619e58f7
15	eyJhbGciOiJIUzI1NiIsInR5cCI6IkpXVCJ9.eyJ0b2tlbl90eXBlIjoicmVmcmVzaCIsImV4cCI6MTcyOTczODQ3NiwiaWF0IjoxNzI5NjUyMDc2LCJqdGkiOiJiN2FlMGEzMzJmOWE0NTQ4YjBjMzlkNzFmMmZkZjQ5NyIsInVzZXJfaWQiOjF9.tzqomjKjellu3jxRhTDB3-3fOB57XhUfUle7OVXDBwg	2024-10-23 02:54:36.673362+00	2024-10-24 02:54:36+00	1	b7ae0a332f9a4548b0c39d71f2fdf497
16	eyJhbGciOiJIUzI1NiIsInR5cCI6IkpXVCJ9.eyJ0b2tlbl90eXBlIjoicmVmcmVzaCIsImV4cCI6MTcyOTczODQ3NiwiaWF0IjoxNzI5NjUyMDc2LCJqdGkiOiJkYjVkNGE5NjY4MmM0ZmJiODdiMDJhN2I1NDBiOGMzOCIsInVzZXJfaWQiOjF9.ZiA5NKqE4lBp17XV63Z0HjgrT84dIeCL8Yova4ZhKHA	2024-10-23 02:54:36.865794+00	2024-10-24 02:54:36+00	1	db5d4a96682c4fbb87b02a7b540b8c38
17	eyJhbGciOiJIUzI1NiIsInR5cCI6IkpXVCJ9.eyJ0b2tlbl90eXBlIjoicmVmcmVzaCIsImV4cCI6MTcyOTc0MTE3NiwiaWF0IjoxNzI5NjU0Nzc2LCJqdGkiOiJiOGI0NDAwZTE1MjM0YmFmYmE1NWQwYTZjNTIyM2IzMSIsInVzZXJfaWQiOjF9.-gIK3eIuMvUCsYsRBYEBGmEVPmmPZNcFp0UDlwzSdtw	2024-10-23 03:39:36.205316+00	2024-10-24 03:39:36+00	1	b8b4400e15234bafba55d0a6c5223b31
18	eyJhbGciOiJIUzI1NiIsInR5cCI6IkpXVCJ9.eyJ0b2tlbl90eXBlIjoicmVmcmVzaCIsImV4cCI6MTcyOTc0MTE3NiwiaWF0IjoxNzI5NjU0Nzc2LCJqdGkiOiIxMjFiZjY3NmUxNWE0M2M3YjZkODBhOThjNGIxMWFkMiIsInVzZXJfaWQiOjF9.ZM1_67WmxojyAuL69bziuit0VDx4ACiURs1nwhl7We8	2024-10-23 03:39:36.210922+00	2024-10-24 03:39:36+00	1	121bf676e15a43c7b6d80a98c4b11ad2
19	eyJhbGciOiJIUzI1NiIsInR5cCI6IkpXVCJ9.eyJ0b2tlbl90eXBlIjoicmVmcmVzaCIsImV4cCI6MTcyOTc0MzAyMiwiaWF0IjoxNzI5NjU2NjIyLCJqdGkiOiIzNThmYzNmNjc5ZDI0YTVlYTQxZjhiODNjMGU3NTM4NyIsInVzZXJfaWQiOjF9.0LFlE7-Ygg68nlmrfZWdmcporwdAINIvwfpb3jFCC5k	2024-10-23 04:10:22.399644+00	2024-10-24 04:10:22+00	1	358fc3f679d24a5ea41f8b83c0e75387
20	eyJhbGciOiJIUzI1NiIsInR5cCI6IkpXVCJ9.eyJ0b2tlbl90eXBlIjoicmVmcmVzaCIsImV4cCI6MTcyOTc0MzAyMiwiaWF0IjoxNzI5NjU2NjIyLCJqdGkiOiI0YzI5MWY1M2Y5OGY0NGMxODkwNjJmMDhiY2RlZmNiNiIsInVzZXJfaWQiOjF9.Mxf3Za3cO1CIcadw7TYVARsrJTclDEpAEK0BoA7_8Wc	2024-10-23 04:10:22.405489+00	2024-10-24 04:10:22+00	1	4c291f53f98f44c189062f08bcdefcb6
21	eyJhbGciOiJIUzI1NiIsInR5cCI6IkpXVCJ9.eyJ0b2tlbl90eXBlIjoicmVmcmVzaCIsImV4cCI6MTcyOTc0NTg4NSwiaWF0IjoxNzI5NjU5NDg1LCJqdGkiOiI1YTI4NzYxYTM1OWY0NDIxOWQzY2M1OTAyYjlhYTY5MyIsInVzZXJfaWQiOjF9.650jk8oqCzFxN91_p6BsrPFaYR2oRyKOTANSFoD4Sdg	2024-10-23 04:58:05.957671+00	2024-10-24 04:58:05+00	1	5a28761a359f44219d3cc5902b9aa693
22	eyJhbGciOiJIUzI1NiIsInR5cCI6IkpXVCJ9.eyJ0b2tlbl90eXBlIjoicmVmcmVzaCIsImV4cCI6MTcyOTc0NTg4NSwiaWF0IjoxNzI5NjU5NDg1LCJqdGkiOiIxMmNlZDgzYzhhZTk0ZGQ2YWY4MjJhYmQ2NmJiOTRhOCIsInVzZXJfaWQiOjF9.KKnOORKOr8x9fLPBZAN2SjVKRc5_nVAfNGbr_-C7ko4	2024-10-23 04:58:05.963617+00	2024-10-24 04:58:05+00	1	12ced83c8ae94dd6af822abd66bb94a8
23	eyJhbGciOiJIUzI1NiIsInR5cCI6IkpXVCJ9.eyJ0b2tlbl90eXBlIjoicmVmcmVzaCIsImV4cCI6MTcyOTc0NjEwNCwiaWF0IjoxNzI5NjU5NzA0LCJqdGkiOiIxYzJhMmQ0ODgyYmM0ZDM1YTdhMGRkYmZiMjZhN2JiMSIsInVzZXJfaWQiOjF9.-quanK6EE9MYWECpQOGjdJnSkhm-zEtyjLN99qwktdU	2024-10-23 05:01:44.966105+00	2024-10-24 05:01:44+00	1	1c2a2d4882bc4d35a7a0ddbfb26a7bb1
24	eyJhbGciOiJIUzI1NiIsInR5cCI6IkpXVCJ9.eyJ0b2tlbl90eXBlIjoicmVmcmVzaCIsImV4cCI6MTcyOTc0NjEwNCwiaWF0IjoxNzI5NjU5NzA0LCJqdGkiOiIxMDY1ZTAwZWY3YjQ0MzUyOWNiMjhkNGNkNGVhNmNiNyIsInVzZXJfaWQiOjF9.5lFDQFbAhK1A1kCsOKBMPdkqUwo2UZX3HxDtvQA50A4	2024-10-23 05:01:44.971537+00	2024-10-24 05:01:44+00	1	1065e00ef7b443529cb28d4cd4ea6cb7
25	eyJhbGciOiJIUzI1NiIsInR5cCI6IkpXVCJ9.eyJ0b2tlbl90eXBlIjoicmVmcmVzaCIsImV4cCI6MTcyOTc0NzcyNCwiaWF0IjoxNzI5NjYxMzI0LCJqdGkiOiJkODIzMGYyMWMwM2E0N2MzOGZmOTMyMTNjZTcwMTMwNSIsInVzZXJfaWQiOjF9.J8MvsFj3UFZGkejkI-ypTs286S8Gwtd71rsVDQpd-_g	2024-10-23 05:28:44.696476+00	2024-10-24 05:28:44+00	1	d8230f21c03a47c38ff93213ce701305
26	eyJhbGciOiJIUzI1NiIsInR5cCI6IkpXVCJ9.eyJ0b2tlbl90eXBlIjoicmVmcmVzaCIsImV4cCI6MTcyOTc0NzcyNCwiaWF0IjoxNzI5NjYxMzI0LCJqdGkiOiI4MGJkMjY4OTQ2ZTA0MTU5ODRiNDA5M2NmZDUxYTgwNyIsInVzZXJfaWQiOjF9.5XonGqG1dIov2TbIO5b8B7CzghaWanZGngmOtqUHWDE	2024-10-23 05:28:44.881851+00	2024-10-24 05:28:44+00	1	80bd268946e0415984b4093cfd51a807
27	eyJhbGciOiJIUzI1NiIsInR5cCI6IkpXVCJ9.eyJ0b2tlbl90eXBlIjoicmVmcmVzaCIsImV4cCI6MTcyOTc0Nzc4MiwiaWF0IjoxNzI5NjYxMzgyLCJqdGkiOiI5YWRiMzcxNmZhZTA0MDRhYmE3YWY5NTY1ZjBkZjNhOSIsInVzZXJfaWQiOjF9.WNolVIJvMxjFqhXRrRe-PMcXrxV3OPGrolnONqqwQ1E	2024-10-23 05:29:42.587009+00	2024-10-24 05:29:42+00	1	9adb3716fae0404aba7af9565f0df3a9
28	eyJhbGciOiJIUzI1NiIsInR5cCI6IkpXVCJ9.eyJ0b2tlbl90eXBlIjoicmVmcmVzaCIsImV4cCI6MTcyOTc0Nzc4MiwiaWF0IjoxNzI5NjYxMzgyLCJqdGkiOiI3OWRkMzQ4ODQ4MDI0OTk5YjdmNDc1ZWNlZjhmYjEwOCIsInVzZXJfaWQiOjF9.Mj_xcIxhBU0noiasAjmFu4I-NFqPAIGBityWfmoBY7w	2024-10-23 05:29:42.592858+00	2024-10-24 05:29:42+00	1	79dd348848024999b7f475ecef8fb108
29	eyJhbGciOiJIUzI1NiIsInR5cCI6IkpXVCJ9.eyJ0b2tlbl90eXBlIjoicmVmcmVzaCIsImV4cCI6MTcyOTc1MTcxNCwiaWF0IjoxNzI5NjY1MzE0LCJqdGkiOiI2MDUxOWE3YWM3ODQ0ZjBkOTczZDk2YTAwMjhmY2RiYSIsInVzZXJfaWQiOjF9.6R6bpIi8EaD3BL7ALHdJ21ambB65L-ZKjdUKPnwN7Gg	2024-10-23 06:35:14.648378+00	2024-10-24 06:35:14+00	1	60519a7ac7844f0d973d96a0028fcdba
30	eyJhbGciOiJIUzI1NiIsInR5cCI6IkpXVCJ9.eyJ0b2tlbl90eXBlIjoicmVmcmVzaCIsImV4cCI6MTcyOTc1MTcxNCwiaWF0IjoxNzI5NjY1MzE0LCJqdGkiOiI2YTE1NDg3M2MxMDg0YjkxOGQ4ZDMzNGZmN2YwZTgxOCIsInVzZXJfaWQiOjF9.-jwdaaZ-phZZmxUDv0TlDclokZuIjItjNm71n9LrlZw	2024-10-23 06:35:14.829032+00	2024-10-24 06:35:14+00	1	6a154873c1084b918d8d334ff7f0e818
31	eyJhbGciOiJIUzI1NiIsInR5cCI6IkpXVCJ9.eyJ0b2tlbl90eXBlIjoicmVmcmVzaCIsImV4cCI6MTcyOTc1NTI4NCwiaWF0IjoxNzI5NjY4ODg0LCJqdGkiOiJjM2Q3ZDVmMzE5OGY0NGRhODI2NjgzODllNWU3MmYxOCIsInVzZXJfaWQiOjF9.M-FCOq48LlW5CB4rKtkyZqmLtv6Ne8hXeOv32AymAxY	2024-10-23 07:34:44.709639+00	2024-10-24 07:34:44+00	1	c3d7d5f3198f44da82668389e5e72f18
32	eyJhbGciOiJIUzI1NiIsInR5cCI6IkpXVCJ9.eyJ0b2tlbl90eXBlIjoicmVmcmVzaCIsImV4cCI6MTcyOTc1NTI4NCwiaWF0IjoxNzI5NjY4ODg0LCJqdGkiOiJhN2RhZTc4MWFiZTU0OGVjOWM3ZTk0MzlkMjBlNjNhNSIsInVzZXJfaWQiOjF9.ilIOCqbGdXVt9arw9CMiYYP2g0IkOwr9oajUBySJD9Q	2024-10-23 07:34:44.751114+00	2024-10-24 07:34:44+00	1	a7dae781abe548ec9c7e9439d20e63a5
33	eyJhbGciOiJIUzI1NiIsInR5cCI6IkpXVCJ9.eyJ0b2tlbl90eXBlIjoicmVmcmVzaCIsImV4cCI6MTcyOTc1NTMwMCwiaWF0IjoxNzI5NjY4OTAwLCJqdGkiOiI2NDc1MGM3YTU0NzM0YTM0Yjk2Zjk4NDIzODM1ZWFmMSIsInVzZXJfaWQiOjF9.dJF5xqEakFjWrdCNHA-WML__-bmV2QPadZkXLYQ7xvs	2024-10-23 07:35:00.133045+00	2024-10-24 07:35:00+00	1	64750c7a54734a34b96f98423835eaf1
34	eyJhbGciOiJIUzI1NiIsInR5cCI6IkpXVCJ9.eyJ0b2tlbl90eXBlIjoicmVmcmVzaCIsImV4cCI6MTcyOTc1NTMwMCwiaWF0IjoxNzI5NjY4OTAwLCJqdGkiOiIyMWZiMDc5MzYyMTE0MjEzYTQ5MGZjOTRjNjczMDExNCIsInVzZXJfaWQiOjF9.jhyr5rYBUT-W7FJNk0LmT2WwqwIiTvFf51OylSVr_Fk	2024-10-23 07:35:00.138905+00	2024-10-24 07:35:00+00	1	21fb079362114213a490fc94c6730114
35	eyJhbGciOiJIUzI1NiIsInR5cCI6IkpXVCJ9.eyJ0b2tlbl90eXBlIjoicmVmcmVzaCIsImV4cCI6MTcyOTc1NjM2NiwiaWF0IjoxNzI5NjY5OTY2LCJqdGkiOiJiNjg3MjQ2ZmNiYzQ0NDFjYjgyNWJjM2E1ODg1NzNlMyIsInVzZXJfaWQiOjF9.42kqbuB04647cXm0Fr_VGn4me4UIt6Qj9XT_1xMZD4c	2024-10-23 07:52:46.465698+00	2024-10-24 07:52:46+00	1	b687246fcbc4441cb825bc3a588573e3
36	eyJhbGciOiJIUzI1NiIsInR5cCI6IkpXVCJ9.eyJ0b2tlbl90eXBlIjoicmVmcmVzaCIsImV4cCI6MTcyOTc1NjM2NiwiaWF0IjoxNzI5NjY5OTY2LCJqdGkiOiI2MzE5NmZhMmY2NzY0Yzk5YjMwY2NjMTBlNjJhMWQ3ZiIsInVzZXJfaWQiOjF9.R8TmQ2mE-KRPS76g3NjRbokaPXUFnp-PKEE1dAw_Pxc	2024-10-23 07:52:46.477197+00	2024-10-24 07:52:46+00	1	63196fa2f6764c99b30ccc10e62a1d7f
37	eyJhbGciOiJIUzI1NiIsInR5cCI6IkpXVCJ9.eyJ0b2tlbl90eXBlIjoicmVmcmVzaCIsImV4cCI6MTcyOTc2MjQ4OCwiaWF0IjoxNzI5Njc2MDg4LCJqdGkiOiIxOTI2ZjFiM2RkYzY0OWNjOWVlNmI5YjNkNTc5NTk4MCIsInVzZXJfaWQiOjF9.hFSYpzy3IELWBsdxiHPg1-acwMoJZzfba4M6_KW_8aA	2024-10-23 09:34:48.779668+00	2024-10-24 09:34:48+00	1	1926f1b3ddc649cc9ee6b9b3d5795980
38	eyJhbGciOiJIUzI1NiIsInR5cCI6IkpXVCJ9.eyJ0b2tlbl90eXBlIjoicmVmcmVzaCIsImV4cCI6MTcyOTc2MjQ4OCwiaWF0IjoxNzI5Njc2MDg4LCJqdGkiOiI5ZjU5ZGRhZjAxMjk0MmUzYmU1NjM5NDkwYjYxMDc0MiIsInVzZXJfaWQiOjF9.6lCbQqLB2M2NetDVNYKN_Sp-lLDfCvdoX1OKXcqpH0g	2024-10-23 09:34:48.967542+00	2024-10-24 09:34:48+00	1	9f59ddaf012942e3be5639490b610742
39	eyJhbGciOiJIUzI1NiIsInR5cCI6IkpXVCJ9.eyJ0b2tlbl90eXBlIjoicmVmcmVzaCIsImV4cCI6MTcyOTc2MjYwMSwiaWF0IjoxNzI5Njc2MjAxLCJqdGkiOiI1MTIzOThkNWU5ZGY0OWRiODg1NjQyZjg3MmViNTVhNyIsInVzZXJfaWQiOjF9.Do2AwaOCJYoiCi6-f1I5EU1zsyY2YBAWYYeYQLcUbiQ	2024-10-23 09:36:41.000117+00	2024-10-24 09:36:41+00	1	512398d5e9df49db885642f872eb55a7
40	eyJhbGciOiJIUzI1NiIsInR5cCI6IkpXVCJ9.eyJ0b2tlbl90eXBlIjoicmVmcmVzaCIsImV4cCI6MTcyOTc2MjYwMSwiaWF0IjoxNzI5Njc2MjAxLCJqdGkiOiJiM2NmNDIzNjRjNDg0MTQxYmQ1YmNjMTc5OTY5MmVhNyIsInVzZXJfaWQiOjF9.FuNXZsGUE_88lBgDcZip7FJpvD2CJji3lUd0bK1RMso	2024-10-23 09:36:41.186258+00	2024-10-24 09:36:41+00	1	b3cf42364c484141bd5bcc1799692ea7
41	eyJhbGciOiJIUzI1NiIsInR5cCI6IkpXVCJ9.eyJ0b2tlbl90eXBlIjoicmVmcmVzaCIsImV4cCI6MTcyOTc2NDUzOCwiaWF0IjoxNzI5Njc4MTM4LCJqdGkiOiJiZTFmMjc2NTk5MDI0NjQ1OWNjNGQ5MzU4ZTk4ODRhZSIsInVzZXJfaWQiOjF9.0N_XxoPVeC-zhUo4zt5vLS_fKG7RiIvsr_J5Nwwc4wo	2024-10-23 10:08:58.526889+00	2024-10-24 10:08:58+00	1	be1f2765990246459cc4d9358e9884ae
42	eyJhbGciOiJIUzI1NiIsInR5cCI6IkpXVCJ9.eyJ0b2tlbl90eXBlIjoicmVmcmVzaCIsImV4cCI6MTcyOTc2NDUzOCwiaWF0IjoxNzI5Njc4MTM4LCJqdGkiOiI2YmQxMzJkMTgxMzE0NmE4YjJjZTIwMjJkMjAyN2Q5ZSIsInVzZXJfaWQiOjF9.h0UT2xLCGXy9ttBA_3K8kZDY7AtFP7rQTfuEGoxC71A	2024-10-23 10:08:58.533648+00	2024-10-24 10:08:58+00	1	6bd132d1813146a8b2ce2022d2027d9e
43	eyJhbGciOiJIUzI1NiIsInR5cCI6IkpXVCJ9.eyJ0b2tlbl90eXBlIjoicmVmcmVzaCIsImV4cCI6MTcyOTc2NTI0MywiaWF0IjoxNzI5Njc4ODQzLCJqdGkiOiI0ZTVhNzhkODQ4MmQ0NjE1OTgzY2I1ZDZhMTE2NzFiYiIsInVzZXJfaWQiOjF9.15xH8fuAzuvHLI533M2wsBfd2hadZDtQdQc7f_p0ujg	2024-10-23 10:20:43.14885+00	2024-10-24 10:20:43+00	1	4e5a78d8482d4615983cb5d6a11671bb
44	eyJhbGciOiJIUzI1NiIsInR5cCI6IkpXVCJ9.eyJ0b2tlbl90eXBlIjoicmVmcmVzaCIsImV4cCI6MTcyOTc2NTI0MywiaWF0IjoxNzI5Njc4ODQzLCJqdGkiOiIzYzQxNWRkNzFkNDQ0Zjg5OWE4ZmQ0MWEzNDY5NzI5YiIsInVzZXJfaWQiOjF9.b_U3aqGUnudVRw73n3fVreZoWDHdEu_6i7kL3uRcNyM	2024-10-23 10:20:43.344202+00	2024-10-24 10:20:43+00	1	3c415dd71d444f899a8fd41a3469729b
45	eyJhbGciOiJIUzI1NiIsInR5cCI6IkpXVCJ9.eyJ0b2tlbl90eXBlIjoicmVmcmVzaCIsImV4cCI6MTcyOTc3NDUzMCwiaWF0IjoxNzI5Njg4MTMwLCJqdGkiOiJhY2EzMTM0MmQ5MDY0MjUxOGM3ZDliYmEyZmU2NGM4MyIsInVzZXJfaWQiOjF9.GDtR_l80xl3IUl8m4_xQH-Ea8nEYF5mqmKpFwqmGIcA	2024-10-23 12:55:30.188735+00	2024-10-24 12:55:30+00	1	aca31342d90642518c7d9bba2fe64c83
46	eyJhbGciOiJIUzI1NiIsInR5cCI6IkpXVCJ9.eyJ0b2tlbl90eXBlIjoicmVmcmVzaCIsImV4cCI6MTcyOTc3NDUzMCwiaWF0IjoxNzI5Njg4MTMwLCJqdGkiOiI2MWIzMzFhMzU3ZjM0YzFhYjlkYWIxYTEzYzY4YzZkYyIsInVzZXJfaWQiOjF9.bw9hBjdmzdWT6oTNGrDlosw2Owa5z5rJ8tAFhGsWp9k	2024-10-23 12:55:30.195671+00	2024-10-24 12:55:30+00	1	61b331a357f34c1ab9dab1a13c68c6dc
47	eyJhbGciOiJIUzI1NiIsInR5cCI6IkpXVCJ9.eyJ0b2tlbl90eXBlIjoicmVmcmVzaCIsImV4cCI6MTcyOTc3NDUzMywiaWF0IjoxNzI5Njg4MTMzLCJqdGkiOiI4NzkwYWY4MmQzZjk0NzNhOTdiMDg3ZDBiNmU0MjU4YyIsInVzZXJfaWQiOjF9.ZXsI1gy4W6RQ4Z4U-_9ju3P-8tOorU7gTGSk5lenwGA	2024-10-23 12:55:33.734043+00	2024-10-24 12:55:33+00	1	8790af82d3f9473a97b087d0b6e4258c
48	eyJhbGciOiJIUzI1NiIsInR5cCI6IkpXVCJ9.eyJ0b2tlbl90eXBlIjoicmVmcmVzaCIsImV4cCI6MTcyOTc3NDUzMywiaWF0IjoxNzI5Njg4MTMzLCJqdGkiOiI2YWFkYzEyOWVhNzA0M2NiYjA0NzE2MzQ3MjlmMmNkNiIsInVzZXJfaWQiOjF9.zxsbEkQphsJ5LJ40WClg4zmMsJDA7rqcHLh0jXdkON4	2024-10-23 12:55:33.739579+00	2024-10-24 12:55:33+00	1	6aadc129ea7043cbb0471634729f2cd6
49	eyJhbGciOiJIUzI1NiIsInR5cCI6IkpXVCJ9.eyJ0b2tlbl90eXBlIjoicmVmcmVzaCIsImV4cCI6MTcyOTc3NDY1NiwiaWF0IjoxNzI5Njg4MjU2LCJqdGkiOiJhOWQ3ZDIzMjBmYjg0ZTZjODBjMjg2NTc1MjFlMTM0NyIsInVzZXJfaWQiOjF9.kSPaxwAFYsl3Mf45-8b12GfvFgrPTqCmm7u0uZv56qE	2024-10-23 12:57:36.290551+00	2024-10-24 12:57:36+00	1	a9d7d2320fb84e6c80c28657521e1347
50	eyJhbGciOiJIUzI1NiIsInR5cCI6IkpXVCJ9.eyJ0b2tlbl90eXBlIjoicmVmcmVzaCIsImV4cCI6MTcyOTc3NDY1NiwiaWF0IjoxNzI5Njg4MjU2LCJqdGkiOiJmOTU2YTIyNjJiYTQ0YzQ4OTZhZWJiNmFkYzQ0Njc0NSIsInVzZXJfaWQiOjF9.DLOUt0zPZgeiZtupj4_ERpNRHH9lCMXEZNXXURqNAWI	2024-10-23 12:57:36.297151+00	2024-10-24 12:57:36+00	1	f956a2262ba44c4896aebb6adc446745
51	eyJhbGciOiJIUzI1NiIsInR5cCI6IkpXVCJ9.eyJ0b2tlbl90eXBlIjoicmVmcmVzaCIsImV4cCI6MTcyOTc3NDcyMCwiaWF0IjoxNzI5Njg4MzIwLCJqdGkiOiI5YTkyMjg4NDQ5ZDU0OWFmOGY5NDM0ZDMxMzU5OTYyNSIsInVzZXJfaWQiOjF9.7Lj2mj7U2GEgxxp89ljibQA_Vrs7hgHWYReIsSWJ2D0	2024-10-23 12:58:40.047279+00	2024-10-24 12:58:40+00	1	9a92288449d549af8f9434d313599625
52	eyJhbGciOiJIUzI1NiIsInR5cCI6IkpXVCJ9.eyJ0b2tlbl90eXBlIjoicmVmcmVzaCIsImV4cCI6MTcyOTc3NDcyMCwiaWF0IjoxNzI5Njg4MzIwLCJqdGkiOiIyMDJmZDc5MjQyN2Q0M2M5YjJlYzUzOTMyYzA1NjRkYiIsInVzZXJfaWQiOjF9.ohTjBLAYFenLJZ6M4d7yt6_GZLoTH0xZi_-IINNtDkI	2024-10-23 12:58:40.054622+00	2024-10-24 12:58:40+00	1	202fd792427d43c9b2ec53932c0564db
53	eyJhbGciOiJIUzI1NiIsInR5cCI6IkpXVCJ9.eyJ0b2tlbl90eXBlIjoicmVmcmVzaCIsImV4cCI6MTcyOTc3ODU4NiwiaWF0IjoxNzI5NjkyMTg2LCJqdGkiOiI1ZGUzNmQ3ZjdhNGE0ZDgzOTZmZjZjZDJjNDQxNmVmNiIsInVzZXJfaWQiOjF9.Qrwazc3neMSCNtQsOLNfvUkgKGQqGvj7SdkbK-xBsy4	2024-10-23 14:03:06.958746+00	2024-10-24 14:03:06+00	1	5de36d7f7a4a4d8396ff6cd2c4416ef6
54	eyJhbGciOiJIUzI1NiIsInR5cCI6IkpXVCJ9.eyJ0b2tlbl90eXBlIjoicmVmcmVzaCIsImV4cCI6MTcyOTc3ODU4NywiaWF0IjoxNzI5NjkyMTg3LCJqdGkiOiJiNTM2ZTQxOWQ2ZjE0NDkyOWEyZDkwODg4ODhkNWM0YyIsInVzZXJfaWQiOjF9.TbTp9z7WjjfBbtKAWwlQL8m-DYciuWS7H7wtydy1z5s	2024-10-23 14:03:07.135619+00	2024-10-24 14:03:07+00	1	b536e419d6f144929a2d9088888d5c4c
55	eyJhbGciOiJIUzI1NiIsInR5cCI6IkpXVCJ9.eyJ0b2tlbl90eXBlIjoicmVmcmVzaCIsImV4cCI6MTcyOTc4MDIwMywiaWF0IjoxNzI5NjkzODAzLCJqdGkiOiI5YThmYjA1ZGZhNzc0NmFhYjViZWNhYjE4NDI1ZTc4ZCIsInVzZXJfaWQiOjF9.6MBarDIcb48fCDLK2fMlCbxzPT4uG4mmoNfFDIFbYew	2024-10-23 14:30:03.802773+00	2024-10-24 14:30:03+00	1	9a8fb05dfa7746aab5becab18425e78d
56	eyJhbGciOiJIUzI1NiIsInR5cCI6IkpXVCJ9.eyJ0b2tlbl90eXBlIjoicmVmcmVzaCIsImV4cCI6MTcyOTc4MDIwMywiaWF0IjoxNzI5NjkzODAzLCJqdGkiOiIxNDBmM2U3MjU5OWM0NjdmOTY5MzdiY2MwZDQyZWZhNiIsInVzZXJfaWQiOjF9.Q0ol-ngOgf3Wg12HDhoEZ6EzEtiHkPGRrqcsqP0Fkd8	2024-10-23 14:30:03.821105+00	2024-10-24 14:30:03+00	1	140f3e72599c467f96937bcc0d42efa6
57	eyJhbGciOiJIUzI1NiIsInR5cCI6IkpXVCJ9.eyJ0b2tlbl90eXBlIjoicmVmcmVzaCIsImV4cCI6MTcyOTc4MjIwNiwiaWF0IjoxNzI5Njk1ODA2LCJqdGkiOiI2NGY2MzkyMjg5Zjg0MWJiYmMyZDJiZTc3ZWQyODU3YyIsInVzZXJfaWQiOjF9.v9s6igXWxuXVDxBqtzAz0zvo7CWGgbxpIhqMoNBopDU	2024-10-23 15:03:26.861286+00	2024-10-24 15:03:26+00	1	64f6392289f841bbbc2d2be77ed2857c
58	eyJhbGciOiJIUzI1NiIsInR5cCI6IkpXVCJ9.eyJ0b2tlbl90eXBlIjoicmVmcmVzaCIsImV4cCI6MTcyOTc4MjIwNiwiaWF0IjoxNzI5Njk1ODA2LCJqdGkiOiI0YTAzMjM3ZTRjMWM0YmNmYjBiNDg2NDU3ZjVhNTQ2YiIsInVzZXJfaWQiOjF9.xkn_vAlC7PF4iekPpXCNkvzLVQioK7DvL_MGBq61hgM	2024-10-23 15:03:26.871296+00	2024-10-24 15:03:26+00	1	4a03237e4c1c4bcfb0b486457f5a546b
59	eyJhbGciOiJIUzI1NiIsInR5cCI6IkpXVCJ9.eyJ0b2tlbl90eXBlIjoicmVmcmVzaCIsImV4cCI6MTcyOTgxNDIzNCwiaWF0IjoxNzI5NzI3ODM0LCJqdGkiOiIwZmNkZmJiMDA4MTA0MTM0ODJhOWU4Y2Y5NzJhYjg5NSIsInVzZXJfaWQiOjF9.VJr2aiVTF0_uDFAN_z5tSkUXzNDzZ1pbQ92_k5WPUC4	2024-10-23 23:57:14.218272+00	2024-10-24 23:57:14+00	1	0fcdfbb00810413482a9e8cf972ab895
60	eyJhbGciOiJIUzI1NiIsInR5cCI6IkpXVCJ9.eyJ0b2tlbl90eXBlIjoicmVmcmVzaCIsImV4cCI6MTcyOTgxNDIzNCwiaWF0IjoxNzI5NzI3ODM0LCJqdGkiOiI5Y2NiYzYyMDE3OTE0MjliYTllYjgxMjk5OWY0ODViYyIsInVzZXJfaWQiOjF9.iECkGRvD7mu7QG8NRvQADIjdyrj92-7_ZAlYzL1a8pQ	2024-10-23 23:57:14.300533+00	2024-10-24 23:57:14+00	1	9ccbc6201791429ba9eb812999f485bc
61	eyJhbGciOiJIUzI1NiIsInR5cCI6IkpXVCJ9.eyJ0b2tlbl90eXBlIjoicmVmcmVzaCIsImV4cCI6MTcyOTgyMjE0MCwiaWF0IjoxNzI5NzM1NzQwLCJqdGkiOiI1NmUwY2EwNTMzYTA0ODdkYjZlOGExYmY4ZjJkN2VkZiIsInVzZXJfaWQiOjF9.wOxoawUsiLpmnev6Z6q3Lg05ZPXRb8YO4eaqESpCuLE	2024-10-24 02:09:00.933482+00	2024-10-25 02:09:00+00	1	56e0ca0533a0487db6e8a1bf8f2d7edf
62	eyJhbGciOiJIUzI1NiIsInR5cCI6IkpXVCJ9.eyJ0b2tlbl90eXBlIjoicmVmcmVzaCIsImV4cCI6MTcyOTgyMjE0MSwiaWF0IjoxNzI5NzM1NzQxLCJqdGkiOiIzYjBmZmFmYjhhNWE0ZGNjYTAwYzMxYzc5ZDIxZTUwZCIsInVzZXJfaWQiOjF9.hrwjevf-oVgqWae9CzaVEDXSzWJ3EFFvqYgwY_jmjn0	2024-10-24 02:09:01.013976+00	2024-10-25 02:09:01+00	1	3b0ffafb8a5a4dcca00c31c79d21e50d
63	eyJhbGciOiJIUzI1NiIsInR5cCI6IkpXVCJ9.eyJ0b2tlbl90eXBlIjoicmVmcmVzaCIsImV4cCI6MTcyOTgyMjI1MSwiaWF0IjoxNzI5NzM1ODUxLCJqdGkiOiJiMGQxOGYxMzBjMDY0YWVkYTRkMWExZDY1NmQ2ODk3ZCIsInVzZXJfaWQiOjF9.oAEih_r0ia4sHLTYRUuNMzQqvTUVVLHoKWURDK94QjU	2024-10-24 02:10:51.061149+00	2024-10-25 02:10:51+00	1	b0d18f130c064aeda4d1a1d656d6897d
64	eyJhbGciOiJIUzI1NiIsInR5cCI6IkpXVCJ9.eyJ0b2tlbl90eXBlIjoicmVmcmVzaCIsImV4cCI6MTcyOTgyMjI1MSwiaWF0IjoxNzI5NzM1ODUxLCJqdGkiOiI0NTQwYTk5NTk3ZTc0ZTBmOGZkZWZjOTE2OTFiNjllNiIsInVzZXJfaWQiOjF9.HsC3-Hf1yM6ExcmYCxsR8gb6Q9WDjIZZTqpa7C2phpw	2024-10-24 02:10:51.066868+00	2024-10-25 02:10:51+00	1	4540a99597e74e0f8fdefc91691b69e6
65	eyJhbGciOiJIUzI1NiIsInR5cCI6IkpXVCJ9.eyJ0b2tlbl90eXBlIjoicmVmcmVzaCIsImV4cCI6MTcyOTgyOTQ0MiwiaWF0IjoxNzI5NzQzMDQyLCJqdGkiOiJiMmRjZmY1NTc0MGI0ZWNiYTAxOTMyN2FjMDE4NjhmZCIsInVzZXJfaWQiOjF9.xLLgQRJLviKCuwNiFfhRHQsF-bSeHte75Gp-nsXjEwY	2024-10-24 04:10:42.965979+00	2024-10-25 04:10:42+00	1	b2dcff55740b4ecba019327ac01868fd
66	eyJhbGciOiJIUzI1NiIsInR5cCI6IkpXVCJ9.eyJ0b2tlbl90eXBlIjoicmVmcmVzaCIsImV4cCI6MTcyOTgyOTQ0MiwiaWF0IjoxNzI5NzQzMDQyLCJqdGkiOiJkNDU2OWQ0OTFiZTM0NWI1OWE0NjE0N2VkOGI3MWYwYyIsInVzZXJfaWQiOjF9.PRrYFwnQz_udH1El-pbSAEgVJyjQppzUzJQTK0YFx3k	2024-10-24 04:10:42.972128+00	2024-10-25 04:10:42+00	1	d4569d491be345b59a46147ed8b71f0c
67	eyJhbGciOiJIUzI1NiIsInR5cCI6IkpXVCJ9.eyJ0b2tlbl90eXBlIjoicmVmcmVzaCIsImV4cCI6MTcyOTgyOTk2MCwiaWF0IjoxNzI5NzQzNTYwLCJqdGkiOiIzZWJhMzQ2MTIzYjc0ODYxOGJlNjRhNTkxMmFkOTM2NSIsInVzZXJfaWQiOjF9.HgAj4gESCVDLLtUTWEqqbBRIgxMXuoSXjtSTXn2V4dk	2024-10-24 04:19:20.193352+00	2024-10-25 04:19:20+00	1	3eba346123b748618be64a5912ad9365
68	eyJhbGciOiJIUzI1NiIsInR5cCI6IkpXVCJ9.eyJ0b2tlbl90eXBlIjoicmVmcmVzaCIsImV4cCI6MTcyOTgyOTk2MCwiaWF0IjoxNzI5NzQzNTYwLCJqdGkiOiJhMDZjYTcwYjk5MDA0NzgxYmY1MzY5MWE0YmRmY2FhOCIsInVzZXJfaWQiOjF9.ubr7RSWd3Cp0L-a1c06B3EUzeJdnw1bjXNpPQezvGjg	2024-10-24 04:19:20.199191+00	2024-10-25 04:19:20+00	1	a06ca70b99004781bf53691a4bdfcaa8
69	eyJhbGciOiJIUzI1NiIsInR5cCI6IkpXVCJ9.eyJ0b2tlbl90eXBlIjoicmVmcmVzaCIsImV4cCI6MTcyOTgzMDM3NCwiaWF0IjoxNzI5NzQzOTc0LCJqdGkiOiIwYTU2MzlhYjFlNzE0YmE2OWM2MTI1OTIzZWU1MGVkMyIsInVzZXJfaWQiOjF9.7dGdnL4zqXdD9VMdMDFKiGmAlfrMym51Ujru-WpyFFU	2024-10-24 04:26:14.095121+00	2024-10-25 04:26:14+00	1	0a5639ab1e714ba69c6125923ee50ed3
70	eyJhbGciOiJIUzI1NiIsInR5cCI6IkpXVCJ9.eyJ0b2tlbl90eXBlIjoicmVmcmVzaCIsImV4cCI6MTcyOTgzMDM3NCwiaWF0IjoxNzI5NzQzOTc0LCJqdGkiOiIzYjVhNzI1YWEyMDU0NjFiOGZhZmM3ZjE1ZDI3YTM4MiIsInVzZXJfaWQiOjF9.PQFt9SuOxHfT7mThOy9IArJv9uuRDKEZ7dS_o5x187c	2024-10-24 04:26:14.102242+00	2024-10-25 04:26:14+00	1	3b5a725aa205461b8fafc7f15d27a382
71	eyJhbGciOiJIUzI1NiIsInR5cCI6IkpXVCJ9.eyJ0b2tlbl90eXBlIjoicmVmcmVzaCIsImV4cCI6MTcyOTgzNjEyMywiaWF0IjoxNzI5NzQ5NzIzLCJqdGkiOiI1MmU1YjAyYTZlMDU0ZTJjYmMyMTczN2NjYzE5MmNmNiIsInVzZXJfaWQiOjF9.nIROLL7swJy9MnDgu2p1DN4RbQiapsq5IH8zqR-6UAs	2024-10-24 06:02:03.266967+00	2024-10-25 06:02:03+00	1	52e5b02a6e054e2cbc21737ccc192cf6
72	eyJhbGciOiJIUzI1NiIsInR5cCI6IkpXVCJ9.eyJ0b2tlbl90eXBlIjoicmVmcmVzaCIsImV4cCI6MTcyOTgzNjEyMywiaWF0IjoxNzI5NzQ5NzIzLCJqdGkiOiI4YThmZWQzYTE2ZTY0YjM4ODA2MDJiNTk4ZGE3ZWMzNSIsInVzZXJfaWQiOjF9.kj3ENuQTHauhfqaRFgIXID9Gc2DY8dYnY_Onsn2hfJI	2024-10-24 06:02:03.273077+00	2024-10-25 06:02:03+00	1	8a8fed3a16e64b3880602b598da7ec35
73	eyJhbGciOiJIUzI1NiIsInR5cCI6IkpXVCJ9.eyJ0b2tlbl90eXBlIjoicmVmcmVzaCIsImV4cCI6MTcyOTgzODAyNiwiaWF0IjoxNzI5NzUxNjI2LCJqdGkiOiI3OTBhZmIwZWZkMmM0YWNhODViY2FjOGUzMjZlMTJmNiIsInVzZXJfaWQiOjF9.5LfytQwnp6jI7pBliusU-T_j5IMHAGSaDMIDq2kg4jo	2024-10-24 06:33:46.65343+00	2024-10-25 06:33:46+00	1	790afb0efd2c4aca85bcac8e326e12f6
74	eyJhbGciOiJIUzI1NiIsInR5cCI6IkpXVCJ9.eyJ0b2tlbl90eXBlIjoicmVmcmVzaCIsImV4cCI6MTcyOTgzODAyNiwiaWF0IjoxNzI5NzUxNjI2LCJqdGkiOiJmMDU1OGYyZWE1MTc0NDcyYmMwYjE0YzYyZjNiNWRjMiIsInVzZXJfaWQiOjF9.FFht9eqjgKFwmjK6MqT7DKTq130P8js1KtDllDUsKHU	2024-10-24 06:33:46.680188+00	2024-10-25 06:33:46+00	1	f0558f2ea5174472bc0b14c62f3b5dc2
75	eyJhbGciOiJIUzI1NiIsInR5cCI6IkpXVCJ9.eyJ0b2tlbl90eXBlIjoicmVmcmVzaCIsImV4cCI6MTcyOTgzOTc4OSwiaWF0IjoxNzI5NzUzMzg5LCJqdGkiOiJkMTIxMzJjYWI2MGM0ZDgyYTk4Y2FhY2ZmMWFiN2FhYyIsInVzZXJfaWQiOjF9.j8RJ433POFdZmj4cUILwPdnuTobCyuXOI5WzQYlfnac	2024-10-24 07:03:09.806157+00	2024-10-25 07:03:09+00	1	d12132cab60c4d82a98caacff1ab7aac
76	eyJhbGciOiJIUzI1NiIsInR5cCI6IkpXVCJ9.eyJ0b2tlbl90eXBlIjoicmVmcmVzaCIsImV4cCI6MTcyOTgzOTc4OSwiaWF0IjoxNzI5NzUzMzg5LCJqdGkiOiIxZmMwMWMwODhmMGU0NzY5OGI2YWI5ODM2MzAzNTUzZSIsInVzZXJfaWQiOjF9.A9QDcZSGb-LOsBTLtzuzSR_Fgjny1L6URdNuKiAagZw	2024-10-24 07:03:09.81177+00	2024-10-25 07:03:09+00	1	1fc01c088f0e47698b6ab9836303553e
77	eyJhbGciOiJIUzI1NiIsInR5cCI6IkpXVCJ9.eyJ0b2tlbl90eXBlIjoicmVmcmVzaCIsImV4cCI6MTcyOTg0MDg4MSwiaWF0IjoxNzI5NzU0NDgxLCJqdGkiOiJmNjg5YjMwODkzMzI0ODkwOTk2NjlkYTdkYjc3NDcxMSIsInVzZXJfaWQiOjF9.oSCzLnJJb7ZLrBVOVx-D9rwmWqv-8i4rir9j71DY0ME	2024-10-24 07:21:21.776812+00	2024-10-25 07:21:21+00	1	f689b3089332489099669da7db774711
78	eyJhbGciOiJIUzI1NiIsInR5cCI6IkpXVCJ9.eyJ0b2tlbl90eXBlIjoicmVmcmVzaCIsImV4cCI6MTcyOTg0MDg4MSwiaWF0IjoxNzI5NzU0NDgxLCJqdGkiOiJlNDZhZDJjZmVlMjY0MTVkOGYzZGY4MTkyMzI5NGZjZCIsInVzZXJfaWQiOjF9.HpmVBY0S8NLRHz6pHWVCNIpQWBWpn4GXyPRliz5dT8Y	2024-10-24 07:21:21.790372+00	2024-10-25 07:21:21+00	1	e46ad2cfee26415d8f3df81923294fcd
79	eyJhbGciOiJIUzI1NiIsInR5cCI6IkpXVCJ9.eyJ0b2tlbl90eXBlIjoicmVmcmVzaCIsImV4cCI6MTcyOTg0NDkzOCwiaWF0IjoxNzI5NzU4NTM4LCJqdGkiOiIwODQ2N2VjYjEyNGQ0ZWE5ODgzOGJkYmMyZDc3MTUxMCIsInVzZXJfaWQiOjF9.ZBzUfIrySPKnZGKKVvyWAvZpRU5f30BaaX3bHkxKxeg	2024-10-24 08:28:58.674154+00	2024-10-25 08:28:58+00	1	08467ecb124d4ea98838bdbc2d771510
80	eyJhbGciOiJIUzI1NiIsInR5cCI6IkpXVCJ9.eyJ0b2tlbl90eXBlIjoicmVmcmVzaCIsImV4cCI6MTcyOTg0NDkzOCwiaWF0IjoxNzI5NzU4NTM4LCJqdGkiOiIzOWIxYTEzYTEyYmM0NGY2OTMyZTVkMWJiY2Q5ZGY3NiIsInVzZXJfaWQiOjF9.ceaQbhQky295IbNBit6txdNsPy0qsX1rXFTAlvjneaQ	2024-10-24 08:28:58.682051+00	2024-10-25 08:28:58+00	1	39b1a13a12bc44f6932e5d1bbcd9df76
81	eyJhbGciOiJIUzI1NiIsInR5cCI6IkpXVCJ9.eyJ0b2tlbl90eXBlIjoicmVmcmVzaCIsImV4cCI6MTcyOTg0NTkyNiwiaWF0IjoxNzI5NzU5NTI2LCJqdGkiOiJlNjAzYjdkYzA0NGU0Y2M2YjU4YzQ5ZjczOGU1MDMwOCIsInVzZXJfaWQiOjF9.6PKfaHbUvc1CVEH-tThKvZCFwTrbRBAuWkKvjVhE56A	2024-10-24 08:45:26.732757+00	2024-10-25 08:45:26+00	1	e603b7dc044e4cc6b58c49f738e50308
82	eyJhbGciOiJIUzI1NiIsInR5cCI6IkpXVCJ9.eyJ0b2tlbl90eXBlIjoicmVmcmVzaCIsImV4cCI6MTcyOTg0NTkyNiwiaWF0IjoxNzI5NzU5NTI2LCJqdGkiOiJlZTc1ODI0MGNmOWY0MWJkODdjYTIxYzY2YzJlOGU5YyIsInVzZXJfaWQiOjF9.E3Pty5BShKGSSQIWzFEo1wR7PaB5G8zDc-oG_IcVW-g	2024-10-24 08:45:26.741838+00	2024-10-25 08:45:26+00	1	ee758240cf9f41bd87ca21c66c2e8e9c
83	eyJhbGciOiJIUzI1NiIsInR5cCI6IkpXVCJ9.eyJ0b2tlbl90eXBlIjoicmVmcmVzaCIsImV4cCI6MTcyOTg2NzA1OCwiaWF0IjoxNzI5NzgwNjU4LCJqdGkiOiI4OTQ1NTQyMmNkMDg0NGRhYjBmYTFlMzhjNDdhYTBhYyIsInVzZXJfaWQiOjF9.KFOvnuh_RlMvBjfGIhfRlh0ufIixhHc9n53cAiFJjXA	2024-10-24 14:37:38.832557+00	2024-10-25 14:37:38+00	1	89455422cd0844dab0fa1e38c47aa0ac
84	eyJhbGciOiJIUzI1NiIsInR5cCI6IkpXVCJ9.eyJ0b2tlbl90eXBlIjoicmVmcmVzaCIsImV4cCI6MTcyOTg2NzA1OCwiaWF0IjoxNzI5NzgwNjU4LCJqdGkiOiJhMmE3M2FhZmNlYTM0MTg5OWU1ZWFmNGZjZTg2Yzc5ZSIsInVzZXJfaWQiOjF9.LjziSK-D4eqYHdFuTi-vWpWce3OgIIkIOnjrdtveFFM	2024-10-24 14:37:38.83897+00	2024-10-25 14:37:38+00	1	a2a73aafcea341899e5eaf4fce86c79e
85	eyJhbGciOiJIUzI1NiIsInR5cCI6IkpXVCJ9.eyJ0b2tlbl90eXBlIjoicmVmcmVzaCIsImV4cCI6MTcyOTkwOTYzNywiaWF0IjoxNzI5ODIzMjM3LCJqdGkiOiIwYWRmNjE3ZGFjYjQ0NWRiOWIwYzYxZmY3N2UwZTM2MiIsInVzZXJfaWQiOjF9.oM004NdgSti0hcZ3h5f0VLyBV1f7NbujstngTcU_gRM	2024-10-25 02:27:17.723898+00	2024-10-26 02:27:17+00	1	0adf617dacb445db9b0c61ff77e0e362
86	eyJhbGciOiJIUzI1NiIsInR5cCI6IkpXVCJ9.eyJ0b2tlbl90eXBlIjoicmVmcmVzaCIsImV4cCI6MTcyOTkwOTYzNywiaWF0IjoxNzI5ODIzMjM3LCJqdGkiOiI3NDlkN2QyOWZlOGQ0ZGJiYTEzNTNhMDYyYjJkMGRhZiIsInVzZXJfaWQiOjF9.6cuvkOahG-3gjmfjkSb71eYD69b06g1Gx821zFvEhzI	2024-10-25 02:27:17.731502+00	2024-10-26 02:27:17+00	1	749d7d29fe8d4dbba1353a062b2d0daf
87	eyJhbGciOiJIUzI1NiIsInR5cCI6IkpXVCJ9.eyJ0b2tlbl90eXBlIjoicmVmcmVzaCIsImV4cCI6MTcyOTkyMzQwMywiaWF0IjoxNzI5ODM3MDAzLCJqdGkiOiI0OGIwMmVkN2EyZGI0NWVlOTMzMWQ3M2M1ODU0ZmZiMiIsInVzZXJfaWQiOjF9.CnEsrKmJ3xI8-8yss4zjA0TEuCkWshNCjbxA9_mVhZw	2024-10-25 06:16:43.607859+00	2024-10-26 06:16:43+00	1	48b02ed7a2db45ee9331d73c5854ffb2
88	eyJhbGciOiJIUzI1NiIsInR5cCI6IkpXVCJ9.eyJ0b2tlbl90eXBlIjoicmVmcmVzaCIsImV4cCI6MTcyOTkyMzQwMywiaWF0IjoxNzI5ODM3MDAzLCJqdGkiOiJkMmNlN2ExNzAyMTY0ZDM1YTdjOWQwNjE4YjE5MGRlNCIsInVzZXJfaWQiOjF9.buyVg2HrNXnnkiIukW6_rmdzOlUeRjrhvO8bTjLGTtc	2024-10-25 06:16:43.614401+00	2024-10-26 06:16:43+00	1	d2ce7a1702164d35a7c9d0618b190de4
89	eyJhbGciOiJIUzI1NiIsInR5cCI6IkpXVCJ9.eyJ0b2tlbl90eXBlIjoicmVmcmVzaCIsImV4cCI6MTcyOTk0NDc4NywiaWF0IjoxNzI5ODU4Mzg3LCJqdGkiOiIyZGY2OGY3NGY3MWQ0YmUyYTA5MDZhODM5NTVhNjEyZSIsInVzZXJfaWQiOjF9.buZE29obHhLBsNdrygJ0UjHakv1cnqnG1W4xwmoINr8	2024-10-25 12:13:07.411483+00	2024-10-26 12:13:07+00	1	2df68f74f71d4be2a0906a83955a612e
90	eyJhbGciOiJIUzI1NiIsInR5cCI6IkpXVCJ9.eyJ0b2tlbl90eXBlIjoicmVmcmVzaCIsImV4cCI6MTcyOTk0NDc4NywiaWF0IjoxNzI5ODU4Mzg3LCJqdGkiOiI2NGNiNGRjM2U3NTI0MWI4YjE4YTk0MDQ2Yjg4MWI2NyIsInVzZXJfaWQiOjF9.lQEqnMWBTk74Fb0PIEru8CMX-q21nmjur6dx1_gZ0ig	2024-10-25 12:13:07.432273+00	2024-10-26 12:13:07+00	1	64cb4dc3e75241b8b18a94046b881b67
91	eyJhbGciOiJIUzI1NiIsInR5cCI6IkpXVCJ9.eyJ0b2tlbl90eXBlIjoicmVmcmVzaCIsImV4cCI6MTcyOTk0NTExMywiaWF0IjoxNzI5ODU4NzEzLCJqdGkiOiJmNmQ0ZGI5Mzk1MmQ0ZDNkOWI1OGVhYjJlMTA0NmI1NyIsInVzZXJfaWQiOjF9.J9ilF6QDnB_XIxLa4l8LSo7YObjuP-zUqsb88WP_tlk	2024-10-25 12:18:33.812402+00	2024-10-26 12:18:33+00	1	f6d4db93952d4d3d9b58eab2e1046b57
92	eyJhbGciOiJIUzI1NiIsInR5cCI6IkpXVCJ9.eyJ0b2tlbl90eXBlIjoicmVmcmVzaCIsImV4cCI6MTcyOTk0NTExMywiaWF0IjoxNzI5ODU4NzEzLCJqdGkiOiJiZjE1NWY5OTg3OTA0MzQ0OWM0MDg2NmQ1Njk4NDcwZSIsInVzZXJfaWQiOjF9.h4uUle_vUHgXgwbzIn8MX6kDsWTLioi2SpLRL7bvPA0	2024-10-25 12:18:33.81892+00	2024-10-26 12:18:33+00	1	bf155f99879043449c40866d5698470e
93	eyJhbGciOiJIUzI1NiIsInR5cCI6IkpXVCJ9.eyJ0b2tlbl90eXBlIjoicmVmcmVzaCIsImV4cCI6MTcyOTk0NTQ2NCwiaWF0IjoxNzI5ODU5MDY0LCJqdGkiOiIwZGRmOGJiNDFlOTI0MjM4OWM4NjkxMTUxNjY5NTY4MiIsInVzZXJfaWQiOjF9.3DInyN0sZ48l9VOItjbZ9_vj8kTV9EUWJwVVPn3LBxg	2024-10-25 12:24:24.793041+00	2024-10-26 12:24:24+00	1	0ddf8bb41e9242389c86911516695682
94	eyJhbGciOiJIUzI1NiIsInR5cCI6IkpXVCJ9.eyJ0b2tlbl90eXBlIjoicmVmcmVzaCIsImV4cCI6MTcyOTk0NTQ2NCwiaWF0IjoxNzI5ODU5MDY0LCJqdGkiOiIxMWU5Y2ViMTkyMzQ0MTFlYjYzNTQ0ZWYxZjhjOTcwNyIsInVzZXJfaWQiOjF9.LvoJ9ZCWMCuBv-00o7nUCIm0agtkQHBVUS84FxWaIv8	2024-10-25 12:24:24.798815+00	2024-10-26 12:24:24+00	1	11e9ceb19234411eb63544ef1f8c9707
95	eyJhbGciOiJIUzI1NiIsInR5cCI6IkpXVCJ9.eyJ0b2tlbl90eXBlIjoicmVmcmVzaCIsImV4cCI6MTczMDAxMzA1MywiaWF0IjoxNzI5OTI2NjUzLCJqdGkiOiJkM2Y4YzA4ZjM1MGM0NjgyYmFkZWVmZWQzODBjMzg2MSIsInVzZXJfaWQiOjF9.W7YISgnXfm8nj2ciOxH2p4ExmFzOPdHBDgPTcQMQk6w	2024-10-26 07:10:53.328889+00	2024-10-27 07:10:53+00	1	d3f8c08f350c4682badeefed380c3861
96	eyJhbGciOiJIUzI1NiIsInR5cCI6IkpXVCJ9.eyJ0b2tlbl90eXBlIjoicmVmcmVzaCIsImV4cCI6MTczMDAxMzA1MywiaWF0IjoxNzI5OTI2NjUzLCJqdGkiOiI4YmY2NDg1OGU0ZDE0NjRjYTllNTFiNGQzNTQ2YTcyYiIsInVzZXJfaWQiOjF9.0WGdojavsi5bcIDvPXx7SD0P6AjVLKuAO7mgKqow7sM	2024-10-26 07:10:53.335848+00	2024-10-27 07:10:53+00	1	8bf64858e4d1464ca9e51b4d3546a72b
97	eyJhbGciOiJIUzI1NiIsInR5cCI6IkpXVCJ9.eyJ0b2tlbl90eXBlIjoicmVmcmVzaCIsImV4cCI6MTczMDAzMzY0MCwiaWF0IjoxNzI5OTQ3MjQwLCJqdGkiOiIyZjNlNmQ3ZDFjNjM0MTIxYWMwZDFiYzMyMzE1Mzc0ZCIsInVzZXJfaWQiOjF9.aloTHJ4x9fLweG0LYUMp5gvDkOiqTY3G1yIbsle-4n4	2024-10-26 12:54:00.559914+00	2024-10-27 12:54:00+00	1	2f3e6d7d1c634121ac0d1bc32315374d
98	eyJhbGciOiJIUzI1NiIsInR5cCI6IkpXVCJ9.eyJ0b2tlbl90eXBlIjoicmVmcmVzaCIsImV4cCI6MTczMDAzMzY0MCwiaWF0IjoxNzI5OTQ3MjQwLCJqdGkiOiI3NWYwYzQ0ZTE5ZTQ0NmMyODhjYzQyNTBiYzYwMGVhNyIsInVzZXJfaWQiOjF9.tg1Tkhzj5yro4o2bYXM98e4PCo_agrShfARnlY02uyQ	2024-10-26 12:54:00.692929+00	2024-10-27 12:54:00+00	1	75f0c44e19e446c288cc4250bc600ea7
99	eyJhbGciOiJIUzI1NiIsInR5cCI6IkpXVCJ9.eyJ0b2tlbl90eXBlIjoicmVmcmVzaCIsImV4cCI6MTczMDA2NTc0MywiaWF0IjoxNzI5OTc5MzQzLCJqdGkiOiJiZDgxZDg5OTgyNGY0MjY3ODFmYjlhNzNjYjI4NDcxZSIsInVzZXJfaWQiOjF9.h-SDQpyD067QkASBcKNjjUqeY8d_JAlO6r9YWtVYHHA	2024-10-26 21:49:03.12194+00	2024-10-27 21:49:03+00	1	bd81d899824f426781fb9a73cb28471e
100	eyJhbGciOiJIUzI1NiIsInR5cCI6IkpXVCJ9.eyJ0b2tlbl90eXBlIjoicmVmcmVzaCIsImV4cCI6MTczMDA2NTc0MywiaWF0IjoxNzI5OTc5MzQzLCJqdGkiOiI4MmIwNzNlMzJhMzI0YmQwODA0ZTQ4YWU4NTBiZTIzZCIsInVzZXJfaWQiOjF9.Co7APeTSByBOJqkeg7ePjL14L04QsfjImweFK8HwL1o	2024-10-26 21:49:03.12902+00	2024-10-27 21:49:03+00	1	82b073e32a324bd0804e48ae850be23d
101	eyJhbGciOiJIUzI1NiIsInR5cCI6IkpXVCJ9.eyJ0b2tlbl90eXBlIjoicmVmcmVzaCIsImV4cCI6MTczMDA4MTQ1MywiaWF0IjoxNzI5OTk1MDUzLCJqdGkiOiJiYzYwNTkzOTk3MDI0MzFiYjNlY2YyZDAxZDg1M2UwYSIsInVzZXJfaWQiOjF9.cbQ-uX-6wfwdpKN9oGbmMeMi8aBkYp2s_R-v0hMmUxM	2024-10-27 02:10:53.124462+00	2024-10-28 02:10:53+00	1	bc6059399702431bb3ecf2d01d853e0a
102	eyJhbGciOiJIUzI1NiIsInR5cCI6IkpXVCJ9.eyJ0b2tlbl90eXBlIjoicmVmcmVzaCIsImV4cCI6MTczMDA4MTQ1MywiaWF0IjoxNzI5OTk1MDUzLCJqdGkiOiJlZWI5N2IzZTRhZTU0M2FlOGQ0MzNkNmRmNzhkN2UzMiIsInVzZXJfaWQiOjF9.M274UDNwwY4GME1hfDkUrCMv4fyoalLSJvqDd83vcp4	2024-10-27 02:10:53.131694+00	2024-10-28 02:10:53+00	1	eeb97b3e4ae543ae8d433d6df78d7e32
\.


--
-- Name: accounts_customuser_groups_id_seq; Type: SEQUENCE SET; Schema: public; Owner: postgres
--

SELECT pg_catalog.setval('public.accounts_customuser_groups_id_seq', 1, false);


--
-- Name: accounts_customuser_id_seq; Type: SEQUENCE SET; Schema: public; Owner: postgres
--

SELECT pg_catalog.setval('public.accounts_customuser_id_seq', 1, true);


--
-- Name: accounts_customuser_user_permissions_id_seq; Type: SEQUENCE SET; Schema: public; Owner: postgres
--

SELECT pg_catalog.setval('public.accounts_customuser_user_permissions_id_seq', 1, false);


--
-- Name: accounts_organization_id_seq; Type: SEQUENCE SET; Schema: public; Owner: postgres
--

SELECT pg_catalog.setval('public.accounts_organization_id_seq', 1, false);


--
-- Name: annotation_annotation_id_seq; Type: SEQUENCE SET; Schema: public; Owner: postgres
--

SELECT pg_catalog.setval('public.annotation_annotation_id_seq', 194, true);


--
-- Name: annotation_annotationform_id_seq; Type: SEQUENCE SET; Schema: public; Owner: postgres
--

SELECT pg_catalog.setval('public.annotation_annotationform_id_seq', 1, true);


--
-- Name: annotation_annotationimage_id_seq; Type: SEQUENCE SET; Schema: public; Owner: postgres
--

SELECT pg_catalog.setval('public.annotation_annotationimage_id_seq', 38, true);


--
-- Name: annotation_coordinates_id_seq; Type: SEQUENCE SET; Schema: public; Owner: postgres
--

SELECT pg_catalog.setval('public.annotation_coordinates_id_seq', 539, true);


--
-- Name: annotation_file_id_seq; Type: SEQUENCE SET; Schema: public; Owner: postgres
--

SELECT pg_catalog.setval('public.annotation_file_id_seq', 39, true);


--
-- Name: annotation_location_id_seq; Type: SEQUENCE SET; Schema: public; Owner: postgres
--

SELECT pg_catalog.setval('public.annotation_location_id_seq', 536, true);


--
-- Name: auth_group_id_seq; Type: SEQUENCE SET; Schema: public; Owner: postgres
--

SELECT pg_catalog.setval('public.auth_group_id_seq', 1, false);


--
-- Name: auth_group_permissions_id_seq; Type: SEQUENCE SET; Schema: public; Owner: postgres
--

SELECT pg_catalog.setval('public.auth_group_permissions_id_seq', 1, false);


--
-- Name: auth_permission_id_seq; Type: SEQUENCE SET; Schema: public; Owner: postgres
--

SELECT pg_catalog.setval('public.auth_permission_id_seq', 60, true);


--
-- Name: django_admin_log_id_seq; Type: SEQUENCE SET; Schema: public; Owner: postgres
--

SELECT pg_catalog.setval('public.django_admin_log_id_seq', 7, true);


--
-- Name: django_content_type_id_seq; Type: SEQUENCE SET; Schema: public; Owner: postgres
--

SELECT pg_catalog.setval('public.django_content_type_id_seq', 15, true);


--
-- Name: django_migrations_id_seq; Type: SEQUENCE SET; Schema: public; Owner: postgres
--

SELECT pg_catalog.setval('public.django_migrations_id_seq', 43, true);


--
-- Name: token_blacklist_blacklistedtoken_id_seq; Type: SEQUENCE SET; Schema: public; Owner: postgres
--

SELECT pg_catalog.setval('public.token_blacklist_blacklistedtoken_id_seq', 1, false);


--
-- Name: token_blacklist_outstandingtoken_id_seq; Type: SEQUENCE SET; Schema: public; Owner: postgres
--

SELECT pg_catalog.setval('public.token_blacklist_outstandingtoken_id_seq', 102, true);


--
-- Name: accounts_customuser_groups accounts_customuser_groups_customuser_id_group_id_c074bdcb_uniq; Type: CONSTRAINT; Schema: public; Owner: postgres
--

ALTER TABLE ONLY public.accounts_customuser_groups
    ADD CONSTRAINT accounts_customuser_groups_customuser_id_group_id_c074bdcb_uniq UNIQUE (customuser_id, group_id);


--
-- Name: accounts_customuser_groups accounts_customuser_groups_pkey; Type: CONSTRAINT; Schema: public; Owner: postgres
--

ALTER TABLE ONLY public.accounts_customuser_groups
    ADD CONSTRAINT accounts_customuser_groups_pkey PRIMARY KEY (id);


--
-- Name: accounts_customuser accounts_customuser_pkey; Type: CONSTRAINT; Schema: public; Owner: postgres
--

ALTER TABLE ONLY public.accounts_customuser
    ADD CONSTRAINT accounts_customuser_pkey PRIMARY KEY (id);


--
-- Name: accounts_customuser_user_permissions accounts_customuser_user_customuser_id_permission_9632a709_uniq; Type: CONSTRAINT; Schema: public; Owner: postgres
--

ALTER TABLE ONLY public.accounts_customuser_user_permissions
    ADD CONSTRAINT accounts_customuser_user_customuser_id_permission_9632a709_uniq UNIQUE (customuser_id, permission_id);


--
-- Name: accounts_customuser_user_permissions accounts_customuser_user_permissions_pkey; Type: CONSTRAINT; Schema: public; Owner: postgres
--

ALTER TABLE ONLY public.accounts_customuser_user_permissions
    ADD CONSTRAINT accounts_customuser_user_permissions_pkey PRIMARY KEY (id);


--
-- Name: accounts_customuser accounts_customuser_username_key; Type: CONSTRAINT; Schema: public; Owner: postgres
--

ALTER TABLE ONLY public.accounts_customuser
    ADD CONSTRAINT accounts_customuser_username_key UNIQUE (username);


--
-- Name: accounts_organization accounts_organization_pkey; Type: CONSTRAINT; Schema: public; Owner: postgres
--

ALTER TABLE ONLY public.accounts_organization
    ADD CONSTRAINT accounts_organization_pkey PRIMARY KEY (id);


--
-- Name: annotation_annotation annotation_annotation_pkey; Type: CONSTRAINT; Schema: public; Owner: postgres
--

ALTER TABLE ONLY public.annotation_annotation
    ADD CONSTRAINT annotation_annotation_pkey PRIMARY KEY (id);


--
-- Name: annotation_annotationform annotation_annotationform_pkey; Type: CONSTRAINT; Schema: public; Owner: postgres
--

ALTER TABLE ONLY public.annotation_annotationform
    ADD CONSTRAINT annotation_annotationform_pkey PRIMARY KEY (id);


--
-- Name: annotation_annotationimage annotation_annotationimage_pkey; Type: CONSTRAINT; Schema: public; Owner: postgres
--

ALTER TABLE ONLY public.annotation_annotationimage
    ADD CONSTRAINT annotation_annotationimage_pkey PRIMARY KEY (id);


--
-- Name: annotation_coordinates annotation_coordinates_latitude_longitude_23b02753_uniq; Type: CONSTRAINT; Schema: public; Owner: postgres
--

ALTER TABLE ONLY public.annotation_coordinates
    ADD CONSTRAINT annotation_coordinates_latitude_longitude_23b02753_uniq UNIQUE (latitude, longitude);


--
-- Name: annotation_coordinates annotation_coordinates_pkey; Type: CONSTRAINT; Schema: public; Owner: postgres
--

ALTER TABLE ONLY public.annotation_coordinates
    ADD CONSTRAINT annotation_coordinates_pkey PRIMARY KEY (id);


--
-- Name: annotation_file annotation_file_pkey; Type: CONSTRAINT; Schema: public; Owner: postgres
--

ALTER TABLE ONLY public.annotation_file
    ADD CONSTRAINT annotation_file_pkey PRIMARY KEY (id);


--
-- Name: annotation_location annotation_location_pkey; Type: CONSTRAINT; Schema: public; Owner: postgres
--

ALTER TABLE ONLY public.annotation_location
    ADD CONSTRAINT annotation_location_pkey PRIMARY KEY (id);


--
-- Name: annotation_location annotation_location_start_coordinates_id_end_374e04b4_uniq; Type: CONSTRAINT; Schema: public; Owner: postgres
--

ALTER TABLE ONLY public.annotation_location
    ADD CONSTRAINT annotation_location_start_coordinates_id_end_374e04b4_uniq UNIQUE (start_coordinates_id, end_coordinates_id);


--
-- Name: auth_group auth_group_name_key; Type: CONSTRAINT; Schema: public; Owner: postgres
--

ALTER TABLE ONLY public.auth_group
    ADD CONSTRAINT auth_group_name_key UNIQUE (name);


--
-- Name: auth_group_permissions auth_group_permissions_group_id_permission_id_0cd325b0_uniq; Type: CONSTRAINT; Schema: public; Owner: postgres
--

ALTER TABLE ONLY public.auth_group_permissions
    ADD CONSTRAINT auth_group_permissions_group_id_permission_id_0cd325b0_uniq UNIQUE (group_id, permission_id);


--
-- Name: auth_group_permissions auth_group_permissions_pkey; Type: CONSTRAINT; Schema: public; Owner: postgres
--

ALTER TABLE ONLY public.auth_group_permissions
    ADD CONSTRAINT auth_group_permissions_pkey PRIMARY KEY (id);


--
-- Name: auth_group auth_group_pkey; Type: CONSTRAINT; Schema: public; Owner: postgres
--

ALTER TABLE ONLY public.auth_group
    ADD CONSTRAINT auth_group_pkey PRIMARY KEY (id);


--
-- Name: auth_permission auth_permission_content_type_id_codename_01ab375a_uniq; Type: CONSTRAINT; Schema: public; Owner: postgres
--

ALTER TABLE ONLY public.auth_permission
    ADD CONSTRAINT auth_permission_content_type_id_codename_01ab375a_uniq UNIQUE (content_type_id, codename);


--
-- Name: auth_permission auth_permission_pkey; Type: CONSTRAINT; Schema: public; Owner: postgres
--

ALTER TABLE ONLY public.auth_permission
    ADD CONSTRAINT auth_permission_pkey PRIMARY KEY (id);


--
-- Name: django_admin_log django_admin_log_pkey; Type: CONSTRAINT; Schema: public; Owner: postgres
--

ALTER TABLE ONLY public.django_admin_log
    ADD CONSTRAINT django_admin_log_pkey PRIMARY KEY (id);


--
-- Name: django_content_type django_content_type_app_label_model_76bd3d3b_uniq; Type: CONSTRAINT; Schema: public; Owner: postgres
--

ALTER TABLE ONLY public.django_content_type
    ADD CONSTRAINT django_content_type_app_label_model_76bd3d3b_uniq UNIQUE (app_label, model);


--
-- Name: django_content_type django_content_type_pkey; Type: CONSTRAINT; Schema: public; Owner: postgres
--

ALTER TABLE ONLY public.django_content_type
    ADD CONSTRAINT django_content_type_pkey PRIMARY KEY (id);


--
-- Name: django_migrations django_migrations_pkey; Type: CONSTRAINT; Schema: public; Owner: postgres
--

ALTER TABLE ONLY public.django_migrations
    ADD CONSTRAINT django_migrations_pkey PRIMARY KEY (id);


--
-- Name: django_session django_session_pkey; Type: CONSTRAINT; Schema: public; Owner: postgres
--

ALTER TABLE ONLY public.django_session
    ADD CONSTRAINT django_session_pkey PRIMARY KEY (session_key);


--
-- Name: token_blacklist_blacklistedtoken token_blacklist_blacklistedtoken_pkey; Type: CONSTRAINT; Schema: public; Owner: postgres
--

ALTER TABLE ONLY public.token_blacklist_blacklistedtoken
    ADD CONSTRAINT token_blacklist_blacklistedtoken_pkey PRIMARY KEY (id);


--
-- Name: token_blacklist_blacklistedtoken token_blacklist_blacklistedtoken_token_id_key; Type: CONSTRAINT; Schema: public; Owner: postgres
--

ALTER TABLE ONLY public.token_blacklist_blacklistedtoken
    ADD CONSTRAINT token_blacklist_blacklistedtoken_token_id_key UNIQUE (token_id);


--
-- Name: token_blacklist_outstandingtoken token_blacklist_outstandingtoken_jti_hex_d9bdf6f7_uniq; Type: CONSTRAINT; Schema: public; Owner: postgres
--

ALTER TABLE ONLY public.token_blacklist_outstandingtoken
    ADD CONSTRAINT token_blacklist_outstandingtoken_jti_hex_d9bdf6f7_uniq UNIQUE (jti);


--
-- Name: token_blacklist_outstandingtoken token_blacklist_outstandingtoken_pkey; Type: CONSTRAINT; Schema: public; Owner: postgres
--

ALTER TABLE ONLY public.token_blacklist_outstandingtoken
    ADD CONSTRAINT token_blacklist_outstandingtoken_pkey PRIMARY KEY (id);


--
-- Name: accounts_customuser_groups_customuser_id_bc55088e; Type: INDEX; Schema: public; Owner: postgres
--

CREATE INDEX accounts_customuser_groups_customuser_id_bc55088e ON public.accounts_customuser_groups USING btree (customuser_id);


--
-- Name: accounts_customuser_groups_group_id_86ba5f9e; Type: INDEX; Schema: public; Owner: postgres
--

CREATE INDEX accounts_customuser_groups_group_id_86ba5f9e ON public.accounts_customuser_groups USING btree (group_id);


--
-- Name: accounts_customuser_organization_id_449a696f; Type: INDEX; Schema: public; Owner: postgres
--

CREATE INDEX accounts_customuser_organization_id_449a696f ON public.accounts_customuser USING btree (organization_id);


--
-- Name: accounts_customuser_profile_picture_id_46d47d9a; Type: INDEX; Schema: public; Owner: postgres
--

CREATE INDEX accounts_customuser_profile_picture_id_46d47d9a ON public.accounts_customuser USING btree (profile_picture_id);


--
-- Name: accounts_customuser_user_permissions_customuser_id_0deaefae; Type: INDEX; Schema: public; Owner: postgres
--

CREATE INDEX accounts_customuser_user_permissions_customuser_id_0deaefae ON public.accounts_customuser_user_permissions USING btree (customuser_id);


--
-- Name: accounts_customuser_user_permissions_permission_id_aea3d0e5; Type: INDEX; Schema: public; Owner: postgres
--

CREATE INDEX accounts_customuser_user_permissions_permission_id_aea3d0e5 ON public.accounts_customuser_user_permissions USING btree (permission_id);


--
-- Name: accounts_customuser_username_722f3555_like; Type: INDEX; Schema: public; Owner: postgres
--

CREATE INDEX accounts_customuser_username_722f3555_like ON public.accounts_customuser USING btree (username varchar_pattern_ops);


--
-- Name: accounts_organization_profile_picture_id_54737dfb; Type: INDEX; Schema: public; Owner: postgres
--

CREATE INDEX accounts_organization_profile_picture_id_54737dfb ON public.accounts_organization USING btree (profile_picture_id);


--
-- Name: annotation_annotation_annotator_id_d682a217; Type: INDEX; Schema: public; Owner: postgres
--

CREATE INDEX annotation_annotation_annotator_id_d682a217 ON public.annotation_annotation USING btree (annotator_id);


--
-- Name: annotation_annotation_coordinates_id_cb76ec81; Type: INDEX; Schema: public; Owner: postgres
--

CREATE INDEX annotation_annotation_coordinates_id_cb76ec81 ON public.annotation_annotation USING btree (coordinates_id);


--
-- Name: annotation_annotation_form_template_id_68ff12c7; Type: INDEX; Schema: public; Owner: postgres
--

CREATE INDEX annotation_annotation_form_template_id_68ff12c7 ON public.annotation_annotation USING btree (form_template_id);


--
-- Name: annotation_annotation_location_id_ce6a0b3d; Type: INDEX; Schema: public; Owner: postgres
--

CREATE INDEX annotation_annotation_location_id_ce6a0b3d ON public.annotation_annotation USING btree (location_id);


--
-- Name: annotation_annotationimage_annotation_id_fbb1b387; Type: INDEX; Schema: public; Owner: postgres
--

CREATE INDEX annotation_annotationimage_annotation_id_fbb1b387 ON public.annotation_annotationimage USING btree (annotation_id);


--
-- Name: annotation_annotationimage_file_id_0c91cd9e; Type: INDEX; Schema: public; Owner: postgres
--

CREATE INDEX annotation_annotationimage_file_id_0c91cd9e ON public.annotation_annotationimage USING btree (file_id);


--
-- Name: annotation_location_end_coordinates_id_9b84f2c8; Type: INDEX; Schema: public; Owner: postgres
--

CREATE INDEX annotation_location_end_coordinates_id_9b84f2c8 ON public.annotation_location USING btree (end_coordinates_id);


--
-- Name: annotation_location_start_coordinates_id_67131a2e; Type: INDEX; Schema: public; Owner: postgres
--

CREATE INDEX annotation_location_start_coordinates_id_67131a2e ON public.annotation_location USING btree (start_coordinates_id);


--
-- Name: auth_group_name_a6ea08ec_like; Type: INDEX; Schema: public; Owner: postgres
--

CREATE INDEX auth_group_name_a6ea08ec_like ON public.auth_group USING btree (name varchar_pattern_ops);


--
-- Name: auth_group_permissions_group_id_b120cbf9; Type: INDEX; Schema: public; Owner: postgres
--

CREATE INDEX auth_group_permissions_group_id_b120cbf9 ON public.auth_group_permissions USING btree (group_id);


--
-- Name: auth_group_permissions_permission_id_84c5c92e; Type: INDEX; Schema: public; Owner: postgres
--

CREATE INDEX auth_group_permissions_permission_id_84c5c92e ON public.auth_group_permissions USING btree (permission_id);


--
-- Name: auth_permission_content_type_id_2f476e4b; Type: INDEX; Schema: public; Owner: postgres
--

CREATE INDEX auth_permission_content_type_id_2f476e4b ON public.auth_permission USING btree (content_type_id);


--
-- Name: django_admin_log_content_type_id_c4bce8eb; Type: INDEX; Schema: public; Owner: postgres
--

CREATE INDEX django_admin_log_content_type_id_c4bce8eb ON public.django_admin_log USING btree (content_type_id);


--
-- Name: django_admin_log_user_id_c564eba6; Type: INDEX; Schema: public; Owner: postgres
--

CREATE INDEX django_admin_log_user_id_c564eba6 ON public.django_admin_log USING btree (user_id);


--
-- Name: django_session_expire_date_a5c62663; Type: INDEX; Schema: public; Owner: postgres
--

CREATE INDEX django_session_expire_date_a5c62663 ON public.django_session USING btree (expire_date);


--
-- Name: django_session_session_key_c0390e0f_like; Type: INDEX; Schema: public; Owner: postgres
--

CREATE INDEX django_session_session_key_c0390e0f_like ON public.django_session USING btree (session_key varchar_pattern_ops);


--
-- Name: token_blacklist_outstandingtoken_jti_hex_d9bdf6f7_like; Type: INDEX; Schema: public; Owner: postgres
--

CREATE INDEX token_blacklist_outstandingtoken_jti_hex_d9bdf6f7_like ON public.token_blacklist_outstandingtoken USING btree (jti varchar_pattern_ops);


--
-- Name: token_blacklist_outstandingtoken_user_id_83bc629a; Type: INDEX; Schema: public; Owner: postgres
--

CREATE INDEX token_blacklist_outstandingtoken_user_id_83bc629a ON public.token_blacklist_outstandingtoken USING btree (user_id);


--
-- Name: accounts_customuser_user_permissions accounts_customuser__customuser_id_0deaefae_fk_accounts_; Type: FK CONSTRAINT; Schema: public; Owner: postgres
--

ALTER TABLE ONLY public.accounts_customuser_user_permissions
    ADD CONSTRAINT accounts_customuser__customuser_id_0deaefae_fk_accounts_ FOREIGN KEY (customuser_id) REFERENCES public.accounts_customuser(id) DEFERRABLE INITIALLY DEFERRED;


--
-- Name: accounts_customuser_groups accounts_customuser__customuser_id_bc55088e_fk_accounts_; Type: FK CONSTRAINT; Schema: public; Owner: postgres
--

ALTER TABLE ONLY public.accounts_customuser_groups
    ADD CONSTRAINT accounts_customuser__customuser_id_bc55088e_fk_accounts_ FOREIGN KEY (customuser_id) REFERENCES public.accounts_customuser(id) DEFERRABLE INITIALLY DEFERRED;


--
-- Name: accounts_customuser_user_permissions accounts_customuser__permission_id_aea3d0e5_fk_auth_perm; Type: FK CONSTRAINT; Schema: public; Owner: postgres
--

ALTER TABLE ONLY public.accounts_customuser_user_permissions
    ADD CONSTRAINT accounts_customuser__permission_id_aea3d0e5_fk_auth_perm FOREIGN KEY (permission_id) REFERENCES public.auth_permission(id) DEFERRABLE INITIALLY DEFERRED;


--
-- Name: accounts_customuser_groups accounts_customuser_groups_group_id_86ba5f9e_fk_auth_group_id; Type: FK CONSTRAINT; Schema: public; Owner: postgres
--

ALTER TABLE ONLY public.accounts_customuser_groups
    ADD CONSTRAINT accounts_customuser_groups_group_id_86ba5f9e_fk_auth_group_id FOREIGN KEY (group_id) REFERENCES public.auth_group(id) DEFERRABLE INITIALLY DEFERRED;


--
-- Name: accounts_customuser accounts_customuser_organization_id_449a696f_fk_accounts_; Type: FK CONSTRAINT; Schema: public; Owner: postgres
--

ALTER TABLE ONLY public.accounts_customuser
    ADD CONSTRAINT accounts_customuser_organization_id_449a696f_fk_accounts_ FOREIGN KEY (organization_id) REFERENCES public.accounts_organization(id) DEFERRABLE INITIALLY DEFERRED;


--
-- Name: accounts_customuser accounts_customuser_profile_picture_id_46d47d9a_fk_annotatio; Type: FK CONSTRAINT; Schema: public; Owner: postgres
--

ALTER TABLE ONLY public.accounts_customuser
    ADD CONSTRAINT accounts_customuser_profile_picture_id_46d47d9a_fk_annotatio FOREIGN KEY (profile_picture_id) REFERENCES public.annotation_file(id) DEFERRABLE INITIALLY DEFERRED;


--
-- Name: accounts_organization accounts_organizatio_profile_picture_id_54737dfb_fk_annotatio; Type: FK CONSTRAINT; Schema: public; Owner: postgres
--

ALTER TABLE ONLY public.accounts_organization
    ADD CONSTRAINT accounts_organizatio_profile_picture_id_54737dfb_fk_annotatio FOREIGN KEY (profile_picture_id) REFERENCES public.annotation_file(id) DEFERRABLE INITIALLY DEFERRED;


--
-- Name: annotation_annotationimage annotation_annotatio_annotation_id_fbb1b387_fk_annotatio; Type: FK CONSTRAINT; Schema: public; Owner: postgres
--

ALTER TABLE ONLY public.annotation_annotationimage
    ADD CONSTRAINT annotation_annotatio_annotation_id_fbb1b387_fk_annotatio FOREIGN KEY (annotation_id) REFERENCES public.annotation_annotation(id) DEFERRABLE INITIALLY DEFERRED;


--
-- Name: annotation_annotation annotation_annotatio_annotator_id_d682a217_fk_accounts_; Type: FK CONSTRAINT; Schema: public; Owner: postgres
--

ALTER TABLE ONLY public.annotation_annotation
    ADD CONSTRAINT annotation_annotatio_annotator_id_d682a217_fk_accounts_ FOREIGN KEY (annotator_id) REFERENCES public.accounts_customuser(id) DEFERRABLE INITIALLY DEFERRED;


--
-- Name: annotation_annotation annotation_annotatio_coordinates_id_cb76ec81_fk_annotatio; Type: FK CONSTRAINT; Schema: public; Owner: postgres
--

ALTER TABLE ONLY public.annotation_annotation
    ADD CONSTRAINT annotation_annotatio_coordinates_id_cb76ec81_fk_annotatio FOREIGN KEY (coordinates_id) REFERENCES public.annotation_coordinates(id) DEFERRABLE INITIALLY DEFERRED;


--
-- Name: annotation_annotationimage annotation_annotatio_file_id_0c91cd9e_fk_annotatio; Type: FK CONSTRAINT; Schema: public; Owner: postgres
--

ALTER TABLE ONLY public.annotation_annotationimage
    ADD CONSTRAINT annotation_annotatio_file_id_0c91cd9e_fk_annotatio FOREIGN KEY (file_id) REFERENCES public.annotation_file(id) DEFERRABLE INITIALLY DEFERRED;


--
-- Name: annotation_annotation annotation_annotatio_form_template_id_68ff12c7_fk_annotatio; Type: FK CONSTRAINT; Schema: public; Owner: postgres
--

ALTER TABLE ONLY public.annotation_annotation
    ADD CONSTRAINT annotation_annotatio_form_template_id_68ff12c7_fk_annotatio FOREIGN KEY (form_template_id) REFERENCES public.annotation_annotationform(id) DEFERRABLE INITIALLY DEFERRED;


--
-- Name: annotation_annotation annotation_annotatio_location_id_ce6a0b3d_fk_annotatio; Type: FK CONSTRAINT; Schema: public; Owner: postgres
--

ALTER TABLE ONLY public.annotation_annotation
    ADD CONSTRAINT annotation_annotatio_location_id_ce6a0b3d_fk_annotatio FOREIGN KEY (location_id) REFERENCES public.annotation_location(id) DEFERRABLE INITIALLY DEFERRED;


--
-- Name: annotation_location annotation_location_end_coordinates_id_9b84f2c8_fk_annotatio; Type: FK CONSTRAINT; Schema: public; Owner: postgres
--

ALTER TABLE ONLY public.annotation_location
    ADD CONSTRAINT annotation_location_end_coordinates_id_9b84f2c8_fk_annotatio FOREIGN KEY (end_coordinates_id) REFERENCES public.annotation_coordinates(id) DEFERRABLE INITIALLY DEFERRED;


--
-- Name: annotation_location annotation_location_start_coordinates_id_67131a2e_fk_annotatio; Type: FK CONSTRAINT; Schema: public; Owner: postgres
--

ALTER TABLE ONLY public.annotation_location
    ADD CONSTRAINT annotation_location_start_coordinates_id_67131a2e_fk_annotatio FOREIGN KEY (start_coordinates_id) REFERENCES public.annotation_coordinates(id) DEFERRABLE INITIALLY DEFERRED;


--
-- Name: auth_group_permissions auth_group_permissio_permission_id_84c5c92e_fk_auth_perm; Type: FK CONSTRAINT; Schema: public; Owner: postgres
--

ALTER TABLE ONLY public.auth_group_permissions
    ADD CONSTRAINT auth_group_permissio_permission_id_84c5c92e_fk_auth_perm FOREIGN KEY (permission_id) REFERENCES public.auth_permission(id) DEFERRABLE INITIALLY DEFERRED;


--
-- Name: auth_group_permissions auth_group_permissions_group_id_b120cbf9_fk_auth_group_id; Type: FK CONSTRAINT; Schema: public; Owner: postgres
--

ALTER TABLE ONLY public.auth_group_permissions
    ADD CONSTRAINT auth_group_permissions_group_id_b120cbf9_fk_auth_group_id FOREIGN KEY (group_id) REFERENCES public.auth_group(id) DEFERRABLE INITIALLY DEFERRED;


--
-- Name: auth_permission auth_permission_content_type_id_2f476e4b_fk_django_co; Type: FK CONSTRAINT; Schema: public; Owner: postgres
--

ALTER TABLE ONLY public.auth_permission
    ADD CONSTRAINT auth_permission_content_type_id_2f476e4b_fk_django_co FOREIGN KEY (content_type_id) REFERENCES public.django_content_type(id) DEFERRABLE INITIALLY DEFERRED;


--
-- Name: django_admin_log django_admin_log_content_type_id_c4bce8eb_fk_django_co; Type: FK CONSTRAINT; Schema: public; Owner: postgres
--

ALTER TABLE ONLY public.django_admin_log
    ADD CONSTRAINT django_admin_log_content_type_id_c4bce8eb_fk_django_co FOREIGN KEY (content_type_id) REFERENCES public.django_content_type(id) DEFERRABLE INITIALLY DEFERRED;


--
-- Name: django_admin_log django_admin_log_user_id_c564eba6_fk_accounts_customuser_id; Type: FK CONSTRAINT; Schema: public; Owner: postgres
--

ALTER TABLE ONLY public.django_admin_log
    ADD CONSTRAINT django_admin_log_user_id_c564eba6_fk_accounts_customuser_id FOREIGN KEY (user_id) REFERENCES public.accounts_customuser(id) DEFERRABLE INITIALLY DEFERRED;


--
-- Name: token_blacklist_blacklistedtoken token_blacklist_blacklistedtoken_token_id_3cc7fe56_fk; Type: FK CONSTRAINT; Schema: public; Owner: postgres
--

ALTER TABLE ONLY public.token_blacklist_blacklistedtoken
    ADD CONSTRAINT token_blacklist_blacklistedtoken_token_id_3cc7fe56_fk FOREIGN KEY (token_id) REFERENCES public.token_blacklist_outstandingtoken(id) DEFERRABLE INITIALLY DEFERRED;


--
-- Name: token_blacklist_outstandingtoken token_blacklist_outs_user_id_83bc629a_fk_accounts_; Type: FK CONSTRAINT; Schema: public; Owner: postgres
--

ALTER TABLE ONLY public.token_blacklist_outstandingtoken
    ADD CONSTRAINT token_blacklist_outs_user_id_83bc629a_fk_accounts_ FOREIGN KEY (user_id) REFERENCES public.accounts_customuser(id) DEFERRABLE INITIALLY DEFERRED;


--
-- Name: SCHEMA public; Type: ACL; Schema: -; Owner: pg_database_owner
--

GRANT ALL ON SCHEMA public TO cloudsqlsuperuser;


--
-- Name: FUNCTION pg_replication_origin_advance(text, pg_lsn); Type: ACL; Schema: pg_catalog; Owner: cloudsqladmin
--

GRANT ALL ON FUNCTION pg_catalog.pg_replication_origin_advance(text, pg_lsn) TO cloudsqlsuperuser;


--
-- Name: FUNCTION pg_replication_origin_create(text); Type: ACL; Schema: pg_catalog; Owner: cloudsqladmin
--

GRANT ALL ON FUNCTION pg_catalog.pg_replication_origin_create(text) TO cloudsqlsuperuser;


--
-- Name: FUNCTION pg_replication_origin_drop(text); Type: ACL; Schema: pg_catalog; Owner: cloudsqladmin
--

GRANT ALL ON FUNCTION pg_catalog.pg_replication_origin_drop(text) TO cloudsqlsuperuser;


--
-- Name: FUNCTION pg_replication_origin_oid(text); Type: ACL; Schema: pg_catalog; Owner: cloudsqladmin
--

GRANT ALL ON FUNCTION pg_catalog.pg_replication_origin_oid(text) TO cloudsqlsuperuser;


--
-- Name: FUNCTION pg_replication_origin_progress(text, boolean); Type: ACL; Schema: pg_catalog; Owner: cloudsqladmin
--

GRANT ALL ON FUNCTION pg_catalog.pg_replication_origin_progress(text, boolean) TO cloudsqlsuperuser;


--
-- Name: FUNCTION pg_replication_origin_session_is_setup(); Type: ACL; Schema: pg_catalog; Owner: cloudsqladmin
--

GRANT ALL ON FUNCTION pg_catalog.pg_replication_origin_session_is_setup() TO cloudsqlsuperuser;


--
-- Name: FUNCTION pg_replication_origin_session_progress(boolean); Type: ACL; Schema: pg_catalog; Owner: cloudsqladmin
--

GRANT ALL ON FUNCTION pg_catalog.pg_replication_origin_session_progress(boolean) TO cloudsqlsuperuser;


--
-- Name: FUNCTION pg_replication_origin_session_reset(); Type: ACL; Schema: pg_catalog; Owner: cloudsqladmin
--

GRANT ALL ON FUNCTION pg_catalog.pg_replication_origin_session_reset() TO cloudsqlsuperuser;


--
-- Name: FUNCTION pg_replication_origin_session_setup(text); Type: ACL; Schema: pg_catalog; Owner: cloudsqladmin
--

GRANT ALL ON FUNCTION pg_catalog.pg_replication_origin_session_setup(text) TO cloudsqlsuperuser;


--
-- Name: FUNCTION pg_replication_origin_xact_reset(); Type: ACL; Schema: pg_catalog; Owner: cloudsqladmin
--

GRANT ALL ON FUNCTION pg_catalog.pg_replication_origin_xact_reset() TO cloudsqlsuperuser;


--
-- Name: FUNCTION pg_replication_origin_xact_setup(pg_lsn, timestamp with time zone); Type: ACL; Schema: pg_catalog; Owner: cloudsqladmin
--

GRANT ALL ON FUNCTION pg_catalog.pg_replication_origin_xact_setup(pg_lsn, timestamp with time zone) TO cloudsqlsuperuser;


--
-- Name: FUNCTION pg_show_replication_origin_status(OUT local_id oid, OUT external_id text, OUT remote_lsn pg_lsn, OUT local_lsn pg_lsn); Type: ACL; Schema: pg_catalog; Owner: cloudsqladmin
--

GRANT ALL ON FUNCTION pg_catalog.pg_show_replication_origin_status(OUT local_id oid, OUT external_id text, OUT remote_lsn pg_lsn, OUT local_lsn pg_lsn) TO cloudsqlsuperuser;


--
-- PostgreSQL database dump complete
--

